{
    "knob_name": "aliased-check-limit",
    "original_val": 10,
    "y_min": -26.539515551134446,
    "y_max": 54.004780435317315,
    "knob_values": [
        5,
        6,
        7,
        8,
        9,
        10,
        11,
        12,
        13,
        14,
        15,
        30,
        120
    ],
    "stats": [
        "compile-time (seconds)",
        "Number of insts scanned while updating ibt (ipt)",
        "Number of MayAlias results (aa)",
        "Number of NoAlias results (aa)"
    ],
    "stats_val": {
        "compile-time (seconds)": [
            54.004780435317315,
            43.256766174877825,
            22.13104322428909,
            9.067736179485129,
            4.898913658206345,
            0.0,
            3.54399509124315,
            5.0268735407314376,
            -10.412222265468248,
            -15.760979763221245,
            -13.497397108063552,
            -20.347999922432546,
            -26.539515551134446
        ],
        "Number of insts scanned while updating ibt (ipt)": [
            -0.005603773647100707,
            -0.01763540530116987,
            -0.029996670699186136,
            -0.06922308622889108,
            -0.0036259711834181045,
            0.0,
            -0.013679800373804665,
            -0.050269145951932805,
            -0.05702663770284837,
            -0.08257325285874864,
            -0.06691565002126137,
            -0.02538179828392673,
            -0.07021198746073239
        ],
        "Number of MayAlias results (aa)": [
            -0.07744110300425926,
            -0.05314585500292302,
            -0.03188751300175381,
            -0.013666077000751634,
            -0.00303690600016703,
            0.0,
            0.001518453000083515,
            0.001518453000083515,
            0.001518453000083515,
            0.001518453000083515,
            0.001518453000083515,
            0.001518453000083515,
            0.001518453000083515
        ],
        "Number of NoAlias results (aa)": [
            -0.037052890660531315,
            -0.027823109232456726,
            -0.01886085770084807,
            -0.011370020599802027,
            -0.004548008239920812,
            0.0,
            0.0030765938093581953,
            0.005751892774017497,
            0.008025896893977902,
            0.009898606169239413,
            0.011370020599802027,
            0.013376494823296503,
            0.013376494823296503
        ]
    }
}