{
    "knob_name": "debugify-func-limit",
    "original_val": 4294967295,
    "y_min": -0.14038325287110115,
    "y_max": 13.85222266198711,
    "knob_values": [
        0,
        214748365,
        429496725,
        858993455,
        1288490185,
        1717986915,
        2147483645,
        2576980375,
        3006477105,
        3435973835,
        3865470565,
        4080218930,
        4294967295
    ],
    "stats": [
        "Number of insts scanned while updating ibt (ipt)",
        "compile-time (instructions)",
        "bitcode-size (bytes)"
    ],
    "stats_val": {
        "Number of insts scanned while updating ibt (ipt)": [
            -0.03970934734968941,
            -0.015158755004860688,
            -0.08848099388706727,
            -0.05453856420227052,
            -0.09358883524740078,
            -0.07694715855728197,
            -0.09523652600879867,
            -0.14038325287110115,
            -0.07958346377551861,
            -0.07233362442536785,
            -0.10990097378523998,
            0.01927798190835544,
            0.0
        ],
        "compile-time (instructions)": [
            13.85222266198711,
            2.1503444825961666,
            1.19380996177876,
            1.3162489215260678,
            1.8499072006041413,
            2.7288819387596317,
            1.153012161549599,
            3.2841066648933706,
            0.7250946216319221,
            1.5069277422482574,
            0.3167827154382567,
            2.1149476524947737,
            0.0
        ],
        "bitcode-size (bytes)": [
            0.0,
            0.0,
            0.0,
            0.0,
            0.0,
            0.0,
            0.0,
            0.0,
            0.0,
            0.0,
            0.0,
            0.0,
            0.0
        ]
    }
}