{
    "knob_name": "debugify-func-limit",
    "original_val": 4294967295,
    "y_min": 0,
    "y_max": 109.51897701241681,
    "knob_values": [
        0,
        214748365,
        429496725,
        858993455,
        1288490185,
        1717986915,
        2147483645,
        2576980375,
        3006477105,
        3435973835,
        3865470565,
        4080218930,
        4294967295
    ],
    "stats": [
        "compile-time (seconds)",
        "Number of insts scanned while updating ibt (ipt)"
    ],
    "stats_val": {
        "compile-time (seconds)": [
            109.51897701241681,
            99.39240376560295,
            51.21156596251771,
            46.04800932981802,
            42.59901988520407,
            37.629006394926805,
            40.59903014188981,
            22.447042923694035,
            22.726253523502038,
            8.52072429611934,
            7.798739398104088,
            0.9054584509607064,
            0.0
        ],
        "Number of insts scanned while updating ibt (ipt)": [
            0.04785707566863761,
            0.06006888118408307,
            0.07063044271095482,
            0.02838419660346782,
            0.08135702863668393,
            0.11469195720587289,
            0.16089878888593678,
            0.0838323946195445,
            0.10165502969614057,
            0.04835214886520972,
            0.08185210183325606,
            0.15578303252135828,
            0.0
        ]
    }
}