{
    "knob_name": "dse-memoryssa-otherbb-cost",
    "original_val": 5,
    "y_min": -43.58974358974359,
    "y_max": 22.457262099039568,
    "knob_values": [
        0,
        1,
        2,
        3,
        4,
        5,
        6,
        7,
        8,
        9,
        10,
        15,
        60
    ],
    "stats": [
        "Number of MayAlias results (aa)",
        "Number of insts combined (instcombine)",
        "Number of redundant instructions removed (instsimplify)",
        "Number of insts scanned while updating ibt (ipt)",
        "Number of blocks simplified (simplifycfg)",
        "compile-time (instructions)",
        "bitcode-size (bytes)",
        "Number of NoAlias results (aa)",
        "Number of stores remaining after DSE (dse)",
        "Number of arguments with unsolved size and offset (memory-builtins)",
        "Number of pointers maybe captured (capture-tracking)",
        "Number of instructions sunk (instcombine)",
        "Number of pointers maybe captured before (capture-tracking)",
        "Number of pointers not captured before (capture-tracking)",
        "Number of common instructions hoisted up to the begin block (simplifycfg)",
        "Number of load instructions with unsolved size and offset (memory-builtins)",
        "Number of MustAlias results (aa)",
        "Number of other instrs removed (dse)",
        "Number of stores deleted (dse)",
        "Number of stores modified (dse)"
    ],
    "stats_val": {
        "Number of MayAlias results (aa)": [
            6.927941812881038,
            6.059386696833266,
            4.928898438271089,
            2.995907769164775,
            1.33927554607366,
            0.0,
            -1.0234373220562891,
            -1.8654195106025981,
            -2.6216091046441887,
            -3.349707318184234,
            -4.00036442872002,
            -6.404075527852224,
            -13.410976896737603
        ],
        "Number of insts combined (instcombine)": [
            -0.004387247733255338,
            -0.004387247733255338,
            -0.004387247733255338,
            -0.004387247733255338,
            0.0,
            0.0,
            0.0,
            0.0,
            0.001949887881446817,
            0.001949887881446817,
            0.001949887881446817,
            0.001949887881446817,
            0.001949887881446817
        ],
        "Number of redundant instructions removed (instsimplify)": [
            -0.04852798447104497,
            -0.04852798447104497,
            -0.04852798447104497,
            -0.04852798447104497,
            0.0,
            0.0,
            0.0,
            0.0,
            0.06470397929472663,
            0.06470397929472663,
            0.06470397929472663,
            0.06470397929472663,
            0.06470397929472663
        ],
        "Number of insts scanned while updating ibt (ipt)": [
            0.0194575306414884,
            -0.014345806489910939,
            0.030175661927054048,
            -0.02160115689860153,
            0.008244716373512035,
            0.0,
            -0.026877775377649234,
            -0.008574505028452516,
            0.0004946829824107221,
            0.01401601783497046,
            -0.041388476195030416,
            0.06612262531556652,
            0.0008244716373512034
        ],
        "Number of blocks simplified (simplifycfg)": [
            0.010733836631006476,
            0.010733836631006476,
            0.010733836631006476,
            0.010733836631006476,
            0.0,
            0.0,
            0.0,
            0.0,
            -0.0047705940582251005,
            -0.0047705940582251005,
            -0.0047705940582251005,
            -0.009541188116450201,
            -0.0286235643493506
        ],
        "compile-time (instructions)": [
            3.89702706041483,
            9.270707942646556,
            -1.2138631634970423,
            -1.1726182354749957,
            0.07471325041456436,
            0.0,
            1.440320973809679,
            -0.7952196930179218,
            -0.07074555089760313,
            -0.3871241384464071,
            -1.0935930198170596,
            -2.1541650947863125,
            -1.1976520767349386
        ],
        "bitcode-size (bytes)": [
            -0.0022097631479180923,
            -0.0022097631479180923,
            -0.0005524407869795231,
            -0.0005524407869795231,
            -0.0033146447218771386,
            0.0,
            0.0,
            0.0016573223609385693,
            0.004937439533629488,
            0.009909406616445196,
            0.010427319854238499,
            0.020474836667428574,
            0.04809687601640473
        ],
        "Number of NoAlias results (aa)": [
            22.457262099039568,
            13.731908290751491,
            8.009845100189947,
            4.196340191016346,
            1.7965970197169536,
            0.0,
            -1.158939511490409,
            -2.156558495411862,
            -2.8974825436742555,
            -3.598945932207924,
            -4.057759704646995,
            -6.003638406591937,
            -10.81703630380695
        ],
        "Number of stores remaining after DSE (dse)": [
            -0.08327902092838003,
            -0.08327902092838003,
            -0.06879571294083568,
            -0.054312404953291336,
            -0.03982909696574698,
            0.0,
            0.018104134984430444,
            0.07965819393149395,
            0.10500398290969658,
            0.21724961981316535,
            0.24621623578825405,
            0.3801868346730393,
            0.8617568252588892
        ],
        "Number of arguments with unsolved size and offset (memory-builtins)": [
            0.6838506049447659,
            0.6487813431527266,
            0.4208311415044713,
            0.2980887252323339,
            0.2630194634402946,
            0.0,
            -0.14027704716815712,
            -0.2630194634402946,
            -0.33315798702437316,
            -0.5435735577766088,
            -1.1046817464492371,
            -2.0690864457303175,
            -9.591443100122742
        ],
        "Number of pointers maybe captured (capture-tracking)": [
            -0.04169562195969423,
            -0.04169562195969423,
            -0.04169562195969423,
            -0.04169562195969423,
            -0.04169562195969423,
            0.0,
            0.0,
            0.04169562195969423,
            0.04169562195969423,
            0.04169562195969423,
            0.04169562195969423,
            0.04169562195969423,
            0.02779708130646282
        ],
        "Number of instructions sunk (instcombine)": [
            0.0,
            0.0,
            0.0,
            0.0,
            0.0,
            0.0,
            -0.06451612903225806,
            -0.06451612903225806,
            -0.06451612903225806,
            -0.06451612903225806,
            -0.06451612903225806,
            -0.06451612903225806,
            -0.06451612903225806
        ],
        "Number of pointers maybe captured before (capture-tracking)": [
            1.1582060128141942,
            1.1582060128141942,
            0.46821094135041896,
            0.02464268112370626,
            0.0,
            0.0,
            0.0,
            0.0,
            0.0,
            0.0,
            -0.34499753573188763,
            -1.330704780680138,
            -7.072449482503697
        ],
        "Number of pointers not captured before (capture-tracking)": [
            0.07861635220125787,
            0.07861635220125787,
            0.07861635220125787,
            0.07861635220125787,
            0.07861635220125787,
            0.0,
            0.0,
            -0.15723270440251574,
            -0.15723270440251574,
            -0.15723270440251574,
            -0.15723270440251574,
            -0.7861635220125787,
            -2.9874213836477987
        ],