{
    "knob_name": "expand-fp-convert-bits",
    "original_val": 8388608,
    "y_min": -0.829851776902487,
    "y_max": 5.076947205688165,
    "knob_values": [
        0,
        419430,
        838859,
        1677720,
        2516581,
        3355442,
        4194303,
        5033164,
        5872025,
        6710886,
        7549747,
        7969178,
        8388608
    ],
    "stats": [
        "Number of insts scanned while updating ibt (ipt)",
        "compile-time (instructions)",
        "bitcode-size (bytes)"
    ],
    "stats_val": {
        "Number of insts scanned while updating ibt (ipt)": [
            -0.028522579826127676,
            -0.040228378483093366,
            -0.048471898664055116,
            -0.09513022288829866,
            0.014673465922111925,
            -0.007584038566484814,
            -0.026709005386316088,
            -0.015332947536588865,
            -0.047482676242339705,
            -0.01780600359087739,
            -0.03857967444690101,
            -0.10057094620773341,
            0.0
        ],
        "compile-time (instructions)": [
            -0.621013068403217,
            5.076947205688165,
            -0.829851776902487,
            0.6362683097419173,
            0.5043401055089823,
            1.4016399154606543,
            0.10249672605067771,
            3.0784638604836285,
            1.5921948388327878,
            2.6667494923857977,
            0.21509721409590155,
            1.7050853316327603,
            0.0
        ],
        "bitcode-size (bytes)": [
            0.0,
            0.0,
            0.0,
            0.0,
            0.0,
            0.0,
            0.0,
            0.0,
            0.0,
            0.0,
            0.0,
            0.0,
            0.0
        ]
    }
}