{
    "knob_name": "hot-new-hint-value",
    "original_val": 254,
    "y_min": -0.9653723394150554,
    "y_max": 10.745971929660621,
    "knob_values": [
        1,
        25,
        50,
        75,
        100,
        125,
        128,
        150,
        175,
        200,
        225,
        250,
        254
    ],
    "stats": [
        "Number of insts scanned while updating ibt (ipt)",
        "compile-time (instructions)",
        "bitcode-size (bytes)"
    ],
    "stats_val": {
        "Number of insts scanned while updating ibt (ipt)": [
            0.010884048602224304,
            -0.004122745682660721,
            -0.02011899893138432,
            -0.01137877808414359,
            -0.02292246599559361,
            0.008080581538015013,
            -0.03875380941701078,
            -0.042216915790445786,
            -0.03924853889893007,
            -0.035455612870882204,
            -0.016490982730642884,
            -0.059037718175701526,
            0.0
        ],
        "compile-time (instructions)": [
            10.745971929660621,
            2.783144965913726,
            1.755139467291517,
            0.020882369976366645,
            0.6040064606152079,
            1.2251857503718429,
            1.8382289997788321,
            0.9574704351806135,
            -0.9653723394150554,
            1.3042584142671974,
            1.935401624833464,
            -0.0424072579582247,
            0.0
        ],
        "bitcode-size (bytes)": [
            0.0,
            0.0,
            0.0,
            0.0,
            0.0,
            0.0,
            0.0,
            0.0,
            0.0,
            0.0,
            0.0,
            0.0,
            0.0
        ]
    }
}