{
    "knob_name": "instcombine-maxarray-size",
    "original_val": 1024,
    "y_min": -32.489982703495244,
    "y_max": 38.45637238363309,
    "knob_values": [
        514,
        616,
        718,
        820,
        922,
        1024,
        1126,
        1228,
        1330,
        1432,
        1534,
        2048,
        11264
    ],
    "stats": [
        "Number of insts combined (instcombine)",
        "Number of blocks simplified (simplifycfg)",
        "compile-time (seconds)",
        "bitcode-size (bytes)",
        "Number of insts scanned while updating ibt (ipt)",
        "Number of MayAlias results (aa)",
        "Number of fully cached non-local ptr responses (memdep)",
        "Number of uncached non-local ptr responses (memdep)"
    ],
    "stats_val": {
        "Number of insts combined (instcombine)": [
            0.0,
            0.0,
            0.0,
            0.0,
            0.0,
            0.0,
            0.0,
            0.0,
            0.0,
            0.0,
            0.0,
            0.0,
            0.002437359851808521
        ],
        "Number of blocks simplified (simplifycfg)": [
            0.0,
            0.0,
            0.0,
            0.0,
            0.0,
            0.0,
            0.0,
            0.0,
            0.0,
            0.0,
            0.0,
            0.0,
            -0.005963242572781376
        ],
        "compile-time (seconds)": [
            38.45637238363309,
            38.374303187129925,
            13.325301113773493,
            0.7121581800388838,
            -6.377739367184522,
            0.0,
            0.6072090789278124,
            1.9685521525952556,
            -12.734991778072006,
            -17.453561737439106,
            -21.002224836965333,
            -26.778788602776437,
            -32.489982703495244
        ],
        "bitcode-size (bytes)": [
            0.0,
            0.0,
            0.0,
            0.0,
            0.0,
            0.0,
            0.0,
            0.0,
            0.0,
            0.0,
            0.0,
            0.0,
            0.0006067403022877265
        ],
        "Number of insts scanned while updating ibt (ipt)": [
            -0.015336285155960125,
            -0.020448380207946835,
            -0.013357409651965269,
            -0.012532878191967415,
            -0.020118567623947693,
            0.0,
            0.10455058912772817,
            -0.04518432400788252,
            -0.019623848747948976,
            0.07239386218781177,
            -0.010059283811973846,
            0.029023507391924542,
            0.00791550201597942
        ],
        "Number of MayAlias results (aa)": [
            0.0,
            0.0,
            0.0,
            0.0,
            0.0,
            0.0,
            0.0,
            0.0,
            0.0,
            0.0,
            0.0,
            0.0,
            0.00303690600016703
        ],
        "Number of fully cached non-local ptr responses (memdep)": [
            0.0,
            0.0,
            0.0,
            0.0,
            0.0,
            0.0,
            0.0,
            0.0,
            0.0,
            0.0,
            0.0,
            0.0,
            0.0005207289163370887
        ],
        "Number of uncached non-local ptr responses (memdep)": [
            0.0,
            0.0,
            0.0,
            0.0,
            0.0,
            0.0,
            0.0,
            0.0,
            0.0,
            0.0,
            0.0,
            0.0,
            0.0007483321547101896
        ]
    }
}