{
    "knob_name": "licm-mssa-optimization-cap",
    "original_val": 100,
    "y_min": -26.36199017871272,
    "y_max": 38.99544767471389,
    "knob_values": [
        50,
        60,
        70,
        80,
        90,
        100,
        110,
        120,
        130,
        140,
        150,
        300,
        1200
    ],
    "stats": [
        "compile-time (seconds)",
        "Number of insts scanned while updating ibt (ipt)",
        "Number of MayAlias results (aa)",
        "Number of NoAlias results (aa)",
        "Number of pointers maybe captured (capture-tracking)",
        "Number of MustAlias results (aa)"
    ],
    "stats_val": {
        "compile-time (seconds)": [
            37.85955286666861,
            38.99544767471389,
            27.207535929539777,
            4.141374364765352,
            5.262295778667644,
            0.0,
            0.16747540467784608,
            -2.2739069283967863,
            -9.515758883082786,
            -15.007419283259027,
            -15.131888922818163,
            -26.15446023512737,
            -26.36199017871272
        ],
        "Number of insts scanned while updating ibt (ipt)": [
            -0.09165419334419117,
            -0.03214490593905985,
            -0.0974237918460737,
            -0.0070883638737414024,
            -0.053574843231766416,
            0.0,
            -0.01219857968969451,
            -0.009725894617459135,
            -0.019946326249365345,
            -0.0532451518888017,
            -0.04253018324244842,
            -0.1089629888498388,
            -0.02439715937938902
        ],
        "Number of MayAlias results (aa)": [
            -0.2710438605149074,
            -0.14045690250772513,
            -0.0819964620045098,
            -0.055423534503048294,
            -0.0356836455019626,
            0.0,
            0.02960983350162854,
            0.03188751300175381,
            0.03340596600183733,
            0.04251668400233842,
            0.05314585500292302,
            0.07895955600434278,
            0.07895955600434278
        ],
        "Number of NoAlias results (aa)": [
            -1.6935980095775702,
            -0.960432328312689,
            -0.6916985473126622,
            -0.4582787126461382,
            -0.27288049439524864,
            0.0,
            0.18767222237084993,
            0.39781695604483797,
            0.5940501351025977,
            0.7910859038497552,
            1.0476470745605821,
            4.192728537414056,
            6.5356216057144385
        ],
        "Number of pointers maybe captured (capture-tracking)": [
            -0.11118832522585129,
            -0.006949270326615705,
            -0.006949270326615705,
            -0.006949270326615705,
            0.0,
            0.0,
            0.0,
            0.0,
            0.0,
            0.0,
            0.0,
            0.0,
            0.0
        ],
        "Number of MustAlias results (aa)": [
            -0.5176510522742702,
            -0.5119936637248247,
            -0.4016745870106359,
            -0.26872595609866484,
            -0.11880515953835709,
            0.0,
            0.11880515953835709,
            0.23761031907671418,
            0.36207286716451687,
            0.4978501923512107,
            0.6109979633401221,
            2.336501470921023,
            3.6094138945462775
        ]
    }
}