{
    "knob_name": "licm-max-num-int-reassociations",
    "original_val": 5,
    "y_min": -100.0,
    "y_max": 8.865555716420873,
    "knob_values": [
        0,
        1,
        2,
        3,
        4,
        5,
        6,
        7,
        8,
        9,
        10,
        15,
        60
    ],
    "stats": [
        "Negator: Number of negations attempted to be sinked (instcombine)",
        "Number of insts combined (instcombine)",
        "Number of dead inst eliminated (instcombine)",
        "Number of insts scanned while updating ibt (ipt)",
        "compile-time (instructions)",
        "Number of instructions hoisted out of loop (licm)",
        "Number of invariant int expressions reassociated and hoisted out of the loop (licm)",
        "bitcode-size (bytes)"
    ],
    "stats_val": {
        "Negator: Number of negations attempted to be sinked (instcombine)": [
            -0.02671511006625347,
            0.0,
            0.0,
            0.0,
            0.0,
            0.0,
            0.0,
            0.0,
            0.0,
            0.0,
            0.0,
            0.0,
            0.0
        ],
        "Number of insts combined (instcombine)": [
            -0.004874719703617042,
            0.0,
            0.0,
            0.0,
            0.0,
            0.0,
            0.0,
            0.0,
            0.0,
            0.0,
            0.0,
            0.0,
            0.0
        ],
        "Number of dead inst eliminated (instcombine)": [
            -0.011004974248360258,
            0.0,
            0.0,
            0.0,
            0.0,
            0.0,
            0.0,
            0.0,
            0.0,
            0.0,
            0.0,
            0.0,
            0.0
        ],
        "Number of insts scanned while updating ibt (ipt)": [
            0.04716242177386773,
            0.06596142905436046,
            0.015171128682502907,
            -0.030342257365005815,
            -0.0036278785979898254,
            0.0,
            -0.04980087893604215,
            -0.008245178631795058,
            0.0003298071452718023,
            -0.05276914324348837,
            0.015336032255138809,
            0.04402925389378561,
            0.02160236801530305
        ],
        "compile-time (instructions)": [
            4.556278085994663,
            8.865555716420873,
            -2.698593423177427,
            -0.748739826948819,
            -0.8571355457832445,
            0.0,
            0.08257393489539626,
            0.6460664659663726,
            2.8956814976110534,
            -0.41030818426201504,
            -2.244267147824228,
            -2.267223431375634,
            -1.485156960454963
        ],
        "Number of instructions hoisted out of loop (licm)": [
            -0.05805178218971323,
            0.0,
            0.0,
            0.0,
            0.0,
            0.0,
            0.0,
            0.0,
            0.0,
            0.0,
            0.0,
            0.0,
            0.0
        ],
        "Number of invariant int expressions reassociated and hoisted out of the loop (licm)": [
            -100.0,
            0.0,
            0.0,
            0.0,
            0.0,
            0.0,
            0.0,
            0.0,
            0.0,
            0.0,
            0.0,
            0.0,
            0.0
        ],
        "bitcode-size (bytes)": [
            0.0,
            0.0,
            0.0,
            0.0,
            0.0,
            0.0,
            0.0,
            0.0,
            0.0,
            0.0,
            0.0,
            0.0,
            0.0
        ]
    }
}