{
    "knob_name": "max-jump-table-size",
    "original_val": 4294967295,
    "y_min": -1.783098197352125,
    "y_max": 5.191325419097877,
    "knob_values": [
        0,
        214748365,
        429496725,
        858993455,
        1288490185,
        1717986915,
        2147483645,
        2576980375,
        3006477105,
        3435973835,
        3865470565,
        4080218930,
        4294967295
    ],
    "stats": [
        "Number of insts scanned while updating ibt (ipt)",
        "compile-time (instructions)",
        "bitcode-size (bytes)"
    ],
    "stats_val": {
        "Number of insts scanned while updating ibt (ipt)": [
            0.0,
            0.020944687882920844,
            0.026881764763118876,
            0.0319942476321783,
            -0.05095990988836646,
            0.0405700253480199,
            0.03760148690792089,
            0.029190627994307,
            0.06959573454009918,
            0.054093367130693196,
            -0.03892083732574267,
            -0.026716845960891154,
            0.0
        ],
        "compile-time (instructions)": [
            5.191325419097877,
            1.2061003504632648,
            -1.783098197352125,
            -1.4694869303731928,
            -1.420773702756305,
            0.40071342123149684,
            0.05634023334004545,
            -1.4419356932618128,
            2.1176149997779388,
            -0.24023439060086374,
            -0.6999358932706489,
            -1.616117181544341,
            0.0
        ],
        "bitcode-size (bytes)": [
            0.0,
            0.0,
            0.0,
            0.0,
            0.0,
            0.0,
            0.0,
            0.0,
            0.0,
            0.0,
            0.0,
            0.0,
            0.0
        ]
    }
}