{
    "knob_name": "min-jump-table-entries",
    "original_val": 4,
    "y_min": -25.10793921285111,
    "y_max": 53.432145152405106,
    "knob_values": [
        0,
        1,
        2,
        3,
        4,
        5,
        6,
        7,
        8,
        9,
        10,
        12,
        48
    ],
    "stats": [
        "Number of functions inlined (inline)",
        "Number of call sites analyzed (inline-cost)",
        "Number of instruction combining iterations performed (instcombine)",
        "compile-time (seconds)",
        "bitcode-size (bytes)",
        "Number of functions without address taken (globalsmodref-aa)",
        "Number of functions deleted because all callers found (inline)",
        "Number of insts scanned while updating ibt (ipt)",
        "Number of NoAlias results (aa)",
        "Number of stores remaining after DSE (dse)",
        "Number of block queries that were completely cached (memdep)",
        "Number of fully cached non-local ptr responses (memdep)",
        "Number of uncached non-local ptr responses (memdep)"
    ],
    "stats_val": {
        "Number of functions inlined (inline)": [
            -0.05585700606447494,
            -0.05585700606447494,
            -0.05585700606447494,
            0.0,
            0.0,
            0.0,
            0.0,
            0.0,
            0.0,
            0.0,
            0.0,
            0.0,
            0.0
        ],
        "Number of call sites analyzed (inline-cost)": [
            -0.03579098067287043,
            -0.03579098067287043,
            -0.03579098067287043,
            0.0,
            0.0,
            0.0,
            0.0,
            0.0,
            0.0,
            0.0,
            0.0,
            0.0,
            0.0
        ],
        "Number of instruction combining iterations performed (instcombine)": [
            0.0061955309570030145,
            0.0061955309570030145,
            0.0061955309570030145,
            0.0,
            0.0,
            0.0,
            0.0,
            0.0,
            0.0,
            0.0,
            0.0,
            0.0,
            0.0
        ],
        "compile-time (seconds)": [
            53.432145152405106,
            49.76253312518239,
            13.123819438206993,
            4.8771076785472385,
            0.0,
            4.167355453373648,
            8.237292392842575,
            4.39058783327972,
            -6.758184657206188,
            -9.817336781184974,
            -13.1051231547668,
            -20.680766926974616,
            -25.10793921285111
        ],
        "bitcode-size (bytes)": [
            -0.002596848493791469,
            -0.002596848493791469,
            -0.002596848493791469,
            0.0,
            0.0,
            0.0,
            0.0,
            0.0,
            0.0,
            0.0,
            0.0,
            0.0,
            0.0
        ],
        "Number of functions without address taken (globalsmodref-aa)": [
            0.02727024815925825,
            0.02727024815925825,
            0.02727024815925825,
            0.0,
            0.0,
            0.0,
            0.0,
            0.0,
            0.0,
            0.0,
            0.0,
            0.0,
            0.0
        ],
        "Number of functions deleted because all callers found (inline)": [
            -0.045413260672116255,
            -0.045413260672116255,
            -0.045413260672116255,
            0.0,
            0.0,
            0.0,
            0.0,
            0.0,
            0.0,
            0.0,
            0.0,
            0.0,
            0.0
        ],
        "Number of insts scanned while updating ibt (ipt)": [
            -0.03230831362141579,
            -0.156926094732591,
            -0.04912182377133626,
            0.0032967666960628367,
            0.0,
            -0.03923152368314775,
            -0.04055023036157289,
            -0.048627308766926836,
            -0.007912240070550807,
            -0.01186836010582621,
            -0.10945265430928616,
            -0.0835730357451929,
            -0.044176673727242
        ],
        "Number of NoAlias results (aa)": [
            -0.0037454185505230208,
            -0.0037454185505230208,
            -0.0037454185505230208,
            0.0,
            0.0,
            0.0,
            0.0,
            0.0,
            0.0,
            0.0,
            0.0,
            0.0,
            0.0
        ],
        "Number of stores remaining after DSE (dse)": [
            -0.025345788978202624,
            -0.025345788978202624,
            -0.025345788978202624,
            0.0,
            0.0,
            0.0,
            0.0,
            0.0,
            0.0,
            0.0,
            0.0,
            0.0,
            0.0
        ],
        "Number of block queries that were completely cached (memdep)": [
            0.020292207792207792,
            0.020292207792207792,
            0.020292207792207792,
            0.0,
            0.0,
            0.0,
            0.0,
            0.0,
            0.0,
            0.0,
            0.0,
            0.0,
            0.0
        ],
        "Number of fully cached non-local ptr responses (memdep)": [
            -0.20100136170611624,
            -0.20100136170611624,
            -0.20100136170611624,
            0.0,
            0.0,
            0.0,
            0.0,
            0.0,
            0.0,
            0.0,
            0.0,
            0.0,
            0.0
        ],
        "Number of uncached non-local ptr responses (memdep)": [
            -0.002619162541485664,
            -0.002619162541485664,
            -0.002619162541485664,
            0.0,
            0.0,
            0.0,
            0.0,
            0.0,
            0.0,
            0.0,
            0.0,
            0.0,
            0.0
        ]
    }
}