{
    "knob_name": "notcold-new-hint-value",
    "original_val": 128,
    "y_min": -28.69165333045335,
    "y_max": 50.22554184256973,
    "knob_values": [
        1,
        25,
        50,
        75,
        100,
        125,
        128,
        150,
        175,
        200,
        225,
        250,
        254
    ],
    "stats": [
        "compile-time (seconds)",
        "Number of insts scanned while updating ibt (ipt)"
    ],
    "stats_val": {
        "compile-time (seconds)": [
            50.22554184256973,
            38.52316208835438,
            10.699727443016977,
            -0.9916407529417135,
            -1.990691070250895,
            -0.079849318986946,
            0.0,
            -2.8875686438716777,
            -9.247427420685767,
            -18.150293758499334,
            -20.297766971903005,
            -21.99340867038027,
            -28.69165333045335
        ],
        "Number of insts scanned while updating ibt (ipt)": [
            0.013690111945529847,
            0.06251267984766039,
            -0.006267762095543786,
            -0.06498679646432241,
            -0.04420421688436144,
            0.003628704371104297,
            0.0,
            0.042224923591031825,
            0.05624491775211661,
            -0.016988934101079208,
            -0.002803998832216957,
            0.06845055972764924,
            0.043709393561029035
        ]
    }
}