{
    "knob_name": "notcold-new-hint-value",
    "original_val": 128,
    "y_min": -5.664351588319946,
    "y_max": 3.9843696130163657,
    "knob_values": [
        1,
        25,
        50,
        75,
        100,
        125,
        128,
        150,
        175,
        200,
        225,
        250,
        254
    ],
    "stats": [
        "Number of insts scanned while updating ibt (ipt)",
        "compile-time (instructions)",
        "bitcode-size (bytes)"
    ],
    "stats_val": {
        "Number of insts scanned while updating ibt (ipt)": [
            -0.021429866640291447,
            0.00346174768804708,
            -0.1074790234574617,
            -0.0121985394721659,
            0.030166658424410266,
            -0.001318761024017935,
            0.0,
            0.004450818456060531,
            -0.015000906648204013,
            -0.008571946656116578,
            -0.09264296193725995,
            -0.050772299424690505,
            -0.025056459456340767
        ],
        "compile-time (instructions)": [
            2.8564914170988063,
            3.9843696130163657,
            -5.664351588319946,
            -4.012795296840409,
            -3.3844547676396837,
            -2.917336867180504,
            0.0,
            -0.7677659634043222,
            -3.154933412843753,
            -0.9716475697421666,
            -5.0107116081703245,
            -2.868541982023761,
            -4.124536610818607
        ],
        "bitcode-size (bytes)": [
            0.0,
            0.0,
            0.0,
            0.0,
            0.0,
            0.0,
            0.0,
            0.0,
            0.0,
            0.0,
            0.0,
            0.0,
            0.0
        ]
    }
}