{
    "knob_name": "openmp-opt-shared-limit",
    "original_val": 4294967295,
    "y_min": -0.09148165669159473,
    "y_max": 95.09388243396378,
    "knob_values": [
        0,
        214748365,
        429496725,
        858993455,
        1288490185,
        1717986915,
        2147483645,
        2576980375,
        3006477105,
        3435973835,
        3865470565,
        4080218930,
        4294967295
    ],
    "stats": [
        "compile-time (seconds)",
        "Number of insts scanned while updating ibt (ipt)"
    ],
    "stats_val": {
        "compile-time (seconds)": [
            95.09388243396378,
            83.27386995448205,
            72.40536470269261,
            54.331278940838715,
            42.331818496927724,
            37.32878309412408,
            43.753907761781214,
            40.23576667445977,
            18.218442270768747,
            23.29877991091655,
            22.925013613128602,
            9.769260734259387,
            0.0
        ],
        "Number of insts scanned while updating ibt (ipt)": [
            -0.05950428480300126,
            -0.09148165669159473,
            -0.0857125432065392,
            -0.061482266569306006,
            -0.045658412438868,
            -0.020933640360058615,
            -0.06543823010191552,
            0.010054740645382485,
            -0.07730612069974402,
            -0.0647789028464806,
            -0.061976762010882196,
            -0.05999878024457745,
            0.0
        ]
    }
}