{
    "knob_name": "openmp-opt-shared-limit",
    "original_val": 4294967295,
    "y_min": -1.6677986371977644,
    "y_max": 3.9535224027705063,
    "knob_values": [
        0,
        214748365,
        429496725,
        858993455,
        1288490185,
        1717986915,
        2147483645,
        2576980375,
        3006477105,
        3435973835,
        3865470565,
        4080218930,
        4294967295
    ],
    "stats": [
        "Number of insts scanned while updating ibt (ipt)",
        "compile-time (instructions)",
        "bitcode-size (bytes)"
    ],
    "stats_val": {
        "Number of insts scanned while updating ibt (ipt)": [
            0.057204748488690116,
            -0.07665766007850404,
            -0.00016485518296452482,
            0.06528265245395183,
            -0.008737324697119814,
            -0.05390764482939961,
            0.07715222562739762,
            -0.03330074695883401,
            -0.059018155501299886,
            -0.04830256860860577,
            -0.03428987805662116,
            -0.07962505337186548,
            0.0
        ],
        "compile-time (instructions)": [
            3.135429308104132,
            3.9535224027705063,
            -1.6677986371977644,
            -0.9503395634808148,
            -0.33342423890094175,
            -1.5788930950797544,
            -0.3014623359487655,
            0.30351557756666714,
            -0.9351514062897556,
            0.8816522448715012,
            -0.19846861445547193,
            -0.1891581282092054,
            0.0
        ],
        "bitcode-size (bytes)": [
            0.0,
            0.0,
            0.0,
            0.0,
            0.0,
            0.0,
            0.0,
            0.0,
            0.0,
            0.0,
            0.0,
            0.0,
            0.0
        ]
    }
}