{
    "knob_name": "slp-recursion-max-depth",
    "original_val": 12,
    "y_min": -6.239600665557404,
    "y_max": 41.930116472545755,
    "knob_values": [
        7,
        8,
        9,
        10,
        11,
        12,
        13,
        14,
        15,
        16,
        17,
        24,
        132
    ],
    "stats": [
        "Number of MayAlias results (aa)",
        "Number of insts combined (instcombine)",
        "Number of dead inst eliminated (instcombine)",
        "Number of redundant instructions removed (instsimplify)",
        "Number of insts scanned while updating ibt (ipt)",
        "Number of blocks simplified (simplifycfg)",
        "compile-time (instructions)",
        "bitcode-size (bytes)",
        "Number of NoAlias results (aa)",
        "Number of pointers maybe captured (capture-tracking)",
        "Number of instructions hoisted out of loop (licm)",
        "Number of loop exits without predictable exit counts (scalar-evolution)",
        "Number of instructions sunk (instcombine)",
        "Number of vector instructions generated (SLP)",
        "Number of MustAlias results (aa)",
        "Number of geps reassociated and hoisted out of the loop (licm)"
    ],
    "stats_val": {
        "Number of MayAlias results (aa)": [
            -0.09566253900526143,
            -0.05921966700325708,
            -0.08655182100476035,
            -0.0409982310022549,
            -0.022776795001252723,
            0.0,
            -0.009110718000501089,
            0.022776795001252723,
            0.022776795001252723,
            0.0409982310022549,
            0.0409982310022549,
            -0.08882950050488561,
            -0.08882950050488561
        ],
        "Number of insts combined (instcombine)": [
            0.0029248318221702253,
            0.0,
            0.0,
            0.0,
            0.0,
            0.0,
            0.0,
            0.0,
            0.0,
            0.0,
            0.0,
            0.08482012284293652,
            0.1740274934191284
        ],
        "Number of dead inst eliminated (instcombine)": [
            0.0066029845490161556,
            0.0,
            0.0,
            0.0,
            0.0,
            0.0,
            0.0,
            0.0,
            0.0,
            0.0,
            0.0,
            0.0,
            0.0066029845490161556
        ],
        "Number of redundant instructions removed (instsimplify)": [
            0.29116790682626986,
            0.0,
            0.0,
            0.0,
            0.0,
            0.0,
            0.0,
            0.0,
            0.0,
            0.0,
            0.0,
            0.0,
            0.0
        ],
        "Number of insts scanned while updating ibt (ipt)": [
            0.04915488241591299,
            0.008907260572011078,
            0.021773303620471522,
            0.05690749809895967,
            0.006927869333786394,
            0.0,
            0.008907260572011078,
            0.0682889977187516,
            0.003793833206597311,
            -0.00824746349260285,
            0.08511382324366142,
            -0.07587666413194621,
            -0.1675884581696899
        ],
        "Number of blocks simplified (simplifycfg)": [
            -0.003577945543668825,
            0.0,
            0.0,
            0.0,
            0.0,
            0.0,
            0.0,
            0.0,
            0.0,
            0.0,
            0.0,
            0.0,
            0.0
        ],
        "compile-time (instructions)": [
            5.971566927195581,
            5.489749139161862,
            -1.670048405204835,
            0.49541306117692224,
            -0.07556754173262072,
            0.0,
            0.1549722015176651,
            1.4345742654311802,
            1.010330219714714,
            3.826906590482341,
            -0.5586207886284641,
            0.5657411788196987,
            4.46327462144764
        ],
        "bitcode-size (bytes)": [
            0.013776492125301857,
            0.0,
            0.0,
            0.0,
            0.0,
            0.0,
            0.0,
            0.0,
            0.0,
            0.0,
            0.0,
            0.0016573223609385693,
            0.033146447218771385
        ],
        "Number of NoAlias results (aa)": [
            -0.016453088632654697,
            0.0,
            0.0,
            0.0,
            0.0,
            0.0,
            0.0,
            0.0,
            0.0,
            0.0,
            0.0,
            -0.020466037079643652,
            -0.020466037079643652
        ],
        "Number of pointers maybe captured (capture-tracking)": [
            0.08339124391938846,
            0.0,
            0.0,
            0.0,
            0.0,
            0.0,
            0.0,
            0.0,
            0.0,
            0.0,
            0.0,
            0.0,
            0.0
        ],
        "Number of instructions hoisted out of loop (licm)": [
            -0.034831069313827935,
            0.0,
            0.0,
            0.0,
            0.0,
            0.0,
            0.0,
            0.0,
            0.0,
            0.0,
            0.0,
            0.0,
            0.0
        ],
        "Number of loop exits without predictable exit counts (scalar-evolution)": [
            0.0,
            0.0,
            0.0,
            0.0,
            0.0,
            0.0,
            0.0,
            0.0,
            0.0,
            0.0,
            0.0,
            0.014864730948369834,
            0.014864730948369834
        ],
        "Number of instructions sunk (instcombine)": [
            0.25806451612903225,
            0.0,
            0.0,
            0.0,
            0.0,
            0.0,
            0.0,
            0.0,
            0.0,
            0.0,
            0.0,
            0.0,
            0.0
        ],
        "Number of vector instructions generated (SLP)": [
            -6.239600665557404,
            0.0,
            0.0,
            0.0,
            0.0,
            0.0,
            0.0,
            0.0,
            0.0,
            0.0,
            0.0,
            20.965058236272878,
            41.930116472545755
        ],
        "Number of MustAlias results (aa)": [
            0.03394433129667345,
            0.0,
            0.0,
            0.0,
            0.0,
            0.0,
            0.0,
            0.0,
            0.0,
            0.0,
            0.0,
            0.0,
            0.0
        ],
        "Number of geps reassociated and hoisted out of the loop (licm)": [
            -0.7042253521126761,
            0.0,
            0.0,
            0.0,
            0.0,
            0.0,
            0.0,
            0.0,
            0.0,
            0.0,
            0.0,
            0.0,
            0.0
        ]
    }
}