{
    "knob_name": "slp-min-tree-size",
    "original_val": 3,
    "y_min": -100.0,
    "y_max": 5.0075440246557505,
    "knob_values": [
        0,
        1,
        2,
        3,
        4,
        5,
        6,
        7,
        8,
        9,
        10,
        12,
        39
    ],
    "stats": [
        "Number of MayAlias results (aa)",
        "Number of insts combined (instcombine)",
        "Number of dead inst eliminated (instcombine)",
        "Number of redundant instructions removed (instsimplify)",
        "Number of insts scanned while updating ibt (ipt)",
        "compile-time (instructions)",
        "bitcode-size (bytes)",
        "Number of NoAlias results (aa)",
        "Number of pointers maybe captured (capture-tracking)",
        "Number of instructions hoisted out of loop (licm)",
        "Number of functions removed (globaldce)",
        "Number of vector instructions generated (SLP)",
        "Number of MustAlias results (aa)",
        "Number of vector binops formed (vector-combine)",
        "Number of vector compares formed (vector-combine)"
    ],
    "stats_val": {
        "Number of MayAlias results (aa)": [
            -0.0022776795001252723,
            0.0,
            0.0,
            0.0,
            0.0,
            0.0022776795001252723,
            0.0022776795001252723,
            0.0022776795001252723,
            0.0022776795001252723,
            0.0022776795001252723,
            0.0022776795001252723,
            0.0022776795001252723,
            0.018221436001002178
        ],
        "Number of insts combined (instcombine)": [
            0.0,
            0.0,
            0.0,
            0.0,
            -0.008287023496148972,
            -0.012674271229404309,
            -0.03022326216242566,
            -0.03022326216242566,
            -0.09456956225017062,
            -0.10773130544993663,
            -0.11406844106463879,
            -0.14331675928634105,
            -0.30710734132787365
        ],
        "Number of dead inst eliminated (instcombine)": [
            0.0,
            0.0,
            0.0,
            0.0,
            -0.06602984549016155,
            -0.06602984549016155,
            -0.06602984549016155,
            -0.06602984549016155,
            -0.06602984549016155,
            -0.06602984549016155,
            -0.06602984549016155,
            -0.06602984549016155,
            -0.09244178368622617
        ],
        "Number of redundant instructions removed (instsimplify)": [
            0.0,
            0.0,
            0.0,
            0.0,
            0.0,
            0.0,
            0.0,
            0.0,
            0.09705596894208994,
            0.09705596894208994,
            0.09705596894208994,
            0.24263992235522483,
            1.0190876738919443
        ],
        "Number of insts scanned while updating ibt (ipt)": [
            -0.03806711347460462,
            -0.06459873801751087,
            -0.11502530391893517,
            0.0,
            -0.0810780079199371,
            -0.10365460768626106,
            0.018456782290717393,
            -0.05075615129947283,
            -0.009063598446334434,
            0.015820099106329193,
            -0.08008925172579154,
            0.07481588535701515,
            0.010381940038528532
        ],
        "compile-time (instructions)": [
            1.3160768472346316,
            5.0075440246557505,
            -0.6186265362108985,
            0.0,
            0.4545255820616394,
            1.1017348213034632,
            1.6186095542345298,
            2.314824564041556,
            1.9231890140337877,
            2.6046957094079297,
            -0.4736344594271567,
            -0.4461476930698139,
            0.3252639960413895
        ],
        "bitcode-size (bytes)": [
            0.0,
            0.0,
            0.0,
            0.0,
            0.009943934165631416,
            0.004971967082815708,
            -0.005800628263284992,
            -0.005179132377933029,
            0.004971967082815708,
            0.004971967082815708,
            0.005524407869795231,
            0.02012956117556637,
            0.06487726492090774
        ],
        "Number of NoAlias results (aa)": [
            -0.0032103587575911608,
            0.0,
            0.0,
            0.0,
            0.0,
            -0.0013376494823296504,
            -0.0013376494823296504,
            -0.0013376494823296504,
            -0.0013376494823296504,
            -0.0013376494823296504,
            -0.0013376494823296504,
            -0.0013376494823296504,
            0.02394392573370074
        ],
        "Number of pointers maybe captured (capture-tracking)": [
            0.0,
            0.0,
            0.0,
            0.0,
            0.0,
            0.04169562195969423,
            0.04169562195969423,
            0.04169562195969423,
            0.04169562195969423,
            0.04169562195969423,
            0.04169562195969423,
            0.04169562195969423,
            0.06254343293954136
        ],
        "Number of instructions hoisted out of loop (licm)": [
            0.0,
            0.0,
            0.0,
            0.0,
            0.0,
            0.0,
            0.0,
            0.0,
            0.0,
            0.0,
            0.0,
            -0.13932427725531174,
            -0.13932427725531174
        ],
        "Number of functions removed (globaldce)": [
            0.0,
            0.0,
            0.0,
            0.0,
            0.0,
            0.0,
            0.0,
            0.0,
            0.0,
            0.0,
            0.0,
            -8.823529411764707,
            -8.823529411764707
        ],
        "Number of vector instructions generated (SLP)": [
            0.0,
            0.0,
            0.0,
            0.0,
            -4.159733777038269,
            -6.405990016638935,
            -6.405990016638935,
            -6.905158069883527,
            -16.22296173044925,
            -18.718801996672212,
            -19.217970049916804,
            -23.960066555740433,
            -53.91014975041597
        ],
        "Number of MustAlias results (aa)": [
            -0.008486082824168363,
            0.0,
            0.0,
            0.0,
            0.0,
            0.0,
            0.0,
            0.0,
            0.0,
            0.0,
            0.0,
            0.0,
            0.008486082824168363
        ],
        "Number of vector binops formed (vector-combine)": [
            0.0,
            0.0,
            0.0,
            0.0,
            -33.33333333333333,
            -33.33333333333333,
            -38.095238095238095,
            -38.095238095238095,
            -76.19047619047619,
            -90.47619047619048,
            -90.47619047619048,
            -95.23809523809523,
            -100.0
        ],
        "Number of vector compares formed (vector-combine)": [
            0.0,
            0.0,
            0.0,
            0.0,
            -41.66666666666667,
            -41.66666666666667,
            -41.66666666666667,
            -41.66666666666667,
            -91.66666666666666,
            -91.66666666666666,
            -91.66666666666666,
            -91.66666666666666,
            -91.66666666666666
        ]
    }
}