{
    "knob_name": "slp-recursion-max-depth",
    "original_val": 12,
    "y_min": -19.134348293534508,
    "y_max": 58.87600977795822,
    "knob_values": [
        7,
        8,
        9,
        10,
        11,
        12,
        13,
        14,
        15,
        16,
        17,
        24,
        132
    ],
    "stats": [
        "Number of insts combined (instcombine)",
        "Number of dead inst eliminated (instcombine)",
        "Number of blocks simplified (simplifycfg)",
        "compile-time (seconds)",
        "bitcode-size (bytes)",
        "Number of instructions sunk (instcombine)",
        "Number of redundant instructions removed (instsimplify)",
        "Number of insts scanned while updating ibt (ipt)",
        "Number of instructions hoisted out of loop (licm)",
        "Number of loop exits without predictable exit counts (scalar-evolution)",
        "Number of MayAlias results (aa)",
        "Number of NoAlias results (aa)",
        "Number of pointers maybe captured (capture-tracking)",
        "Number of vector instructions generated (SLP)",
        "Number of MustAlias results (aa)",
        "Number of geps reassociated and hoisted out of the loop (licm)"
    ],
    "stats_val": {
        "Number of insts combined (instcombine)": [
            0.0029248318221702253,
            0.0,
            0.0,
            0.0,
            0.0,
            0.0,
            0.0,
            0.0,
            0.0,
            0.0,
            0.0,
            0.08482012284293652,
            0.1740274934191284
        ],
        "Number of dead inst eliminated (instcombine)": [
            0.0066029845490161556,
            0.0,
            0.0,
            0.0,
            0.0,
            0.0,
            0.0,
            0.0,
            0.0,
            0.0,
            0.0,
            0.0,
            0.0066029845490161556
        ],
        "Number of blocks simplified (simplifycfg)": [
            -0.003577945543668825,
            0.0,
            0.0,
            0.0,
            0.0,
            0.0,
            0.0,
            0.0,
            0.0,
            0.0,
            0.0,
            0.0,
            0.0
        ],
        "compile-time (seconds)": [
            51.9656680946451,
            58.87600977795822,
            15.926056852908296,
            5.870985411168126,
            3.207554415771537,
            0.0,
            2.7463354474821693,
            6.997534333683099,
            -10.306084675981522,
            -12.0027574349402,
            -18.392128438833762,
            -15.01856029309252,
            -19.134348293534508
        ],
        "bitcode-size (bytes)": [
            0.011212560786277186,
            0.0,
            0.0,
            0.0,
            0.0,
            0.0,
            0.0,
            0.0,
            0.0,
            0.0,
            0.0,
            -0.06766367851112726,
            -0.12688153201440935
        ],
        "Number of instructions sunk (instcombine)": [
            0.25806451612903225,
            0.0,
            0.0,
            0.0,
            0.0,
            0.0,
            0.0,
            0.0,
            0.0,
            0.0,
            0.0,
            0.0,
            0.0
        ],
        "Number of redundant instructions removed (instsimplify)": [
            0.29116790682626986,
            0.0,
            0.0,
            0.0,
            0.0,
            0.0,
            0.0,
            0.0,
            0.0,
            0.0,
            0.0,
            0.0,
            0.0
        ],
        "Number of insts scanned while updating ibt (ipt)": [
            0.06964443380890689,
            0.05099556883164035,
            0.058257073778540606,
            0.1455601673446822,
            0.033997045887760244,
            0.0,
            0.009902052200318515,
            0.10727223217011725,
            0.17147053726884895,
            0.08301220427933689,
            0.0275607119575532,
            0.02657050673752135,
            -0.08350730688935282
        ],
        "Number of instructions hoisted out of loop (licm)": [
            -0.034831069313827935,
            0.0,
            0.0,
            0.0,
            0.0,
            0.0,
            0.0,
            0.0,
            0.0,
            0.0,
            0.0,
            0.0,
            0.0
        ],
        "Number of loop exits without predictable exit counts (scalar-evolution)": [
            0.0,
            0.0,
            0.0,
            0.0,
            0.0,
            0.0,
            0.0,
            0.0,
            0.0,
            0.0,
            0.0,
            0.014864730948369834,
            0.014864730948369834
        ],
        "Number of MayAlias results (aa)": [
            -0.09566253900526143,
            -0.05921966700325708,
            -0.08655182100476035,
            -0.0409982310022549,
            -0.022776795001252723,
            0.0,
            -0.009110718000501089,
            0.022776795001252723,
            0.022776795001252723,
            0.0409982310022549,
            0.0409982310022549,
            -0.08882950050488561,
            -0.08882950050488561
        ],
        "Number of NoAlias results (aa)": [
            -0.016453088632654697,
            0.0,
            0.0,
            0.0,
            0.0,
            0.0,
            0.0,
            0.0,
            0.0,
            0.0,
            0.0,
            -0.020466037079643652,
            -0.020466037079643652
        ],
        "Number of pointers maybe captured (capture-tracking)": [
            0.08339124391938846,
            0.0,
            0.0,
            0.0,
            0.0,
            0.0,
            0.0,
            0.0,
            0.0,
            0.0,
            0.0,
            0.0,
            0.0
        ],
        "Number of vector instructions generated (SLP)": [
            -6.239600665557404,
            0.0,
            0.0,
            0.0,
            0.0,
            0.0,
            0.0,
            0.0,
            0.0,
            0.0,
            0.0,
            20.965058236272878,
            41.930116472545755
        ],
        "Number of MustAlias results (aa)": [
            0.03394433129667345,
            0.0,
            0.0,
            0.0,
            0.0,
            0.0,
            0.0,
            0.0,
            0.0,
            0.0,
            0.0,
            0.0,
            0.0
        ],
        "Number of geps reassociated and hoisted out of the loop (licm)": [
            -0.7042253521126761,
            0.0,
            0.0,
            0.0,
            0.0,
            0.0,
            0.0,
            0.0,
            0.0,
            0.0,
            0.0,
            0.0,
            0.0
        ]
    }
}