{
    "knob_name": "small-loop-cost",
    "original_val": 20,
    "y_min": -5.633802816901409,
    "y_max": 1.715852236122921,
    "knob_values": [
        10,
        12,
        14,
        16,
        18,
        20,
        22,
        24,
        26,
        28,
        30,
        60,
        240
    ],
    "stats": [
        "Number of MayAlias results (aa)",
        "Negator: Total number of values visited during attempts to sink negation (instcombine)",
        "Negator: Number of negations attempted to be sinked (instcombine)",
        "Number of insts combined (instcombine)",
        "Number of dead inst eliminated (instcombine)",
        "Number of insts scanned while updating ibt (ipt)",
        "Number of loop exits with predictable exit counts (scalar-evolution)",
        "compile-time (instructions)",
        "bitcode-size (bytes)",
        "Number of NoAlias results (aa)",
        "Number of pointers maybe captured (capture-tracking)",
        "Number of instructions hoisted out of loop (licm)",
        "Number of reassociations (instcombine)",
        "Number of geps reassociated and hoisted out of the loop (licm)"
    ],
    "stats_val": {
        "Number of MayAlias results (aa)": [
            -0.02960983350162854,
            -0.02049911550112745,
            -0.011388397500626361,
            0.0,
            0.0,
            0.0,
            0.036442872002004356,
            0.0356836455019626,
            0.0356836455019626,
            0.04023900450221315,
            0.04023900450221315,
            0.10856938950597132,
            0.19512121051073167
        ],
        "Negator: Total number of values visited during attempts to sink negation (instcombine)": [
            0.0,
            0.0,
            0.0,
            0.0,
            0.0,
            0.0,
            0.0,
            0.0,
            0.0,
            0.0,
            0.0,
            0.0,
            0.08743806470416789
        ],
        "Negator: Number of negations attempted to be sinked (instcombine)": [
            0.0,
            0.0,
            0.0,
            0.0,
            0.0,
            0.0,
            0.0,
            0.0,
            0.0,
            0.0,
            0.0,
            0.0,
            0.09617439623851251
        ],
        "Number of insts combined (instcombine)": [
            -0.03217315004387247,
            -0.02047382275519158,
            -0.008774495466510676,
            0.0,
            0.0,
            0.0,
            0.061421468265574736,
            0.07165837964317052,
            0.07165837964317052,
            0.07897045919859608,
            0.07897045919859608,
            0.26323486399532026,
            0.4036267914594911
        ],
        "Number of dead inst eliminated (instcombine)": [
            -0.08583879913721001,
            -0.052823876392129245,
            -0.013205969098032311,
            0.0,
            0.0,
            0.0,
            0.019808953647048468,
            0.06602984549016155,
            0.06602984549016155,
            0.08583879913721001,
            0.08583879913721001,
            0.5722586609147335,
            0.7109213364440727
        ],
        "Number of insts scanned while updating ibt (ipt)": [
            -0.1697252921993926,
            -0.09030044672356034,
            -0.12160899577005026,
            -0.07085618994731925,
            -0.048610641940602745,
            0.0,
            -0.01548949268615816,
            -0.04267849580547834,
            -0.00955734655103376,
            0.04333762315382549,
            -0.014336019826550637,
            -0.008898219202686602,
            0.24519537358514196
        ],
        "Number of loop exits with predictable exit counts (scalar-evolution)": [
            -0.029803298231670973,
            -0.029803298231670973,
            -0.029803298231670973,
            0.0,
            0.0,
            0.0,
            0.0,
            0.0,
            0.0,
            0.029803298231670973,
            0.029803298231670973,
            0.08940989469501291,
            0.17881978939002582
        ],
        "compile-time (instructions)": [
            0.3583178181150022,
            1.1944400270512368,
            -1.14809548295377,
            -1.0096900079422997,
            1.715852236122921,
            0.0,
            0.09477414521282705,
            1.6999162530173992,
            -0.02171052259903779,
            0.3020222489517426,
            1.045691146728098,
            -0.5568924797802682,
            -0.6013228745851253
        ],
        "bitcode-size (bytes)": [
            -0.011601256526569985,
            -0.006629289443754277,
            -0.0033146447218771386,
            0.0,
            0.0,
            0.0,
            0.013293106436694773,
            0.014950428797633343,
            0.014950428797633343,
            0.018265073519510483,
            0.018265073519510483,
            0.055002385853648764,
            0.192870889754226
        ],
        "Number of NoAlias results (aa)": [
            -0.0008025896893977902,
            -0.0008025896893977902,
            -0.0008025896893977902,
            0.0,
            0.0,
            0.0,
            0.024077690681933706,
            0.01886085770084807,
            0.01886085770084807,
            0.01886085770084807,
            0.01886085770084807,
            0.01886085770084807,
            0.01886085770084807
        ],
        "Number of pointers maybe captured (capture-tracking)": [
            0.0,
            0.0,
            0.0,
            0.0,
            0.0,
            0.0,
            0.0,
            -0.01389854065323141,
            -0.01389854065323141,
            -0.01389854065323141,
            -0.01389854065323141,
            -0.01389854065323141,
            -0.01389854065323141
        ],
        "Number of instructions hoisted out of loop (licm)": [
            0.0,
            0.0,
            0.0,
            0.0,
            0.0,
            0.0,
            0.0,
            -0.06966213862765587,
            -0.06966213862765587,
            -0.034831069313827935,
            -0.034831069313827935,
            -0.2786485545106235,
            0.06966213862765587
        ],
        "Number of reassociations (instcombine)": [
            0.0,
            0.0,
            0.0,
            0.0,
            0.0,
            0.0,
            0.0,
            0.0,
            0.0,
            0.0,
            0.0,
            1.550387596899225,
            1.550387596899225
        ],
        "Number of geps reassociated and hoisted out of the loop (licm)": [
            0.0,
            0.0,
            0.0,
            0.0,
            0.0,
            0.0,
            0.0,
            -1.4084507042253522,
            -1.4084507042253522,
            -0.7042253521126761,
            -0.7042253521126761,
            -5.633802816901409,
            -2.8169014084507045
        ]
    }
}