{
    "knob_name": "tail-dup-limit",
    "original_val": 4294967295,
    "y_min": -0.008247137006388232,
    "y_max": 108.53092231126713,
    "knob_values": [
        0,
        214748365,
        429496725,
        858993455,
        1288490185,
        1717986915,
        2147483645,
        2576980375,
        3006477105,
        3435973835,
        3865470565,
        4080218930,
        4294967295
    ],
    "stats": [
        "compile-time (seconds)",
        "Number of insts scanned while updating ibt (ipt)"
    ],
    "stats_val": {
        "compile-time (seconds)": [
            98.90453353465489,
            108.53092231126713,
            61.09747235238336,
            47.47767666911761,
            35.78758897317895,
            41.31885948092367,
            47.78620382706268,
            44.709926873026085,
            34.049458721446925,
            19.185570218710126,
            11.456216485201457,
            6.237789686044601,
            0.0
        ],
        "Number of insts scanned while updating ibt (ipt)": [
            -0.0008247137006388231,
            -0.008247137006388232,
            0.07339951935685526,
            0.09913058681678656,
            0.09698633119512562,
            0.06878112263327786,
            0.06597709605110585,
            0.02375175457839811,
            0.04750350915679622,
            0.07059549277468327,
            0.08774953774797078,
            0.12436682605633455,
            0.0
        ]
    }
}