{
    "knob_name": "tail-dup-limit",
    "original_val": 4294967295,
    "y_min": -1.56314145447852,
    "y_max": 2.4584078922570356,
    "knob_values": [
        0,
        214748365,
        429496725,
        858993455,
        1288490185,
        1717986915,
        2147483645,
        2576980375,
        3006477105,
        3435973835,
        3865470565,
        4080218930,
        4294967295
    ],
    "stats": [
        "Number of insts scanned while updating ibt (ipt)",
        "compile-time (instructions)",
        "bitcode-size (bytes)"
    ],
    "stats_val": {
        "Number of insts scanned while updating ibt (ipt)": [
            0.015009640807749592,
            0.05657479996767154,
            0.0021442344011070847,
            -0.04074045362103461,
            -0.01880328628663136,
            -0.016329169669969338,
            -0.0479978623632432,
            -0.011215995328867828,
            0.004123527694436702,
            0.06911032415875912,
            0.021607285118848317,
            0.06663620754209709,
            0.0
        ],
        "compile-time (instructions)": [
            2.4584078922570356,
            2.092221162112815,
            -1.530708785857967,
            -1.56314145447852,
            0.33152570437398954,
            0.843707310788663,
            1.8326315666323312,
            1.1983320125566914,
            0.8397499421366262,
            2.3110189609434353,
            -0.3262341997247656,
            -0.31688507949122074,
            0.0
        ],
        "bitcode-size (bytes)": [
            0.0,
            0.0,
            0.0,
            0.0,
            0.0,
            0.0,
            0.0,
            0.0,
            0.0,
            0.0,
            0.0,
            0.0,
            0.0
        ]
    }
}