{
    "knob_name": "ppc-max-strings-pooled",
    "original_val": 0,
    "knob_values": [
        0,
        1,
        2,
        3,
        4,
        5,
        6,
        7,
        8,
        9,
        10,
        20,
        100
    ],
    "graph_stats_dict": {
        "Number of insts scanned while updating ibt (ipt)": [
            0.0,
            0.021436722094334767,
            0.06777302139055069,
            -0.052107724475459895,
            -0.01005876959811093,
            -0.02242610926791945,
            0.0003297957245282272,
            -0.06431016628300432,
            -0.06398037055847608,
            0.010223667460375044,
            0.016654684088675473,
            -0.05227262233772401,
            -0.059198332552816785
        ],
        "compile-time (instructions)": [
            0.0,
            3.657245553149302,
            -2.060054262253316,
            -1.6862395657238418,
            -2.1899430069757506,
            -0.14149302928967883,
            -2.1620627749859134,
            -0.3242532276586612,
            2.078863349368543,
            0.4252054810613376,
            0.2579465464837918,
            -2.3318885884029505,
            -1.6497278548924639
        ],
        "bitcode-size (bytes)": [
            0.0,
            0.0,
            0.0,
            0.0,
            0.0,
            0.0,
            0.0,
            0.0,
            0.0,
            0.0,
            0.0,
            0.0,
            0.0
        ]
    },
    "graph_stats": [
        "Number of insts scanned while updating ibt (ipt)",
        "compile-time (instructions)",
        "bitcode-size (bytes)"
    ],
    "table_stats": [
        "Number of insts scanned while updating ibt (ipt)",
        "compile-time (instructions)"
    ],
    "stats_per_file": [
        {
            "Number of insts scanned while updating ibt (ipt)": [
                0,
                0,
                100,
                0.0,
                0,
                0
            ],
            "compile-time (instructions)": [
                0,
                0,
                100,
                0.0,
                0,
                0
            ]
        },
        {
            "Number of insts scanned while updating ibt (ipt)": [
                10,
                6,
                84,
                0.026184103604315244,
                0.5916972146290151,
                -0.5497602976431047
            ],
            "compile-time (instructions)": [
                50,
                50,
                0,
                -0.5444576346805754,
                3.280227623656489,
                -4.369142893017641
            ]
        },
        {
            "Number of insts scanned while updating ibt (ipt)": [
                8,
                7,
                85,
                0.0265162946233576,
                0.5220494886079526,
                -0.21782377807540873
            ],
            "compile-time (instructions)": [
                44,
                56,
                0,
                0.00157012965712988,
                4.28074158603225,
                -3.360636014637606
            ]
        },
        {
            "Number of insts scanned while updating ibt (ipt)": [
                8,
                9,
                83,
                -0.008325623856575207,
                0.43996846522646454,
                -0.48359001194102635
            ],
            "compile-time (instructions)": [
                48,
                52,
                0,
                0.3622504882199665,
                4.793289896711843,
                -3.7279397350033046
            ]
        },
        {
            "Number of insts scanned while updating ibt (ipt)": [
                9,
                8,
                83,
                0.016900322924383135,
                0.458267925945558,
                -0.30429738013396346
            ],
            "compile-time (instructions)": [
                41,
                59,
                0,
                -0.3244957568129355,
                4.302860427090637,
                -3.5401161557967735
            ]
        },
        {
            "Number of insts scanned while updating ibt (ipt)": [
                9,
                7,
                84,
                0.012140534128721537,
                0.5167729367285436,
                -0.49098614538353436
            ],
            "compile-time (instructions)": [
                45,
                55,
                0,
                0.3991904411978559,
                5.598582527342336,
                -3.8548576292839924
            ]
        },
        {
            "Number of insts scanned while updating ibt (ipt)": [
                10,
                6,
                84,
                0.015379378013305857,
                0.4517075440489905,
                -0.4965229398598867
            ],
            "compile-time (instructions)": [
                45,
                55,
                0,
                0.4055474617064941,
                5.165416831267184,
                -3.488891113388617
            ]
        },
        {
            "Number of insts scanned while updating ibt (ipt)": [
                4,
                12,
                84,
                -0.004404561600373484,
                0.652162956566607,
                -0.25409233219198135
            ],
            "compile-time (instructions)": [
                43,
                57,
                0,
                -0.35433623229736483,
                4.4425940358063265,
                -3.9730731012176927
            ]
        },
        {
            "Number of insts scanned while updating ibt (ipt)": [
                9,
                6,
                85,
                -0.008906039077759496,
                0.31256347412702634,
                -0.6172791958198645
            ],
            "compile-time (instructions)": [
                51,
                49,
                0,
                0.930959132648995,
                5.822350759381837,
                -4.160081131909677
            ]
        },
        {
            "Number of insts scanned while updating ibt (ipt)": [
                10,
                7,
                83,
                0.00842291984382261,
                0.33993064160478514,
                -0.36528777595222717
            ],
            "compile-time (instructions)": [
                40,
                60,
                0,
                -0.22556997530595668,
                5.503064275545189,
                -4.044659475873385
            ]
        },
        {
            "Number of insts scanned while updating ibt (ipt)": [
                11,
                5,
                84,
                0.03189284720723173,
                0.5075545290477689,
                -0.47876301976045665
            ],
            "compile-time (instructions)": [
                43,
                57,
                0,
                0.3303317863652508,
                5.67663550304431,
                -3.7028447016557946
            ]
        },
        {
            "Number of insts scanned while updating ibt (ipt)": [
                7,
                9,
                84,
                -0.0167015900800359,
                0.30067897023483786,
                -0.4194346444052728
            ],
            "compile-time (instructions)": [
                41,
                59,
                0,
                0.4260578503692092,
                5.886970142613098,
                -3.368813403562986
            ]
        },
        {
            "Number of insts scanned while updating ibt (ipt)": [
                8,
                9,
                83,
                -0.01881295990248001,
                0.3566161994496681,
                -0.5260250650939273
            ],