{"compile-time (seconds)": [4.260827407999898, 4.231161882999629, 4.173682432000874, 3.3789930669994988, 3.156465644999514, 3.1652578380002296, 3.076127147000477, 2.9204419760006886, 2.6767306940006392, 2.6470560460003867, 2.573327395999854, 2.4358469779998018, 2.3194365230012295], "Number of insts scanned while updating ibt (ipt)": [606186, 606678, 606530, 606245, 606642, 606299, 606305, 606449, 606141, 606270, 606425, 606311, 606593], "Number of MayAlias results (aa)": [131611, 131643, 131671, 131695, 131709, 131713, 131715, 131715, 131715, 131715, 131715, 131715, 131715], "Number of NoAlias results (aa)": [747303, 747372, 747439, 747495, 747546, 747580, 747603, 747623, 747640, 747654, 747665, 747680, 747680]}