{
    "knob_name": "aliased-check-limit",
    "original_val": 10,
    "y_min": -2.035858095379486,
    "y_max": 1.7896535579639092,
    "knob_values": [
        5,
        6,
        7,
        8,
        9,
        10,
        11,
        12,
        13,
        14,
        15,
        30,
        120
    ],
    "stats": [
        "Number of MayAlias results (aa)",
        "Number of insts scanned while updating ibt (ipt)",
        "compile-time (instructions)",
        "Number of NoAlias results (aa)",
        "bitcode-size (bytes)"
    ],
    "stats_val": {
        "Number of MayAlias results (aa)": [
            -0.07744110300425926,
            -0.05314585500292302,
            -0.03188751300175381,
            -0.013666077000751634,
            -0.00303690600016703,
            0.0,
            0.001518453000083515,
            0.001518453000083515,
            0.001518453000083515,
            0.001518453000083515,
            0.001518453000083515,
            0.001518453000083515,
            0.001518453000083515
        ],
        "Number of insts scanned while updating ibt (ipt)": [
            -0.016828795058273827,
            0.10262265221810118,
            0.08711376265459393,
            0.08249409342291092,
            0.07440967226746566,
            0.0,
            0.043391893140451145,
            -0.0013199054947665746,
            0.09932288848118476,
            0.07869936512545701,
            0.043391893140451145,
            -0.01517891318981561,
            0.0884336681493605
        ],
        "compile-time (instructions)": [
            -0.030404192441821364,
            1.0627710578960308,
            -2.035858095379486,
            -1.4651198030727919,
            -0.5986344977090565,
            0.0,
            -0.5056044901109141,
            -0.017967080167045634,
            -1.1797969631897451,
            1.7896535579639092,
            1.4733151486637548,
            0.6797599602034189,
            -0.9619610346334067
        ],
        "Number of NoAlias results (aa)": [
            -0.037052890660531315,
            -0.027823109232456726,
            -0.01886085770084807,
            -0.011370020599802027,
            -0.004548008239920812,
            0.0,
            0.0030765938093581953,
            0.005751892774017497,
            0.008025896893977902,
            0.009898606169239413,
            0.011370020599802027,
            0.013376494823296503,
            0.013376494823296503
        ],
        "bitcode-size (bytes)": [
            0.0,
            0.0,
            0.0,
            0.0,
            0.0,
            0.0,
            0.0,
            0.0,
            0.0,
            0.0,
            0.0,
            0.0,
            0.0
        ]
    }
}