{"compile-time (seconds)": [4.443504789000485, 4.65735026200025, 3.4442077259998882, 3.174951617000147, 3.2027027089995386, 3.151690851000353, 3.2199154070007694, 3.204671657999313, 2.8583789650003837, 2.665193090000116, 2.590413270999534, 2.385640904000013, 2.3643781589995], "Number of insts scanned while updating ibt (ipt)": [606321, 606517, 606404, 606286, 606244, 606442, 606457, 606632, 606549, 606568, 606029, 606753, 606401]}