{
    "knob_name": "attributor-max-specializations-per-call-base",
    "original_val": 4294967295,
    "y_min": -1.8004191579734252,
    "y_max": 6.68566110023688,
    "knob_values": [
        0,
        214748365,
        429496725,
        858993455,
        1288490185,
        1717986915,
        2147483645,
        2576980375,
        3006477105,
        3435973835,
        3865470565,
        4080218930,
        4294967295
    ],
    "stats": [
        "Number of insts scanned while updating ibt (ipt)",
        "compile-time (instructions)",
        "bitcode-size (bytes)"
    ],
    "stats_val": {
        "Number of insts scanned while updating ibt (ipt)": [
            0.060053619302949064,
            0.04372035471231182,
            0.09057537636626108,
            0.05180449577232419,
            -0.037286038358424416,
            0.0645081460094865,
            0.0899154464838111,
            0.02309754588574964,
            0.06087853165601155,
            0.032996494122499484,
            0.008909053413074861,
            -0.019962878944112188,
            0.0
        ],
        "compile-time (instructions)": [
            3.9607425443398903,
            6.68566110023688,
            -1.8004191579734252,
            -1.4573074129936208,
            0.40019485529092286,
            -0.07465004703902703,
            1.949748383667595,
            -0.7571906139432584,
            0.3269602246255092,
            -1.5325761769237196,
            0.42279052369200754,
            -0.9366741933854863,
            0.0
        ],
        "bitcode-size (bytes)": [
            0.0,
            0.0,
            0.0,
            0.0,
            0.0,
            0.0,
            0.0,
            0.0,
            0.0,
            0.0,
            0.0,
            0.0,
            0.0
        ]
    }
}