{"Number of instructions simplified or DCE'd (early-cse)": [36916, 36916, 36916, 36916, 36915, 36915, 36915, 36915, 36915, 36915, 36915, 36915, 36915], "Number of globals deleted (globalopt)": [1532, 1532, 1532, 1532, 1532, 1532, 1534, 1532, 1532, 1532, 1532, 1532, 1532], "Number of insts combined (instcombine)": [203939, 204054, 204295, 204442, 204774, 205140, 205249, 205440, 205605, 205730, 205907, 207082, 207756], "Number of dead inst eliminated (instcombine)": [45408, 45419, 45431, 45440, 45434, 45434, 45441, 45479, 45499, 45519, 45529, 45529, 45574], "Number of alloca's promoted with a single store (mem2reg)": [36266, 36250, 36250, 36250, 36250, 36250, 36250, 36250, 36250, 36250, 36250, 36250, 36250], "Number of blocks simplified (simplifycfg)": [83775, 83788, 83856, 83862, 83847, 83847, 83842, 83840, 83852, 83852, 83852, 83856, 83856], "Maximum number of uses of a partition (sroa)": [15805, 15805, 15805, 15805, 15805, 15805, 15805, 15805, 15805, 15805, 15805, 15727, 15725], "Number of alloca partition uses rewritten (sroa)": [342143, 342079, 342079, 342079, 342071, 342068, 342068, 342068, 342068, 342063, 342063, 341238, 341013], "Number of alloca partitions formed (sroa)": [54215, 54199, 54199, 54199, 54199, 54199, 54199, 54199, 54199, 54199, 54199, 54199, 54199], "Number of allocas analyzed for replacement (sroa)": [66369, 66353, 66353, 66353, 66353, 66353, 66353, 66353, 66353, 66353, 66353, 66353, 66353], "Number of instructions deleted (sroa)": [349714, 349634, 349634, 349634, 349626, 349623, 349623, 349623, 349623, 349618, 349618, 348793, 348568], "Number of allocas promoted to SSA values (sroa)": [53869, 53853, 53853, 53853, 53853, 53853, 53853, 53853, 53853, 53853, 53853, 53853, 53853], "compile-time (seconds)": [4.690415901999799, 4.490231016999886, 3.5915876809999503, 3.175169752000059, 3.147033816000217, 3.0247179619998974, 3.172834713000128, 2.968074262000272, 2.8206772559999536, 2.551775398000075, 2.522581881999997, 2.3911175000000355, 2.3499547860002536], "Number of functions marked as willreturn (function-attrs)": [1350, 1350, 1350, 1350, 1349, 1349, 1349, 1349, 1349, 1349, 1349, 1349, 1349], "Negator: Maximal number of values ever visited while attempting to sink negation (instcombine)": [414, 410, 406, 406, 406, 406, 406, 406, 406, 454, 454, 454, 454], "Negator: Total number of values visited during attempts to sink negation (instcombine)": [20554, 20598, 20576, 20585, 20586, 20586, 20586, 20586, 20586, 20730, 20730, 20730, 20730], "Negator: Number of negations attempted to be sinked (instcombine)": [18690, 18690, 18706, 18715, 18716, 18716, 18716, 18716, 18716, 18716, 18716, 18716, 18716], "Number of instructions sunk (instcombine)": [4645, 4646, 4646, 4646, 4650, 4650, 4654, 4650, 4650, 4650, 4650, 4650, 4650], "Number of redundant instructions removed (instsimplify)": [6178, 6178, 6182, 6182, 6182, 6182, 6182, 6182, 6182, 6182, 6182, 6182, 6182], "Number of insts scanned while updating ibt (ipt)": [606998, 606720, 606497, 606647, 606739, 606291, 606596, 606260, 606762, 607030, 606453, 604735, 602943], "Number of instructions hoisted out of loop (licm)": [8640, 8639, 8639, 8639, 8613, 8613, 8613, 8613, 8613, 8613, 8613, 8613, 8613], "Number of load insts hoisted or sunk (licm)": [547, 547, 547, 547, 533, 533, 533, 533, 533, 533, 533, 533, 533], "Number of insts reassociated (reassociate)": [11717, 11717, 11717, 11717, 11717, 11717, 11717, 11717, 11717, 11732, 11732, 12482, 12602], "Number of loop exits with predictable exit counts (scalar-evolution)": [10063, 10063, 10063, 10065, 10066, 10066, 10066, 10066, 10066, 10066, 10066, 10066, 10066], "Number of loop exits without predictable exit counts (scalar-evolution)": [20183, 20183, 20183, 20181, 20182, 20182, 20182, 20182, 20182, 20182, 20182, 20182, 20182], "Number of instructions removed (sccp)": [9571, 9571, 9575, 9575, 9569, 9569, 9563, 9555, 9555, 9551, 9551, 9555, 9555], "Number of speculative executed instructions (simplifycfg)": [1418, 1418, 1422, 1422, 1418, 1418, 1418, 1418, 1426, 1426, 1426, 1426, 1426], "Number of MayAlias results (aa)": [124965, 125551, 126886, 127457, 130773, 131713, 132038, 132240, 132549, 133193, 133524, 134571, 134761], "Number of NoAlias results (aa)": [747768, 748997, 750448, 751758, 750943, 747580, 748355, 748375, 748091, 748221, 747808, 758558, 765515], "Number of pointers maybe captured before (capture-tracking)": [4058, 4058, 4058, 4058, 4058, 4058, 4054, 4058, 4058, 4058, 4058, 4058, 4058], "Number of stores remaining after DSE (dse)": [27605, 27605, 27609, 27609, 27618, 27618, 27618, 27614, 27610, 27610, 27610, 27610, 27614], "Number of instructions deleted (gvn)": [10895, 10869, 10811, 10792, 10777, 10771, 10782, 10772, 10772, 10760, 10764, 10764, 10760], "Number of instructions simplified (gvn)": [6256, 6248, 6245, 6249, 6243, 6245, 6256, 6248, 6248, 6244, 6248, 6260, 6266], "Number of jumps threaded (jump-threading)": [4339, 4347, 4361, 4361, 4373, 4373, 4382, 4392, 4388, 4384, 4384, 4396, 4396], "Number of block queries that were completely cached (memdep)": [10003, 9964, 9952, 9865, 9868, 9856, 9854, 9840, 9840, 9840, 9840, 9804, 9858], "Number of fully cached non-local ptr responses (memdep)": [391558, 390933, 389739, 383060, 383745, 384077, 384103, 384039, 384039, 384075, 384071, 383398, 379381], "Number of uncached non-local ptr responses (memdep)": [267580, 267394, 267983, 267932, 267721, 267261, 267246, 267152, 267152, 267084, 267084, 267067, 266684], "Number of arguments with unsolved size and offset (memory-builtins)": [5699, 5699, 5699, 5699, 5703, 5703, 5703, 5705, 5705, 5705, 5705, 5705, 5705], "Number of redundant instructions simplified (loop-instsimplify)": [658, 658, 658, 660, 660, 660, 660, 660, 660, 660, 660, 660, 660], "Number of branches unswitched (simple-loop-unswitch)": [98, 98, 98, 99, 98, 98, 98, 98, 98, 98, 98, 98, 98], "Number of pointers maybe captured (capture-tracking)": [12312, 12834, 13591, 13798, 14156, 14390, 14439, 14576, 14582, 14647, 14705, 17133, 17546], "Number of loops deleted (loop-delete)": [155, 155, 155, 156, 156, 156, 156, 156, 156, 156, 156, 156, 156], "Number of common instruction 'blocks' hoisted up to the begin block (simplifycfg)": [2105, 2099, 2099, 2099, 2099, 2099, 2099, 2099, 2099, 2099, 2099, 2099, 2099], "Number of common instructions hoisted up to the begin block (simplifycfg)": [5621, 5617, 5617, 5623, 5623, 5623, 5623, 5623, 5623, 5623, 5623, 5623, 5623], "Number of common instruction 'blocks' sunk down to the end block (simplifycfg)": [710, 706, 718, 718, 718, 718, 718, 718, 714, 714, 714, 714, 714], "Number of common instructions sunk down to the end block (simplifycfg)": [1392, 1388, 1412, 1412, 1412, 1412, 1412, 1412, 1408, 1408, 1408, 1408, 1408], "Number of blocks merged (gvn)": [842, 842, 842, 843, 843, 843, 843, 843, 843, 843, 843, 843, 843], "Number of equalities propagated (gvn)": [487, 479, 460, 458, 457, 457, 465, 465, 465, 457, 457, 453, 453], "Number of pointers not captured (capture-tracking)": [3910, 4054, 4134, 4175, 4174, 4196, 4196, 4234, 4234, 4228, 4228, 4292, 4260], "Number of GEP instructions CSE'd (early-cse)": [29018, 29018, 29018, 29018, 29016, 29016, 29007, 28967, 28947, 28927, 28917, 28917, 28872], "Number of load instructions CSE'd (early-cse)": [21225, 21180, 20980, 20850, 20531, 20169, 20056, 19866, 19701, 19581, 19406, 19096, 18701], "Number of MustAlias results (aa)": [36294, 35835, 35752, 35619, 35465, 35352, 35306, 35246, 35219, 35198, 35191, 35076, 34798], "Number of instructions removed (unused) (bdce)": [727, 734, 743, 743, 751, 751, 751, 751, 751, 751, 751, 751, 751], "Number of other instrs removed (dse)": [109, 109, 109, 109, 112, 112, 112, 112, 112, 112, 112, 112, 112], "Number of stores deleted (dse)": [620, 620, 620, 620, 622, 622, 622, 626, 626, 626, 626, 626, 626], "Number of loads deleted (gvn)": [1038, 1026, 995, 975, 968, 968, 966, 960, 960, 956, 956, 948, 938],