{"Number of instructions simplified or DCE'd (early-cse)": [36485, 36915, 36915, 36925, 36930, 36940, 36970, 36975, 36975, 36975, 36975, 36975, 36975], "Number of functions that do not access memory (globalsmodref-aa)": [1882, 1881, 1881, 1881, 1881, 1881, 1881, 1881, 1881, 1881, 1881, 1881, 1881], "Number of functions that only read memory (globalsmodref-aa)": [3086, 3085, 3085, 3085, 3085, 3085, 3085, 3085, 3085, 3085, 3085, 3085, 3085], "Number of functions inlined (inline)": [12525, 12532, 12532, 12532, 12532, 12532, 12532, 12532, 12532, 12532, 12532, 12532, 12532], "Number of call sites analyzed (inline-cost)": [19559, 19558, 19558, 19558, 19558, 19558, 19558, 19558, 19558, 19558, 19558, 19558, 19558], "Number of insts combined (instcombine)": [204973, 205140, 205156, 205185, 205192, 205157, 205122, 205117, 205117, 205122, 205122, 205122, 205122], "Number of dead inst eliminated (instcombine)": [44808, 45434, 45440, 45477, 45482, 45492, 45492, 45497, 45497, 45497, 45497, 45497, 45497], "Number of instruction combining iterations performed (instcombine)": [48425, 48422, 48422, 48422, 48422, 48422, 48422, 48422, 48422, 48422, 48422, 48422, 48422], "Number of alloca's promoted within one block (mem2reg)": [680, 680, 680, 685, 685, 685, 685, 685, 685, 685, 685, 685, 685], "Number of PHI nodes inserted (mem2reg)": [23915, 23905, 23905, 23900, 23900, 23900, 23900, 23900, 23900, 23900, 23900, 23900, 23900], "Number of instructions replaced with (simpler) instruction (sccp)": [5725, 5715, 5715, 5715, 5715, 5715, 5715, 5715, 5715, 5715, 5715, 5715, 5715], "Number of blocks simplified (simplifycfg)": [83641, 83847, 83972, 84028, 84026, 84049, 84076, 84090, 84091, 84091, 84103, 84112, 84163], "compile-time (seconds)": [4.479940392999879, 4.788863817998958, 3.4758761010002672, 3.1212573009999574, 3.0747975690007365, 3.0712308410004425, 3.33967439000088, 3.071912538000504, 2.8425130279997575, 2.669246888000714, 2.55969030700021, 2.465969583999822, 2.319668418000333], "Number of instructions CSE'd (early-cse)": [15911, 15902, 15919, 15914, 15914, 15914, 15914, 15914, 15914, 15914, 15914, 15914, 16009], "Number of functions without address taken (globalsmodref-aa)": [3668, 3667, 3667, 3667, 3667, 3667, 3667, 3667, 3667, 3667, 3667, 3667, 3667], "Number of functions deleted because all callers found (inline)": [2201, 2202, 2202, 2202, 2202, 2202, 2202, 2202, 2202, 2202, 2202, 2202, 2202], "Negator: Total number of values visited during attempts to sink negation (instcombine)": [20568, 20586, 20604, 20610, 20610, 20610, 20610, 20610, 20610, 20610, 20610, 20610, 20517], "Negator: Number of negations attempted to be sinked (instcombine)": [18703, 18716, 18728, 18734, 18734, 18734, 18734, 18734, 18734, 18734, 18734, 18734, 18635], "Number of instructions sunk (instcombine)": [4549, 4650, 4745, 4745, 4769, 4817, 4867, 4865, 4865, 4865, 4865, 4865, 5168], "Number of redundant instructions removed (instsimplify)": [6192, 6182, 6182, 6182, 6182, 6182, 6182, 6182, 6182, 6182, 6182, 6182, 6182], "Number of insts scanned while updating ibt (ipt)": [606668, 606053, 606725, 606734, 606523, 605960, 606612, 606281, 606267, 606659, 606360, 606873, 606755], "Number of instructions hoisted out of loop (licm)": [8613, 8613, 8613, 8613, 8613, 8619, 8619, 8619, 8619, 8619, 8619, 8619, 8619], "Number of loops rotated (loop-rotate)": [3080, 3083, 3083, 3083, 3083, 3083, 3083, 3083, 3083, 3083, 3083, 3083, 3083], "Number of loop exits without predictable exit counts (scalar-evolution)": [20242, 20182, 20102, 20102, 20102, 20102, 20102, 20102, 20102, 20102, 20102, 20102, 20102], "Number of instructions removed (sccp)": [9618, 9569, 9554, 9554, 9554, 9554, 9554, 9554, 9554, 9554, 9554, 9554, 9554], "Number of speculative executed instructions (simplifycfg)": [1443, 1418, 1403, 1408, 1408, 1408, 1418, 1418, 1418, 1418, 1418, 1418, 1418], "Number of MayAlias results (aa)": [131922, 131713, 131717, 131717, 131717, 131717, 131722, 131722, 131722, 131722, 131722, 131722, 131722], "Number of NoAlias results (aa)": [747566, 747580, 747584, 747581, 747584, 747641, 747647, 747647, 747647, 747647, 747647, 747647, 747647], "Number of stores remaining after DSE (dse)": [27620, 27618, 27618, 27618, 27618, 27618, 27618, 27618, 27618, 27618, 27618, 27618, 27618], "Number of instructions deleted (gvn)": [10840, 10771, 10767, 10767, 10767, 10767, 10767, 10767, 10767, 10767, 10767, 10767, 10761], "Number of instructions simplified (gvn)": [6267, 6245, 6245, 6245, 6245, 6245, 6245, 6245, 6245, 6245, 6245, 6245, 6239], "Number of jumps threaded (jump-threading)": [4436, 4373, 4353, 4351, 4351, 4351, 4351, 4351, 4351, 4351, 4351, 4351, 4339], "Number of block queries that were completely cached (memdep)": [9879, 9856, 9856, 9856, 9856, 9856, 9856, 9854, 9854, 9854, 9854, 9854, 9854], "Number of fully cached non-local ptr responses (memdep)": [384742, 384077, 383861, 383827, 383828, 383780, 383764, 383744, 383744, 383744, 383744, 383744, 383718], "Number of uncached non-local ptr responses (memdep)": [268197, 267261, 267043, 266999, 266999, 266983, 266967, 266935, 266935, 266935, 266935, 266935, 266923], "Number of redundant instructions simplified (loop-instsimplify)": [658, 660, 660, 660, 660, 660, 660, 660, 660, 660, 660, 660, 660], "Number of branches unswitched (simple-loop-unswitch)": [96, 98, 98, 98, 98, 98, 98, 98, 98, 98, 98, 98, 98], "Number of loops not rotated due to the header size (loop-rotate)": [1587, 1589, 1589, 1589, 1589, 1589, 1589, 1589, 1589, 1589, 1589, 1589, 1589], "Number of pointers maybe captured (capture-tracking)": [14442, 14390, 14390, 14390, 14390, 14390, 14390, 14390, 14390, 14390, 14390, 14390, 14390], "Number of common instruction 'blocks' hoisted up to the begin block (simplifycfg)": [2085, 2099, 2099, 2099, 2099, 2103, 2103, 2101, 2101, 2101, 2101, 2107, 2107], "Number of common instructions hoisted up to the begin block (simplifycfg)": [5575, 5623, 5615, 5615, 5615, 5619, 5619, 5623, 5623, 5623, 5623, 5653, 5653], "Number of common instruction 'blocks' sunk down to the end block (simplifycfg)": [717, 718, 718, 718, 718, 718, 718, 718, 718, 718, 718, 718, 718], "Number of common instructions sunk down to the end block (simplifycfg)": [1411, 1412, 1412, 1412, 1412, 1412, 1412, 1412, 1412, 1412, 1412, 1412, 1412], "Number of equalities propagated (gvn)": [461, 457, 457, 457, 457, 457, 457, 457, 457, 457, 457, 457, 457], "Number of pointers not captured (capture-tracking)": [4190, 4196, 4191, 4196, 4196, 4196, 4181, 4181, 4181, 4181, 4181, 4181, 4181], "Number of GEP instructions CSE'd (early-cse)": [29012, 29016, 29016, 29016, 29016, 29016, 29016, 29016, 29016, 29016, 29016, 29016, 29016], "Number of load instructions CSE'd (early-cse)": [20151, 20169, 20169, 20169, 20169, 20169, 20169, 20169, 20169, 20169, 20169, 20169, 20169], "Number of vector instructions generated (SLP)": [1181, 1202, 1202, 1202, 1202, 1202, 1202, 1202, 1202, 1202, 1202, 1202, 1202], "Number of MustAlias results (aa)": [35374, 35352, 35352, 35355, 35352, 35348, 35348, 35348, 35348, 35348, 35348, 35348, 35348], "Number of instructions removed (unused) (bdce)": [746, 751, 755, 755, 755, 755, 755, 755, 755, 755, 755, 755, 755], "Number of loads deleted (gvn)": [976, 968, 964, 964, 964, 964, 964, 964, 964, 964, 964, 964, 964], "Number of loads PRE'd (gvn)": [1156, 1135, 1139, 1139, 1139, 1139, 1139, 1139, 1139, 1139, 1139, 1139, 1139], "Number of basic blocks unreachable (sccp)": [2524, 2514, 2509, 2509, 2509, 2509, 2509, 2509, 2509, 2509, 2509, 2509, 2509], "Number of value comparisons folded into predecessor basic blocks (simplifycfg)": [1300, 885, 885, 885, 880, 880, 880, 875, 875, 875, 875, 875, 860], "Number of phis propagated (correlated-value-propagation)": [3594, 3627, 3627, 3627, 3627, 3627, 3627, 3627, 3627, 3627, 3627, 3627, 3627], "Number of sext converted to zext (correlated-value-propagation)": [65, 65, 65, 65, 65, 65, 77, 77, 77, 77, 77, 77, 77],