{"Number of instructions simplified or DCE'd (early-cse)": [36906, 36915, 36915, 36915, 36915, 36915, 36915, 36915, 36915, 36915, 36915, 36915, 36915], "Number of functions inlined (inline)": [12522, 12531, 12532, 12532, 12532, 12532, 12532, 12532, 12532, 12532, 12532, 12532, 12532], "Number of call sites analyzed (inline-cost)": [19548, 19557, 19558, 19558, 19558, 19558, 19558, 19558, 19558, 19558, 19558, 19558, 19558], "Number of insts combined (instcombine)": [205132, 205129, 205140, 205140, 205140, 205140, 205140, 205140, 205140, 205140, 205140, 205140, 205140], "Number of reassociations (instsimplify)": [4916, 4916, 4917, 4917, 4917, 4917, 4917, 4917, 4917, 4917, 4917, 4917, 4917], "Number of blocks simplified (simplifycfg)": [83826, 83845, 83847, 83847, 83847, 83847, 83847, 83847, 83847, 83847, 83847, 83847, 83847], "compile-time (seconds)": [4.4310268920002045, 4.31070462000082, 3.87162344400042, 3.1414798439997185, 3.154585101999203, 3.1154392769998367, 3.1631458539997652, 2.915182121000157, 2.7878100099990775, 2.5875751620002916, 2.5113433660004603, 2.5454560979995335, 2.375850173000117], "Number of instructions CSE'd (early-cse)": [15911, 15902, 15902, 15902, 15902, 15902, 15902, 15902, 15902, 15902, 15902, 15902, 15902], "Negator: Total number of values visited during attempts to sink negation (instcombine)": [20572, 20572, 20586, 20586, 20586, 20586, 20586, 20586, 20586, 20586, 20586, 20586, 20586], "Negator: Number of negations attempted to be sinked (instcombine)": [18702, 18702, 18716, 18716, 18716, 18716, 18716, 18716, 18716, 18716, 18716, 18716, 18716], "Number of insts scanned while updating ibt (ipt)": [606614, 606533, 605778, 606764, 606167, 605938, 606527, 606546, 606146, 606414, 606512, 606341, 606358], "Number of instructions removed (sccp)": [9566, 9566, 9569, 9569, 9569, 9569, 9569, 9569, 9569, 9569, 9569, 9569, 9569], "Number of MayAlias results (aa)": [131714, 131713, 131713, 131713, 131713, 131713, 131713, 131713, 131713, 131713, 131713, 131713, 131713], "Number of NoAlias results (aa)": [747587, 747582, 747580, 747580, 747580, 747580, 747580, 747580, 747580, 747580, 747580, 747580, 747580], "Number of instructions deleted (gvn)": [10772, 10772, 10771, 10771, 10771, 10771, 10771, 10771, 10771, 10771, 10771, 10771, 10771], "Number of jumps threaded (jump-threading)": [4382, 4373, 4373, 4373, 4373, 4373, 4373, 4373, 4373, 4373, 4373, 4373, 4373], "Number of block queries that were completely cached (memdep)": [9865, 9858, 9856, 9856, 9856, 9856, 9856, 9856, 9856, 9856, 9856, 9856, 9856], "Number of fully cached non-local ptr responses (memdep)": [384101, 384108, 384077, 384077, 384077, 384077, 384077, 384077, 384077, 384077, 384077, 384077, 384077], "Number of uncached non-local ptr responses (memdep)": [267267, 267264, 267261, 267261, 267261, 267261, 267261, 267261, 267261, 267261, 267261, 267261, 267261], "Number of GEP instructions CSE'd (early-cse)": [29015, 29015, 29016, 29016, 29016, 29016, 29016, 29016, 29016, 29016, 29016, 29016, 29016], "Number of load instructions CSE'd (early-cse)": [20168, 20168, 20169, 20169, 20169, 20169, 20169, 20169, 20169, 20169, 20169, 20169, 20169], "Number of MustAlias results (aa)": [35353, 35353, 35352, 35352, 35352, 35352, 35352, 35352, 35352, 35352, 35352, 35352, 35352], "Number of instructions removed (unused) (bdce)": [752, 752, 751, 751, 751, 751, 751, 751, 751, 751, 751, 751, 751], "Number of loads PRE'd (gvn)": [1136, 1136, 1135, 1135, 1135, 1135, 1135, 1135, 1135, 1135, 1135, 1135, 1135], "Number of basic blocks unreachable (sccp)": [2512, 2513, 2514, 2514, 2514, 2514, 2514, 2514, 2514, 2514, 2514, 2514, 2514], "Number of phis propagated (correlated-value-propagation)": [3629, 3626, 3627, 3627, 3627, 3627, 3627, 3627, 3627, 3627, 3627, 3627, 3627], "Number of no-signed-wrap deductions for add (correlated-value-propagation)": [361, 361, 362, 362, 362, 362, 362, 362, 362, 362, 362, 362, 362], "Number of no-wrap deductions for add (correlated-value-propagation)": [522, 522, 523, 523, 523, 523, 523, 523, 523, 523, 523, 523, 523], "Number of no-signed-wrap deductions (correlated-value-propagation)": [371, 371, 373, 373, 373, 373, 373, 373, 373, 373, 373, 373, 373], "Number of no-wrap deductions (correlated-value-propagation)": [550, 550, 552, 552, 552, 552, 552, 552, 552, 552, 552, 552, 552], "Number of phis deleted via common incoming value (correlated-value-propagation)": [166, 165, 165, 165, 165, 165, 165, 165, 165, 165, 165, 165, 165], "Number of call-site split (callsite-splitting)": [8, 18, 20, 20, 20, 20, 20, 20, 20, 20, 20, 20, 20], "Number of no-signed-wrap deductions for mul (correlated-value-propagation)": [4, 4, 5, 5, 5, 5, 5, 5, 5, 5, 5, 5, 5], "Number of no-wrap deductions for mul (correlated-value-propagation)": [4, 4, 5, 5, 5, 5, 5, 5, 5, 5, 5, 5, 5]}