{"Number of insts combined (instcombine)": [205169, 205155, 205140, 205140, 205140, 205140, 205140, 205141, 205141, 205141, 205141, 205141, 205141], "Number of dead inst eliminated (instcombine)": [45444, 45439, 45434, 45434, 45434, 45434, 45428, 45428, 45428, 45428, 45428, 45428, 45428], "Number of blocks simplified (simplifycfg)": [83852, 83849, 83847, 83847, 83847, 83847, 83847, 83848, 83848, 83848, 83848, 83848, 83848], "Number of alloca partition uses rewritten (sroa)": [342068, 342068, 342068, 342068, 342068, 342068, 342066, 342066, 342066, 342066, 342066, 342066, 342066], "Number of instructions deleted (sroa)": [349623, 349623, 349623, 349623, 349623, 349623, 349621, 349621, 349621, 349621, 349621, 349621, 349621], "compile-time (seconds)": [4.49657950199969, 4.329285176999861, 3.80190260899991, 3.3385629070000107, 3.1235183060000793, 3.172461401999641, 3.094820530000163, 3.2019685889998755, 2.8760945170001264, 2.7328537300000164, 2.640096517000103, 2.435477462999984, 2.2887045200002376], "Number of arguments marked nocapture (function-attrs)": [5491, 5499, 5530, 5531, 5540, 5544, 5551, 5553, 5553, 5553, 5553, 5561, 5561], "Negator: Total number of values visited during attempts to sink negation (instcombine)": [20596, 20591, 20586, 20586, 20586, 20586, 20586, 20586, 20586, 20586, 20586, 20586, 20586], "Negator: Number of negations attempted to be sinked (instcombine)": [18726, 18721, 18716, 18716, 18716, 18716, 18716, 18716, 18716, 18716, 18716, 18716, 18716], "Number of insts scanned while updating ibt (ipt)": [606769, 606090, 606560, 606587, 606484, 606461, 606758, 606314, 606085, 606477, 606090, 606325, 605878], "Number of loop exits with predictable exit counts (scalar-evolution)": [10068, 10067, 10066, 10066, 10066, 10066, 10066, 10066, 10066, 10066, 10066, 10066, 10066], "Number of MayAlias results (aa)": [130707, 131790, 131777, 131773, 131713, 131713, 131610, 131555, 131555, 131555, 131555, 131559, 131559], "Number of NoAlias results (aa)": [741411, 747463, 747502, 747576, 747580, 747580, 749506, 749627, 749627, 749627, 749627, 749670, 749670], "Number of pointers maybe captured before (capture-tracking)": [4115, 4077, 4074, 4074, 4058, 4058, 4034, 4034, 4034, 4034, 4034, 4030, 4030], "Number of pointers not captured before (capture-tracking)": [1215, 1253, 1256, 1256, 1272, 1272, 1286, 1286, 1286, 1286, 1286, 1290, 1290], "Number of instructions deleted (gvn)": [10771, 10771, 10771, 10771, 10771, 10771, 10772, 10773, 10773, 10773, 10773, 10773, 10773], "Number of fully cached non-local ptr responses (memdep)": [383664, 384074, 384085, 384085, 384077, 384077, 383921, 383924, 383924, 383924, 383924, 383924, 383924], "Number of uncached non-local ptr responses (memdep)": [267006, 267270, 267277, 267277, 267261, 267261, 267032, 266986, 266986, 266986, 266986, 266986, 266986], "Number of pointers maybe captured (capture-tracking)": [14530, 14462, 14430, 14426, 14390, 14390, 14282, 14265, 14265, 14265, 14265, 14265, 14265], "Number of loops unrolled with run-time trip counts (loop-unroll)": [358, 357, 356, 356, 356, 356, 356, 356, 356, 356, 356, 356, 356], "Number of loops unrolled (completely or otherwise) (loop-unroll)": [716, 715, 714, 714, 714, 714, 714, 714, 714, 714, 714, 714, 714], "Number of common instruction 'blocks' hoisted up to the begin block (simplifycfg)": [2097, 2097, 2099, 2099, 2099, 2099, 2099, 2099, 2099, 2099, 2099, 2099, 2099], "Number of common instructions hoisted up to the begin block (simplifycfg)": [5621, 5621, 5623, 5623, 5623, 5623, 5623, 5623, 5623, 5623, 5623, 5623, 5623], "Number of pointers not captured (capture-tracking)": [4053, 4128, 4162, 4166, 4196, 4196, 4277, 4293, 4293, 4293, 4293, 4293, 4293], "Number of load instructions CSE'd (early-cse)": [20163, 20163, 20163, 20163, 20169, 20169, 20181, 20186, 20186, 20186, 20186, 20186, 20186], "Number of MustAlias results (aa)": [34131, 35287, 35293, 35305, 35352, 35352, 35601, 35614, 35614, 35614, 35614, 35614, 35614], "Number of stores deleted (dse)": [622, 622, 622, 622, 622, 622, 620, 620, 620, 620, 620, 620, 620], "Number of loads deleted (gvn)": [968, 968, 968, 968, 968, 968, 972, 974, 974, 974, 974, 974, 974], "Number of loads PRE'd (gvn)": [1135, 1135, 1135, 1135, 1135, 1135, 1132, 1131, 1131, 1131, 1131, 1131, 1131], "Number of phis propagated (correlated-value-propagation)": [3625, 3625, 3625, 3625, 3627, 3627, 3627, 3627, 3627, 3627, 3627, 3627, 3627], "Number of loads moved to predecessor of a critical edge in PRE (gvn)": [72, 72, 72, 72, 72, 72, 69, 68, 68, 68, 68, 68, 68], "Number of memcpy instructions deleted (memcpyopt)": [29, 29, 29, 29, 29, 29, 32, 32, 32, 32, 32, 32, 32], "Number of stack-move optimizations performed (memcpyopt)": [0, 0, 0, 0, 0, 0, 3, 3, 3, 3, 3, 3, 3]}