{
    "knob_name": "cfg-hide-cold-paths",
    "original_val": 0.0,
    "y_min": -31.08122986946863,
    "y_max": 56.7621552026862,
    "knob_values": [
        -5.0,
        -4.0,
        -3.0,
        -2.0,
        -1.0,
        0.0,
        1.0,
        2.0,
        3.0,
        4.0,
        5.0,
        20.0,
        100.0
    ],
    "stats": [
        "compile-time (seconds)",
        "Number of insts scanned while updating ibt (ipt)"
    ],
    "stats_val": {
        "compile-time (seconds)": [
            56.7621552026862,
            39.451558043509834,
            9.335584688525167,
            -3.8954738280267023,
            0.1529198765570194,
            0.0,
            5.228074912837588,
            -6.831388334883242,
            -14.319536159379865,
            -15.77477108840532,
            -20.226908231584957,
            -24.269028051631366,
            -31.08122986946863
        ],
        "Number of insts scanned while updating ibt (ipt)": [
            -0.08947403110993936,
            -0.11023596098075403,
            -0.09211046664909044,
            -0.039381755866069075,
            -0.08139994727128921,
            0.0,
            -0.10545742156604272,
            -0.08271816504086475,
            -0.15011204851041393,
            -0.13099789085156868,
            -0.08123517005009227,
            -0.03905220142367519,
            -0.12720801476403903
        ]
    }
}