{
    "knob_name": "cfg-hide-cold-paths",
    "original_val": 0.0,
    "y_min": -0.79779835442867,
    "y_max": 8.446228685340376,
    "knob_values": [
        -5.0,
        -4.0,
        -3.0,
        -2.0,
        -1.0,
        0.0,
        1.0,
        2.0,
        3.0,
        4.0,
        5.0,
        20.0,
        100.0
    ],
    "stats": [
        "Number of insts scanned while updating ibt (ipt)",
        "compile-time (instructions)",
        "bitcode-size (bytes)"
    ],
    "stats_val": {
        "Number of insts scanned while updating ibt (ipt)": [
            -0.03841081437520607,
            0.001813386086383119,
            -0.043850972634355424,
            -0.01615562149686779,
            -0.046983184965380814,
            0.0,
            0.02753049785690735,
            -0.07962413452027695,
            -0.04780745136828223,
            0.017804154302670624,
            0.07352456313880645,
            -0.060006594131223216,
            -0.06857896472139796
        ],
        "compile-time (instructions)": [
            8.446228685340376,
            1.9621582717917327,
            -0.6480279760071395,
            0.5735119734441013,
            0.03503192722739483,
            0.0,
            1.896502257672667,
            1.0984332828229435,
            1.5253427187157933,
            2.9349091229966855,
            1.5781841049511056,
            -0.79779835442867,
            0.06687777230943955
        ],
        "bitcode-size (bytes)": [
            0.0,
            0.0,
            0.0,
            0.0,
            0.0,
            0.0,
            0.0,
            0.0,
            0.0,
            0.0,
            0.0,
            0.0,
            0.0
        ]
    }
}