{"compile-time (seconds)": [4.53514232899998, 4.752063662999991, 3.5985623250000014, 3.4445549060000094, 3.2190271430000017, 3.201141483999981, 3.1475629419999933, 3.028917626000002, 2.8470396739999924, 2.6805292040000346, 2.5521575399999925, 2.469521218000027, 2.347541032999983], "Number of insts scanned while updating ibt (ipt)": [606263, 606189, 606258, 606171, 606109, 606478, 606553, 606056, 606612, 605898, 606256, 606417, 606283]}