{"compile-time (seconds)": [4.287159115000065, 5.0062092160001015, 3.4588472409998587, 3.2250041509998937, 3.0957656150003174, 3.1305515399998143, 3.179146806999995, 2.970685631999956, 2.8352594819999695, 2.7075559530001243, 2.5422966430000002, 2.3829489139998543, 2.2537760119997756], "Number of insts scanned while updating ibt (ipt)": [606324, 606659, 606476, 606296, 606791, 606370, 606509, 606228, 606324, 606182, 606302, 606470, 605860]}