{"Number of insts combined (instcombine)": [204951, 204976, 205020, 205030, 205137, 205140, 205264, 205283, 205318, 205330, 205335, 205364, 205476], "Number of dead inst eliminated (instcombine)": [45343, 45340, 45363, 45368, 45431, 45434, 45453, 45472, 45529, 45532, 45536, 45564, 45651], "Number of reassociations (instsimplify)": [4911, 4911, 4911, 4911, 4917, 4917, 4917, 4917, 4917, 4917, 4917, 4924, 4924], "Number of blocks simplified (simplifycfg)": [83795, 83808, 83828, 83834, 83845, 83847, 83840, 83847, 83866, 83870, 83870, 83878, 83889], "compile-time (seconds)": [4.563626186999983, 4.875370222999976, 3.5856145480001658, 3.1990838370006145, 3.234410237000418, 3.1173876949999055, 3.2287230110001985, 3.0660309110001833, 2.7712550700002794, 2.6107118209998816, 2.492344863999705, 2.3448973059999503, 2.4384674080000934], "Number of instructions CSE'd (early-cse)": [15902, 15902, 15902, 15902, 15902, 15902, 15902, 15902, 15902, 15902, 15902, 15902, 15912], "Negator: Maximal traversal depth ever reached while attempting to sink negation (instcombine)": [104, 104, 105, 105, 105, 105, 105, 105, 105, 105, 105, 105, 105], "Negator: Maximal number of values ever visited while attempting to sink negation (instcombine)": [403, 403, 406, 406, 406, 406, 406, 406, 406, 406, 406, 406, 406], "Negator: Total number of values visited during attempts to sink negation (instcombine)": [20531, 20531, 20536, 20538, 20586, 20586, 20586, 20586, 20586, 20586, 20586, 20586, 20586], "Negator: Number of negations attempted to be sinked (instcombine)": [18668, 18668, 18668, 18668, 18716, 18716, 18716, 18716, 18716, 18716, 18716, 18716, 18716], "Number of reassociations (instcombine)": [387, 387, 387, 387, 387, 387, 387, 387, 387, 387, 387, 387, 392], "Number of instructions sunk (instcombine)": [4650, 4650, 4650, 4650, 4650, 4650, 4686, 4686, 4642, 4642, 4642, 4642, 4647], "Number of redundant instructions removed (instsimplify)": [6181, 6182, 6182, 6182, 6182, 6182, 6199, 6199, 6251, 6252, 6252, 6251, 6259], "Number of insts scanned while updating ibt (ipt)": [605817, 606892, 606702, 605867, 606450, 606640, 606633, 606324, 606498, 606321, 606550, 606269, 606432], "Number of instructions hoisted out of loop (licm)": [8610, 8610, 8610, 8610, 8613, 8613, 8613, 8613, 8613, 8613, 8613, 8613, 8613], "Number of loops rotated (loop-rotate)": [3083, 3083, 3083, 3083, 3083, 3083, 3091, 3091, 3091, 3091, 3091, 3091, 3091], "Number of loop exits with predictable exit counts (scalar-evolution)": [10046, 10046, 10046, 10048, 10066, 10066, 10068, 10068, 10068, 10062, 10061, 10066, 10063], "Number of loop exits without predictable exit counts (scalar-evolution)": [20177, 20182, 20182, 20182, 20182, 20182, 20186, 20186, 20186, 20178, 20177, 20182, 20182], "Number of speculative executed instructions (simplifycfg)": [1418, 1418, 1418, 1418, 1418, 1418, 1418, 1413, 1413, 1413, 1413, 1408, 1398], "Number of MayAlias results (aa)": [131788, 131780, 131754, 131738, 131716, 131713, 131716, 131697, 131688, 131694, 131629, 131501, 131092], "Number of NoAlias results (aa)": [744487, 745157, 746013, 746168, 747036, 747580, 748997, 749183, 748748, 749017, 749048, 749101, 751231], "Number of pointers maybe captured before (capture-tracking)": [4054, 4058, 4058, 4058, 4058, 4058, 4008, 4008, 3826, 3826, 3826, 3826, 3837], "Number of pointers not captured before (capture-tracking)": [1272, 1272, 1272, 1272, 1272, 1272, 1292, 1292, 1362, 1362, 1362, 1362, 1362], "Number of stores remaining after DSE (dse)": [27618, 27618, 27618, 27618, 27618, 27618, 27628, 27628, 27580, 27580, 27580, 27580, 27577], "Number of instructions deleted (gvn)": [10728, 10728, 10756, 10759, 10771, 10771, 10790, 10790, 10880, 10885, 10885, 10900, 10916], "Number of instructions simplified (gvn)": [6245, 6245, 6245, 6245, 6245, 6245, 6256, 6256, 6270, 6272, 6272, 6278, 6278], "Number of jumps threaded (jump-threading)": [4384, 4381, 4373, 4373, 4373, 4373, 4373, 4369, 4365, 4365, 4365, 4365, 4365], "Number of block queries that were completely cached (memdep)": [9845, 9848, 9856, 9856, 9856, 9856, 9856, 9856, 9856, 9857, 9857, 9860, 9862], "Number of fully cached non-local ptr responses (memdep)": [383984, 383984, 384068, 384065, 384077, 384077, 384199, 384199, 384511, 384514, 384523, 384547, 385565], "Number of uncached non-local ptr responses (memdep)": [267124, 267127, 267245, 267246, 267261, 267261, 267328, 267328, 267976, 267979, 267979, 267988, 268854], "Number of pointers maybe captured (capture-tracking)": [14435, 14440, 14406, 14402, 14390, 14390, 14434, 14434, 14394, 14389, 14389, 14374, 14328], "Number of common instructions hoisted up to the begin block (simplifycfg)": [5623, 5623, 5623, 5623, 5623, 5623, 5623, 5623, 5611, 5611, 5611, 5611, 5611], "Number of equalities propagated (gvn)": [457, 457, 457, 457, 457, 457, 454, 454, 454, 456, 454, 454, 454], "Number of loops vectorized (loop-vectorize)": [230, 230, 230, 230, 233, 233, 233, 233, 233, 233, 233, 233, 233], "Number of MustAlias results (aa)": [35043, 35145, 35216, 35258, 35312, 35352, 35419, 35428, 35317, 35324, 35324, 35347, 35571], "Number of stores deleted (dse)": [622, 622, 622, 622, 622, 622, 612, 612, 632, 632, 632, 632, 635], "Number of loads deleted (gvn)": [937, 937, 957, 959, 968, 968, 976, 976, 1056, 1059, 1059, 1068, 1088], "Number of loads PRE'd (gvn)": [1135, 1135, 1135, 1135, 1135, 1135, 1135, 1135, 1131, 1131, 1131, 1131, 1131], "Negator: How many negations did we retrieve/reuse from cache (instcombine)": [20, 20, 24, 26, 26, 26, 26, 26, 26, 26, 26, 26, 26], "Number of geps reassociated and hoisted out of the loop (licm)": [423, 423, 423, 423, 426, 426, 426, 426, 426, 426, 426, 426, 426], "Number of load and store promotions (licm)": [214, 214, 214, 214, 214, 214, 226, 226, 240, 240, 240, 240, 240], "Number of phis propagated (correlated-value-propagation)": [3627, 3627, 3627, 3627, 3627, 3627, 3625, 3625, 3623, 3623, 3623, 3622, 3618], "Number of PHI's that got CSE'd (local)": [254, 255, 255, 255, 255, 255, 255, 255, 255, 255, 255, 255, 255], "Number of branches folded into predecessor basic block (simplifycfg)": [1751, 1751, 1751, 1751, 1754, 1754, 1754, 1754, 1754, 1755, 1755, 1754, 1754], "Number of nested loops split out (loop-simplify)": [124, 125, 125, 125, 125, 125, 125, 125, 125, 125, 125, 125, 125], "Number of instructions removed (constraint-elimination)": [59, 59, 59, 59, 59, 59, 59, 59, 59, 59, 61, 61, 61], "Number of instructions sunk out of loop (licm)": [263, 264, 264, 264, 264, 264, 264, 264, 264, 264, 264, 264, 264], "Number of load instructions with unsolved size and offset (memory-builtins)": [2202, 2196, 2178, 2178, 2178, 2178, 2178, 2178, 2178, 2142, 2106, 2106, 2090], "Number of load-only promotions (licm)": [165, 165, 165, 165, 165, 165, 165, 165, 95, 95, 95, 95, 95], "Number of cached, but dirty, non-local ptr responses (memdep)": [59, 59, 59, 60, 63, 63, 63, 63, 63, 63, 63, 63, 70]}