{"Number of instructions simplified or DCE'd (early-cse)": [36903, 36914, 36915, 36915, 36915, 36915, 36915, 36915, 36916, 36916, 36916, 36916, 36916], "Number of insts combined (instcombine)": [204813, 204919, 204988, 205048, 205084, 205140, 205144, 205214, 205219, 205245, 205262, 205293, 205298], "Number of dead inst eliminated (instcombine)": [45422, 45422, 45434, 45434, 45434, 45434, 45434, 45434, 45434, 45434, 45434, 45434, 45434], "Number of reassociations (instsimplify)": [4919, 4919, 4917, 4917, 4917, 4917, 4917, 4917, 4917, 4917, 4917, 4917, 4917], "Number of blocks simplified (simplifycfg)": [83855, 83843, 83845, 83847, 83847, 83847, 83847, 83847, 83847, 83847, 83847, 83847, 83847], "compile-time (seconds)": [4.70617480099969, 4.673178985000334, 3.49324907200031, 3.293543270999862, 3.13719036800029, 3.098273905000042, 3.0740526910002473, 3.116575599000157, 2.7688442790000067, 2.7020455510010493, 2.4736139130005768, 2.5385726649998333, 2.3951709679998316], "Number of instructions CSE'd (early-cse)": [15902, 15902, 15902, 15902, 15902, 15902, 15902, 15902, 15901, 15901, 15901, 15901, 15901], "Number of insts scanned while updating ibt (ipt)": [606533, 606400, 606390, 606320, 606278, 606341, 606182, 606557, 605832, 606144, 606356, 606518, 606329], "Number of instructions removed (sccp)": [9577, 9571, 9569, 9569, 9569, 9569, 9573, 9573, 9573, 9573, 9573, 9573, 9573], "Number of MayAlias results (aa)": [131719, 131719, 131713, 131713, 131713, 131713, 131713, 131713, 131713, 131713, 131713, 131713, 131713], "Number of NoAlias results (aa)": [747612, 747612, 747580, 747580, 747580, 747580, 747580, 747580, 747580, 747580, 747580, 747580, 747580], "Number of stores remaining after DSE (dse)": [27622, 27622, 27618, 27618, 27618, 27618, 27618, 27618, 27618, 27618, 27618, 27618, 27618], "Number of instructions deleted (gvn)": [10779, 10779, 10771, 10771, 10771, 10771, 10771, 10771, 10771, 10771, 10771, 10771, 10771], "Number of instructions simplified (gvn)": [6249, 6249, 6245, 6245, 6245, 6245, 6245, 6245, 6245, 6245, 6245, 6245, 6245], "Number of block queries that were completely cached (memdep)": [9870, 9870, 9856, 9856, 9856, 9856, 9904, 9904, 9904, 9904, 9904, 9904, 9904], "Number of fully cached non-local ptr responses (memdep)": [384631, 384619, 384077, 384077, 384077, 384077, 384737, 384737, 384737, 384737, 384737, 384737, 384737], "Number of uncached non-local ptr responses (memdep)": [267371, 267347, 267269, 267261, 267261, 267261, 267253, 267253, 267253, 267253, 267253, 267253, 267253], "Number of equalities propagated (gvn)": [465, 465, 457, 457, 457, 457, 457, 457, 457, 457, 457, 457, 457], "Number of MustAlias results (aa)": [35364, 35364, 35352, 35352, 35352, 35352, 35352, 35352, 35352, 35352, 35352, 35352, 35352], "Number of other instrs removed (dse)": [114, 114, 112, 112, 112, 112, 112, 112, 112, 112, 112, 112, 112], "Number of stores deleted (dse)": [624, 624, 622, 622, 622, 622, 622, 622, 622, 622, 622, 622, 622], "Number of loads deleted (gvn)": [970, 970, 968, 968, 968, 968, 968, 968, 968, 968, 968, 968, 968], "Number of loads PRE'd (gvn)": [1137, 1137, 1135, 1135, 1135, 1135, 1135, 1135, 1135, 1135, 1135, 1135, 1135], "Number of basic blocks unreachable (sccp)": [2522, 2516, 2514, 2514, 2514, 2514, 2518, 2518, 2518, 2518, 2518, 2518, 2518], "Number of instructions removed (constraint-elimination)": [71, 67, 67, 59, 59, 59, 59, 59, 59, 59, 59, 59, 59], "Number of dead stores eliminated (instcombine)": [16, 16, 18, 18, 18, 18, 18, 18, 18, 18, 18, 18, 18]}