{"Number of blocks simplified (simplifycfg)": [83847, 83847, 83847, 83847, 83847, 83847, 83847, 83847, 83847, 83847, 83847, 83847, 83843], "compile-time (seconds)": [4.398126995000382, 4.721943256999566, 3.445342094999603, 3.2703290050007467, 3.1278385130004267, 3.085488508001106, 3.1367523669999855, 3.0863392049996605, 2.7903177880000953, 2.6334874280000236, 2.460717100999261, 2.311312082999848, 2.3785198299995045], "Number of instructions sunk (instcombine)": [4650, 4650, 4647, 4647, 4647, 4647, 4647, 4647, 4647, 4647, 4647, 4647, 4650], "Number of insts scanned while updating ibt (ipt)": [606133, 606258, 606705, 606295, 606405, 606587, 606220, 606623, 606674, 606546, 606364, 606882, 606641], "Number of MayAlias results (aa)": [131719, 131713, 131695, 131603, 131583, 131310, 131270, 131226, 131106, 130958, 130617, 130609, 128631], "Number of NoAlias results (aa)": [747686, 747580, 746356, 745649, 744042, 740892, 739896, 738665, 736826, 734766, 731472, 731079, 716664], "Number of pointers maybe captured before (capture-tracking)": [4058, 4058, 4058, 4058, 4058, 4058, 4058, 4058, 4054, 4050, 4050, 4050, 4006], "Number of pointers not captured before (capture-tracking)": [1272, 1272, 1272, 1272, 1272, 1272, 1272, 1272, 1272, 1272, 1272, 1272, 1270], "Number of stores remaining after DSE (dse)": [27618, 27618, 27621, 27621, 27621, 27621, 27621, 27621, 27621, 27621, 27621, 27621, 27679], "Number of arguments with unsolved size and offset (memory-builtins)": [5703, 5703, 5703, 5703, 5703, 5703, 5703, 5703, 5703, 5695, 5691, 5691, 5593], "Number of pointers maybe captured (capture-tracking)": [14390, 14390, 14390, 14390, 14390, 14390, 14390, 14390, 14390, 14390, 14390, 14390, 14394], "Number of common instructions hoisted up to the begin block (simplifycfg)": [5623, 5623, 5629, 5629, 5629, 5629, 5629, 5629, 5629, 5629, 5629, 5629, 5623], "Number of GEP instructions CSE'd (early-cse)": [29016, 29016, 29016, 29016, 29016, 29016, 29016, 29016, 29016, 29016, 29016, 29016, 29017], "Number of MustAlias results (aa)": [35352, 35352, 35340, 35315, 35311, 35232, 35224, 35223, 35206, 35159, 35040, 35023, 34473], "Number of other instrs removed (dse)": [112, 112, 112, 112, 112, 112, 112, 112, 112, 112, 112, 112, 104], "Number of stores deleted (dse)": [622, 622, 619, 619, 619, 619, 619, 619, 619, 619, 619, 619, 593], "Number of load instructions with unsolved size and offset (memory-builtins)": [2178, 2178, 2178, 2174, 2174, 2158, 2158, 2158, 2150, 2150, 2130, 2130, 2010]}