{
    "knob_name": "dse-memoryssa-partial-store-limit",
    "original_val": 5,
    "y_min": -100.0,
    "y_max": 54.20561147927978,
    "knob_values": [
        0,
        1,
        2,
        3,
        4,
        5,
        6,
        7,
        8,
        9,
        10,
        15,
        60
    ],
    "stats": [
        "Number of insts combined (instcombine)",
        "compile-time (seconds)",
        "bitcode-size (bytes)",
        "Number of insts scanned while updating ibt (ipt)",
        "Number of instructions hoisted out of loop (licm)",
        "Number of MayAlias results (aa)",
        "Number of NoAlias results (aa)",
        "Number of stores remaining after DSE (dse)",
        "Number of arguments with unsolved size and offset (memory-builtins)",
        "Number of MustAlias results (aa)",
        "Number of stores deleted (dse)",
        "Number of stores modified (dse)",
        "Number of stores dead by later partials (dse)"
    ],
    "stats_val": {
        "Number of insts combined (instcombine)": [
            -0.003899775762893634,
            -0.003899775762893634,
            0.0,
            0.0,
            0.0,
            0.0,
            0.0,
            0.0,
            0.0,
            0.0,
            0.0,
            0.0,
            0.0
        ],
        "compile-time (seconds)": [
            47.54392735627182,
            54.20561147927978,
            8.153945452677956,
            2.6557569317343863,
            1.5722236296352936,
            0.0,
            2.2300092957500643,
            -4.7002466830402145,
            -11.907821650704808,
            -20.433298577484063,
            -21.61959087637752,
            -26.686333365247222,
            -27.491517268659692
        ],
        "bitcode-size (bytes)": [
            -0.002111456251961288,
            -0.002111456251961288,
            0.0,
            0.0,
            0.0,
            0.0,
            0.0,
            0.0,
            0.0,
            0.0,
            0.0,
            0.0,
            0.0
        ],
        "Number of insts scanned while updating ibt (ipt)": [
            0.024904792770682933,
            -0.05640688163956002,
            -0.021441212319131004,
            -0.007586890512923278,
            -0.017152969855304803,
            0.0,
            0.031996886076241654,
            -0.029193035234509133,
            0.00593756648837474,
            0.03232675088115136,
            0.05013945034627558,
            0.017152969855304803,
            0.07669356714150705
        ],
        "Number of instructions hoisted out of loop (licm)": [
            -0.09288285150354116,
            -0.09288285150354116,
            0.0,
            0.0,
            0.0,
            0.0,
            0.0,
            0.0,
            0.0,
            0.0,
            0.0,
            0.0,
            0.0
        ],
        "Number of MayAlias results (aa)": [
            -6.188455201840365,
            -6.188455201840365,
            -1.0097712450555374,
            -0.10021789800551198,
            0.0,
            0.0,
            0.0,
            0.0,
            0.0,
            0.0,
            0.0,
            0.0,
            0.0
        ],
        "Number of NoAlias results (aa)": [
            -2.3917172744054147,
            -2.3917172744054147,
            -0.4659033146954172,
            -0.05243585970732229,
            0.0,
            0.0,
            0.0,
            0.0,
            0.0,
            0.0,
            0.0,
            0.0,
            0.0
        ],
        "Number of stores remaining after DSE (dse)": [
            0.014483307987544356,
            0.014483307987544356,
            0.0,
            0.0,
            0.0,
            0.0,
            0.0,
            0.0,
            0.0,
            0.0,
            0.0,
            0.0,
            0.0
        ],
        "Number of arguments with unsolved size and offset (memory-builtins)": [
            -1.7183938278099244,
            -1.7183938278099244,
            -0.03506926179203928,
            0.0,
            0.0,
            0.0,
            0.0,
            0.0,
            0.0,
            0.0,
            0.0,
            0.0,
            0.0
        ],
        "Number of MustAlias results (aa)": [
            -10.582145281737949,
            -10.582145281737949,
            -2.330844082371577,
            -0.4186467526589726,
            0.0,
            0.0,
            0.0,
            0.0,
            0.0,
            0.0,
            0.0,
            0.0,
            0.0
        ],
        "Number of stores deleted (dse)": [
            -0.6430868167202572,
            -0.6430868167202572,
            0.0,
            0.0,
            0.0,
            0.0,
            0.0,
            0.0,
            0.0,
            0.0,
            0.0,
            0.0,
            0.0
        ],
        "Number of stores modified (dse)": [
            -30.76923076923077,
            -30.76923076923077,
            0.0,
            0.0,
            0.0,
            0.0,
            0.0,
            0.0,
            0.0,
            0.0,
            0.0,
            0.0,
            0.0
        ],
        "Number of stores dead by later partials (dse)": [
            -100.0,
            -100.0,
            0.0,
            0.0,
            0.0,
            0.0,
            0.0,
            0.0,
            0.0,
            0.0,
            0.0,
            0.0,
            0.0
        ]
    }
}