{
    "knob_name": "dse-memoryssa-samebb-cost",
    "original_val": 1,
    "y_min": -7.7134986225895315,
    "y_max": 0.2208704468100514,
    "knob_values": [
        0,
        1,
        2,
        3,
        4,
        5,
        6,
        7,
        8,
        9,
        10,
        11,
        20
    ],
    "stats": [
        "Number of MayAlias results (aa)",
        "Number of insts scanned while updating ibt (ipt)",
        "Number of blocks simplified (simplifycfg)",
        "compile-time (instructions)",
        "bitcode-size (bytes)",
        "Number of NoAlias results (aa)",
        "Number of stores remaining after DSE (dse)",
        "Number of arguments with unsolved size and offset (memory-builtins)",
        "Number of pointers maybe captured (capture-tracking)",
        "Number of GEP instructions CSE'd (early-cse)",
        "Number of instructions sunk (instcombine)",
        "Number of pointers maybe captured before (capture-tracking)",
        "Number of pointers not captured before (capture-tracking)",
        "Number of common instructions hoisted up to the begin block (simplifycfg)",
        "Number of load instructions with unsolved size and offset (memory-builtins)",
        "Number of MustAlias results (aa)",
        "Number of other instrs removed (dse)",
        "Number of stores deleted (dse)"
    ],
    "stats_val": {
        "Number of MayAlias results (aa)": [
            0.0045553590002505445,
            0.0,
            -0.013666077000751634,
            -0.08351491500459332,
            -0.09869944500542847,
            -0.30596827951682826,
            -0.3363373395184986,
            -0.36974330552033585,
            -0.4608504855253468,
            -0.5732160075315269,
            -0.8321122440457662,
            -0.8381860560461002,
            -2.3399360731286967
        ],
        "Number of insts scanned while updating ibt (ipt)": [
            -0.005608330680372987,
            0.0,
            0.023587979038039327,
            0.05674311041318551,
            0.09154775081197081,
            0.016330139334027226,
            -0.025897291671134085,
            0.07851662952522181,
            0.08610437103396175,
            0.09237250532379036,
            -0.04024802017679437,
            0.007092888801648189,
            0.039918118372066554
        ],
        "Number of blocks simplified (simplifycfg)": [
            0.0,
            0.0,
            0.0,
            0.0,
            0.0,
            0.0,
            0.0,
            0.0,
            0.0,
            0.0,
            0.0,
            0.0,
            -0.0047705940582251005
        ],
        "compile-time (instructions)": [
            -1.7718028122227756,
            0.0,
            -2.580418330399972,
            -2.768736487134237,
            -3.11522427195914,
            -1.3642438425011327,
            -0.2674819479647614,
            -0.5521414499116628,
            -3.455875953060441,
            -2.4921772256447468,
            -3.3299138680307525,
            -2.579956118977332,
            -3.7747778028045964
        ],
        "bitcode-size (bytes)": [
            0.0,
            0.0,
            0.0,
            0.0,
            0.0,
            0.0,
            -0.0016573223609385693,
            -0.0016573223609385693,
            -0.0016573223609385693,
            -0.0016573223609385693,
            -0.0016573223609385693,
            -0.0016573223609385693,
            0.004971967082815708
        ],
        "Number of NoAlias results (aa)": [
            0.014179084512694293,
            0.0,
            -0.16372829663714922,
            -0.2583001150378555,
            -0.4732603868482303,
            -0.8946199737820703,
            -1.0278498622221033,
            -1.1925145134968833,
            -1.438508253297306,
            -1.7140640466572141,
            -2.154685786136601,
            -2.2072554107921563,
            -4.135477139570347
        ],
        "Number of stores remaining after DSE (dse)": [
            0.0,
            0.0,
            0.010862480990658266,
            0.010862480990658266,
            0.010862480990658266,
            0.010862480990658266,
            0.010862480990658266,
            0.010862480990658266,
            0.010862480990658266,
            0.010862480990658266,
            0.010862480990658266,
            0.010862480990658266,
            0.2208704468100514
        ],
        "Number of arguments with unsolved size and offset (memory-builtins)": [
            0.0,
            0.0,
            0.0,
            0.0,
            0.0,
            0.0,
            0.0,
            0.0,
            0.0,
            -0.14027704716815712,
            -0.21041557075223566,
            -0.21041557075223566,
            -1.9288093985621604
        ],
        "Number of pointers maybe captured (capture-tracking)": [
            0.0,
            0.0,
            0.0,
            0.0,
            0.0,
            0.0,
            0.0,
            0.0,
            0.0,
            0.0,
            0.0,
            0.0,
            0.02779708130646282
        ],
        "Number of GEP instructions CSE'd (early-cse)": [
            0.0,
            0.0,
            0.0,
            0.0,
            0.0,
            0.0,
            0.0,
            0.0,
            0.0,
            0.0,
            0.0,
            0.0,
            0.0034463744141163496
        ],
        "Number of instructions sunk (instcombine)": [
            0.0,
            0.0,
            -0.06451612903225806,
            -0.06451612903225806,
            -0.06451612903225806,
            -0.06451612903225806,
            -0.06451612903225806,
            -0.06451612903225806,
            -0.06451612903225806,
            -0.06451612903225806,
            -0.06451612903225806,
            -0.06451612903225806,
            0.0
        ],
        "Number of pointers maybe captured before (capture-tracking)": [
            0.0,
            0.0,
            0.0,
            0.0,
            0.0,
            0.0,
            0.0,
            0.0,
            -0.09857072449482504,
            -0.19714144898965008,
            -0.19714144898965008,
            -0.19714144898965008,
            -1.2814194184327254
        ],
        "Number of pointers not captured before (capture-tracking)": [
            0.0,
            0.0,
            0.0,
            0.0,
            0.0,
            0.0,
            0.0,
            0.0,
            0.0,
            0.0,
            0.0,
            0.0,
            -0.15723270440251574
        ],
        "Number of common instructions hoisted up to the begin block (simplifycfg)": [
            0.0,
            0.0,
            0.10670460608216253,
            0.10670460608216253,
            0.10670460608216253,
            0.10670460608216253,
            0.10670460608216253,
            0.10670460608216253,
            0.10670460608216253,
            0.10670460608216253,
            0.10670460608216253,
            0.10670460608216253,
            0.0
        ],
        "Number of load instructions with unsolved size and offset (memory-builtins)": [
            0.0,
            0.0,
            0.0,
            -0.18365472910927455,
            -0.18365472910927455,
            -0.9182736455463728,
            -0.9182736455463728,
            -0.9182736455463728,
            -1.285583103764922,
            -1.285583103764922,
            -2.203856749311295,
            -2.203856749311295,
            -7.7134986225895315
        ],