{
    "knob_name": "dse-memoryssa-partial-store-limit",
    "original_val": 5,
    "y_min": -100.0,
    "y_max": 9.440240006665832,
    "knob_values": [
        0,
        1,
        2,
        3,
        4,
        5,
        6,
        7,
        8,
        9,
        10,
        15,
        60
    ],
    "stats": [
        "Number of MayAlias results (aa)",
        "Number of insts combined (instcombine)",
        "Number of insts scanned while updating ibt (ipt)",
        "compile-time (instructions)",
        "bitcode-size (bytes)",
        "Number of NoAlias results (aa)",
        "Number of stores remaining after DSE (dse)",
        "Number of arguments with unsolved size and offset (memory-builtins)",
        "Number of instructions hoisted out of loop (licm)",
        "Number of MustAlias results (aa)",
        "Number of stores deleted (dse)",
        "Number of stores modified (dse)",
        "Number of stores dead by later partials (dse)"
    ],
    "stats_val": {
        "Number of MayAlias results (aa)": [
            -6.188455201840365,
            -6.188455201840365,
            -1.0097712450555374,
            -0.10021789800551198,
            0.0,
            0.0,
            0.0,
            0.0,
            0.0,
            0.0,
            0.0,
            0.0,
            0.0
        ],
        "Number of insts combined (instcombine)": [
            -0.003899775762893634,
            -0.003899775762893634,
            0.0,
            0.0,
            0.0,
            0.0,
            0.0,
            0.0,
            0.0,
            0.0,
            0.0,
            0.0,
            0.0
        ],
        "Number of insts scanned while updating ibt (ipt)": [
            0.053265962060782567,
            0.01583136952890132,
            0.020119032109645427,
            0.024571604789648923,
            -0.015006819032604375,
            0.0,
            0.042052075311144126,
            -0.010059516054822713,
            0.08410415062228825,
            -0.05095722067115112,
            0.008575325161488215,
            0.020448852308164202,
            0.04881338938077907
        ],
        "compile-time (instructions)": [
            2.1618747789382553,
            9.440240006665832,
            -0.9125201108671547,
            0.058579732767782736,
            -0.46201466708187255,
            0.0,
            0.44911520324944054,
            0.03943719657960737,
            -0.6343800068723295,
            0.17540411981229817,
            -0.9765174593468142,
            0.8676724948445248,
            -2.6378060960605323
        ],
        "bitcode-size (bytes)": [
            0.005524407869795231,
            0.005524407869795231,
            0.0,
            0.0,
            0.0,
            0.0,
            0.0,
            0.0,
            0.0,
            0.0,
            0.0,
            0.0,
            0.0
        ],
        "Number of NoAlias results (aa)": [
            -2.3917172744054147,
            -2.3917172744054147,
            -0.4659033146954172,
            -0.05243585970732229,
            0.0,
            0.0,
            0.0,
            0.0,
            0.0,
            0.0,
            0.0,
            0.0,
            0.0
        ],
        "Number of stores remaining after DSE (dse)": [
            0.014483307987544356,
            0.014483307987544356,
            0.0,
            0.0,
            0.0,
            0.0,
            0.0,
            0.0,
            0.0,
            0.0,
            0.0,
            0.0,
            0.0
        ],
        "Number of arguments with unsolved size and offset (memory-builtins)": [
            -1.7183938278099244,
            -1.7183938278099244,
            -0.03506926179203928,
            0.0,
            0.0,
            0.0,
            0.0,
            0.0,
            0.0,
            0.0,
            0.0,
            0.0,
            0.0
        ],
        "Number of instructions hoisted out of loop (licm)": [
            -0.09288285150354116,
            -0.09288285150354116,
            0.0,
            0.0,
            0.0,
            0.0,
            0.0,
            0.0,
            0.0,
            0.0,
            0.0,
            0.0,
            0.0
        ],
        "Number of MustAlias results (aa)": [
            -10.582145281737949,
            -10.582145281737949,
            -2.330844082371577,
            -0.4186467526589726,
            0.0,
            0.0,
            0.0,
            0.0,
            0.0,
            0.0,
            0.0,
            0.0,
            0.0
        ],
        "Number of stores deleted (dse)": [
            -0.6430868167202572,
            -0.6430868167202572,
            0.0,
            0.0,
            0.0,
            0.0,
            0.0,
            0.0,
            0.0,
            0.0,
            0.0,
            0.0,
            0.0
        ],
        "Number of stores modified (dse)": [
            -30.76923076923077,
            -30.76923076923077,
            0.0,
            0.0,
            0.0,
            0.0,
            0.0,
            0.0,
            0.0,
            0.0,
            0.0,
            0.0,
            0.0
        ],
        "Number of stores dead by later partials (dse)": [
            -100.0,
            -100.0,
            0.0,
            0.0,
            0.0,
            0.0,
            0.0,
            0.0,
            0.0,
            0.0,
            0.0,
            0.0,
            0.0
        ]
    }
}