{
    "knob_name": "dse-memoryssa-samebb-cost",
    "original_val": 1,
    "y_min": -48.63961039803292,
    "y_max": 7.045194601944034,
    "knob_values": [
        0,
        1,
        2,
        3,
        4,
        5,
        6,
        7,
        8,
        9,
        10,
        11,
        20
    ],
    "stats": [
        "Number of blocks simplified (simplifycfg)",
        "compile-time (seconds)",
        "bitcode-size (bytes)",
        "Number of instructions sunk (instcombine)",
        "Number of insts scanned while updating ibt (ipt)",
        "Number of MayAlias results (aa)",
        "Number of NoAlias results (aa)",
        "Number of pointers maybe captured before (capture-tracking)",
        "Number of pointers not captured before (capture-tracking)",
        "Number of stores remaining after DSE (dse)",
        "Number of arguments with unsolved size and offset (memory-builtins)",
        "Number of pointers maybe captured (capture-tracking)",
        "Number of common instructions hoisted up to the begin block (simplifycfg)",
        "Number of GEP instructions CSE'd (early-cse)",
        "Number of MustAlias results (aa)",
        "Number of other instrs removed (dse)",
        "Number of stores deleted (dse)",
        "Number of load instructions with unsolved size and offset (memory-builtins)"
    ],
    "stats_val": {
        "Number of blocks simplified (simplifycfg)": [
            0.0,
            0.0,
            0.0,
            0.0,
            0.0,
            0.0,
            0.0,
            0.0,
            0.0,
            0.0,
            0.0,
            0.0,
            -0.0047705940582251005
        ],
        "compile-time (seconds)": [
            7.045194601944034,
            0.0,
            -18.523660850349156,
            -28.147162477819478,
            -29.431568072146714,
            -29.54689969651599,
            -26.728305129179482,
            -33.80640995489419,
            -36.36417131436016,
            -42.326426541271914,
            -42.882154539364564,
            -46.035151790297,
            -48.63961039803292
        ],
        "bitcode-size (bytes)": [
            0.0,
            0.0,
            -7.280883627452718e-05,
            -7.280883627452718e-05,
            -7.280883627452718e-05,
            -7.280883627452718e-05,
            -0.00021842650882358152,
            -0.00021842650882358152,
            -0.00021842650882358152,
            -0.00021842650882358152,
            -0.0005582010781047083,
            -0.0005582010781047083,
            0.006479986428432918
        ],
        "Number of instructions sunk (instcombine)": [
            0.0,
            0.0,
            -0.06451612903225806,
            -0.06451612903225806,
            -0.06451612903225806,
            -0.06451612903225806,
            -0.06451612903225806,
            -0.06451612903225806,
            -0.06451612903225806,
            -0.06451612903225806,
            -0.06451612903225806,
            -0.06451612903225806,
            0.0
        ],
        "Number of insts scanned while updating ibt (ipt)": [
            0.048336275302307934,
            0.0,
            0.07968061764851445,
            -0.03167428279195605,
            0.04305722817031526,
            0.04388207928468912,
            0.08858900968375208,
            0.027220086774337234,
            0.024580563208340893,
            0.05839945889766897,
            -0.006928749360740387,
            -0.0049491066862431335,
            0.013197617829981688
        ],
        "Number of MayAlias results (aa)": [
            0.0045553590002505445,
            0.0,
            -0.013666077000751634,
            -0.08351491500459332,
            -0.09869944500542847,
            -0.30596827951682826,
            -0.3363373395184986,
            -0.36974330552033585,
            -0.4608504855253468,
            -0.5732160075315269,
            -0.8321122440457662,
            -0.8381860560461002,
            -2.3399360731286967
        ],
        "Number of NoAlias results (aa)": [
            0.014179084512694293,
            0.0,
            -0.16372829663714922,
            -0.2583001150378555,
            -0.4732603868482303,
            -0.8946199737820703,
            -1.0278498622221033,
            -1.1925145134968833,
            -1.438508253297306,
            -1.7140640466572141,
            -2.154685786136601,
            -2.2072554107921563,
            -4.135477139570347
        ],
        "Number of pointers maybe captured before (capture-tracking)": [
            0.0,
            0.0,
            0.0,
            0.0,
            0.0,
            0.0,
            0.0,
            0.0,
            -0.09857072449482504,
            -0.19714144898965008,
            -0.19714144898965008,
            -0.19714144898965008,
            -1.2814194184327254
        ],
        "Number of pointers not captured before (capture-tracking)": [
            0.0,
            0.0,
            0.0,
            0.0,
            0.0,
            0.0,
            0.0,
            0.0,
            0.0,
            0.0,
            0.0,
            0.0,
            -0.15723270440251574
        ],
        "Number of stores remaining after DSE (dse)": [
            0.0,
            0.0,
            0.010862480990658266,
            0.010862480990658266,
            0.010862480990658266,
            0.010862480990658266,
            0.010862480990658266,
            0.010862480990658266,
            0.010862480990658266,
            0.010862480990658266,
            0.010862480990658266,
            0.010862480990658266,
            0.2208704468100514
        ],
        "Number of arguments with unsolved size and offset (memory-builtins)": [
            0.0,
            0.0,
            0.0,
            0.0,
            0.0,
            0.0,
            0.0,
            0.0,
            0.0,
            -0.14027704716815712,
            -0.21041557075223566,
            -0.21041557075223566,
            -1.9288093985621604
        ],
        "Number of pointers maybe captured (capture-tracking)": [
            0.0,
            0.0,
            0.0,
            0.0,
            0.0,
            0.0,
            0.0,
            0.0,
            0.0,
            0.0,
            0.0,
            0.0,
            0.02779708130646282
        ],
        "Number of common instructions hoisted up to the begin block (simplifycfg)": [
            0.0,
            0.0,
            0.10670460608216253,
            0.10670460608216253,
            0.10670460608216253,
            0.10670460608216253,
            0.10670460608216253,
            0.10670460608216253,
            0.10670460608216253,
            0.10670460608216253,
            0.10670460608216253,
            0.10670460608216253,
            0.0
        ],
        "Number of GEP instructions CSE'd (early-cse)": [
            0.0,
            0.0,
            0.0,
            0.0,
            0.0,
            0.0,
            0.0,
            0.0,
            0.0,
            0.0,
            0.0,
            0.0,
            0.0034463744141163496
        ],
        "Number of MustAlias results (aa)": [
            0.0,
            0.0,
            -0.03394433129667345,
            -0.10466168816474315,
            -0.11597646526363431,
            -0.3394433129667346,
            -0.36207286716451687,
            -0.3649015614392397,
            -0.4129893641095271,
            -0.5459379950214981,
            -0.8825526137135099,
            -0.9306404163837971,
            -2.4864222674813306
        ],
        "Number of other instrs removed (dse)": [
            0.0,
            0.0,
            0.0,
            0.0,
            0.0,
            0.0,
            0.0,
            0.0,
            0.0,
            0.0,
            0.0,
            0.0,
            -7.142857142857142
        ],