{"Number of insts combined (instcombine)": [205131, 205131, 205131, 205131, 205140, 205140, 205140, 205140, 205144, 205144, 205144, 205144, 205144], "Number of blocks simplified (simplifycfg)": [83856, 83856, 83856, 83856, 83847, 83847, 83847, 83847, 83843, 83843, 83843, 83839, 83823], "compile-time (seconds)": [4.803188574000444, 4.379928449001341, 3.5542250809997427, 3.166834346000144, 3.1096341739998365, 3.0711377339997057, 3.178872179999985, 3.195794197000623, 2.7836534429999347, 2.616494098001226, 2.487314137000169, 2.3426012860002743, 2.2992448209997747], "Number of instructions sunk (instcombine)": [4650, 4650, 4650, 4650, 4650, 4650, 4647, 4647, 4647, 4647, 4647, 4647, 4647], "Number of redundant instructions removed (instsimplify)": [6179, 6179, 6179, 6179, 6182, 6182, 6182, 6182, 6186, 6186, 6186, 6186, 6186], "Number of insts scanned while updating ibt (ipt)": [606725, 606251, 606420, 606080, 606222, 606468, 606706, 606518, 606523, 606621, 606387, 606603, 606629], "Number of MayAlias results (aa)": [140838, 139694, 138205, 135659, 133477, 131713, 130365, 129256, 128260, 127301, 126444, 123278, 114049], "Number of NoAlias results (aa)": [915466, 850237, 807460, 778951, 761011, 747580, 738916, 731458, 725919, 720675, 717245, 702698, 666714], "Number of pointers maybe captured before (capture-tracking)": [4105, 4105, 4077, 4059, 4058, 4058, 4058, 4058, 4058, 4058, 4044, 4004, 3771], "Number of pointers not captured before (capture-tracking)": [1273, 1273, 1273, 1273, 1273, 1272, 1272, 1270, 1270, 1270, 1270, 1262, 1234], "Number of stores remaining after DSE (dse)": [27595, 27595, 27599, 27603, 27607, 27618, 27623, 27640, 27647, 27678, 27686, 27723, 27856], "Number of arguments with unsolved size and offset (memory-builtins)": [5742, 5740, 5727, 5720, 5718, 5703, 5695, 5688, 5684, 5672, 5640, 5585, 5156], "Number of pointers maybe captured (capture-tracking)": [14384, 14384, 14384, 14384, 14384, 14390, 14390, 14396, 14396, 14396, 14396, 14396, 14394], "Number of common instructions hoisted up to the begin block (simplifycfg)": [5627, 5627, 5629, 5629, 5623, 5623, 5629, 5629, 5629, 5629, 5629, 5627, 5629], "Number of MustAlias results (aa)": [37244, 36908, 36360, 36064, 35767, 35352, 35012, 34654, 34393, 34129, 33923, 33268, 29626], "Number of other instrs removed (dse)": [116, 116, 116, 116, 116, 112, 112, 112, 112, 104, 104, 103, 67], "Number of stores deleted (dse)": [645, 645, 641, 637, 633, 622, 617, 600, 593, 565, 557, 520, 419], "Number of load instructions with unsolved size and offset (memory-builtins)": [2262, 2262, 2262, 2262, 2244, 2178, 2118, 2056, 2030, 1998, 1958, 1752, 1398], "Number of stores modified (dse)": [156, 156, 156, 156, 156, 156, 156, 156, 156, 156, 156, 156, 88]}