{"Number of insts combined (instcombine)": [205132, 205132, 205140, 205140, 205140, 205140, 205140, 205140, 205140, 205140, 205140, 205140, 205140], "compile-time (seconds)": [4.570764974000781, 4.630290970999454, 3.6435569239993697, 3.2532910840010345, 3.069322629999533, 3.1507436760011274, 3.2547824729999775, 3.036155868000037, 2.8412750789998995, 2.6729770379999422, 2.5020501620002165, 2.417753077000498, 2.326350809999326], "Number of insts scanned while updating ibt (ipt)": [606135, 606031, 606556, 606171, 606088, 606189, 606212, 605966, 606193, 606443, 606639, 606168, 606770], "Number of instructions hoisted out of loop (licm)": [8605, 8605, 8613, 8613, 8613, 8613, 8613, 8613, 8613, 8613, 8613, 8613, 8613], "Number of MayAlias results (aa)": [123562, 123562, 130383, 131581, 131713, 131713, 131713, 131713, 131713, 131713, 131713, 131713, 131713], "Number of NoAlias results (aa)": [729700, 729700, 744097, 747188, 747580, 747580, 747580, 747580, 747580, 747580, 747580, 747580, 747580], "Number of stores remaining after DSE (dse)": [27622, 27622, 27618, 27618, 27618, 27618, 27618, 27618, 27618, 27618, 27618, 27618, 27618], "Number of arguments with unsolved size and offset (memory-builtins)": [5605, 5605, 5701, 5703, 5703, 5703, 5703, 5703, 5703, 5703, 5703, 5703, 5703], "Number of MustAlias results (aa)": [31611, 31611, 34528, 35204, 35352, 35352, 35352, 35352, 35352, 35352, 35352, 35352, 35352], "Number of stores deleted (dse)": [618, 618, 622, 622, 622, 622, 622, 622, 622, 622, 622, 622, 622], "Number of stores modified (dse)": [108, 108, 156, 156, 156, 156, 156, 156, 156, 156, 156, 156, 156], "Number of stores dead by later partials (dse)": [0, 0, 4, 4, 4, 4, 4, 4, 4, 4, 4, 4, 4]}