{"Number of insts combined (instcombine)": [205140, 205140, 207895, 204984, 206517, 204984, 204984, 204984, 205218, 204984, 204984, 204984, 204984], "Number of dead inst eliminated (instcombine)": [45434, 45434, 45735, 45416, 45558, 45416, 45416, 45416, 45443, 45416, 45416, 45416, 45416], "Number of reassociations (instsimplify)": [4917, 4917, 4926, 4917, 4926, 4917, 4917, 4917, 4917, 4917, 4917, 4917, 4917], "Number of blocks simplified (simplifycfg)": [83847, 83847, 83934, 83847, 83889, 83847, 83847, 83847, 83853, 83847, 83847, 83847, 83847], "compile-time (seconds)": [4.315208356000056, 4.218967782000277, 4.208872653999833, 3.3084955570006116, 3.106102034999907, 3.1110730400002637, 3.231033845999974, 2.994682660000052, 2.7667617219997283, 2.645131582999994, 2.5617236909996564, 2.381034830000459, 2.310159847000108], "Negator: Total number of values visited during attempts to sink negation (instcombine)": [20586, 20586, 21110, 20517, 20909, 20517, 20517, 20517, 20598, 20517, 20517, 20517, 20517], "Negator: Number of negations attempted to be sinked (instcombine)": [18716, 18716, 19204, 18647, 19003, 18647, 18647, 18647, 18728, 18647, 18647, 18647, 18647], "Number of reassociations (instcombine)": [387, 387, 390, 387, 390, 387, 387, 387, 387, 387, 387, 387, 387], "Number of redundant instructions removed (instsimplify)": [6182, 6182, 6236, 6182, 6230, 6182, 6182, 6182, 6182, 6182, 6182, 6182, 6182], "Number of insts scanned while updating ibt (ipt)": [606480, 606324, 610321, 605889, 608106, 605794, 605637, 605936, 606152, 605802, 606177, 606118, 606017], "Number of instructions hoisted out of loop (licm)": [8613, 8613, 8739, 8607, 8694, 8607, 8607, 8607, 8616, 8607, 8607, 8607, 8607], "Number of loop exits with predictable exit counts (scalar-evolution)": [10066, 10066, 10429, 10039, 10239, 10039, 10039, 10039, 10075, 10039, 10039, 10039, 10039], "Number of MayAlias results (aa)": [131713, 131713, 132080, 131721, 131929, 131721, 131721, 131721, 131737, 131721, 131721, 131721, 131721], "Number of NoAlias results (aa)": [747580, 747580, 747690, 747752, 747527, 747752, 747752, 747752, 747580, 747752, 747752, 747752, 747752], "Number of pointers maybe captured (capture-tracking)": [14390, 14390, 14406, 14390, 14402, 14390, 14390, 14390, 14390, 14390, 14390, 14390, 14390], "Number of common instruction 'blocks' hoisted up to the begin block (simplifycfg)": [2099, 2099, 2107, 2099, 2099, 2099, 2099, 2099, 2099, 2099, 2099, 2099, 2099], "Number of common instructions hoisted up to the begin block (simplifycfg)": [5623, 5623, 5631, 5623, 5623, 5623, 5623, 5623, 5623, 5623, 5623, 5623, 5623], "Number of pointers not captured (capture-tracking)": [4196, 4196, 4200, 4196, 4196, 4196, 4196, 4196, 4196, 4196, 4196, 4196, 4196], "Number of vector instructions generated (SLP)": [1202, 1202, 1133, 1202, 1133, 1202, 1202, 1202, 1202, 1202, 1202, 1202, 1202], "Number of MustAlias results (aa)": [35352, 35352, 35358, 35352, 35358, 35352, 35352, 35352, 35352, 35352, 35352, 35352, 35352], "Number of value comparisons folded into predecessor basic blocks (simplifycfg)": [885, 885, 904, 885, 885, 885, 885, 885, 885, 885, 885, 885, 885], "Number of geps reassociated and hoisted out of the loop (licm)": [426, 426, 453, 420, 447, 420, 420, 420, 429, 420, 420, 420, 420], "Number of branches folded into predecessor basic block (simplifycfg)": [1754, 1754, 1751, 1754, 1754, 1754, 1754, 1754, 1754, 1754, 1754, 1754, 1754], "Number of unreachable basic blocks removed (local)": [1410, 1410, 1524, 1410, 1482, 1410, 1410, 1410, 1428, 1410, 1410, 1410, 1410], "Number of epilogues vectorized (loop-vectorize)": [15, 15, 211, 0, 115, 0, 0, 0, 24, 0, 0, 0, 0], "Number of PHI's that got CSE'd (instcombine)": [97, 97, 100, 97, 100, 97, 97, 97, 100, 97, 97, 97, 97]}