{"Number of insts combined (instcombine)": [205272, 205272, 205140, 205140, 205140, 205140, 204984, 204984, 204984, 204984, 204984, 204984, 204984], "Number of dead inst eliminated (instcombine)": [45449, 45449, 45434, 45434, 45434, 45434, 45416, 45416, 45416, 45416, 45416, 45416, 45416], "compile-time (seconds)": [4.662477017999095, 4.649322464000704, 3.5330440510006724, 3.236740020999889, 3.1478490199996827, 3.188680170999419, 3.158084551000627, 3.2558709029991633, 2.7971035509999638, 2.6611853089999613, 2.4775852499999473, 2.4346130670007824, 2.4143292760010127], "Negator: Total number of values visited during attempts to sink negation (instcombine)": [20619, 20619, 20586, 20586, 20586, 20586, 20517, 20517, 20517, 20517, 20517, 20517, 20517], "Negator: Number of negations attempted to be sinked (instcombine)": [18749, 18749, 18716, 18716, 18716, 18716, 18647, 18647, 18647, 18647, 18647, 18647, 18647], "Number of redundant instructions removed (instsimplify)": [6218, 6218, 6182, 6182, 6182, 6182, 6182, 6182, 6182, 6182, 6182, 6182, 6182], "Number of insts scanned while updating ibt (ipt)": [606986, 607080, 606532, 606476, 606340, 606635, 605875, 605637, 605995, 605857, 605991, 605737, 605974], "Number of instructions hoisted out of loop (licm)": [8643, 8643, 8613, 8613, 8613, 8613, 8607, 8607, 8607, 8607, 8607, 8607, 8607], "Number of loop exits with predictable exit counts (scalar-evolution)": [10078, 10078, 10066, 10066, 10066, 10066, 10039, 10039, 10039, 10039, 10039, 10039, 10039], "Number of MayAlias results (aa)": [131725, 131725, 131713, 131713, 131713, 131713, 131721, 131721, 131721, 131721, 131721, 131721, 131721], "Number of NoAlias results (aa)": [747451, 747451, 747580, 747580, 747580, 747580, 747752, 747752, 747752, 747752, 747752, 747752, 747752], "Number of pointers maybe captured (capture-tracking)": [14402, 14402, 14390, 14390, 14390, 14390, 14390, 14390, 14390, 14390, 14390, 14390, 14390], "Number of vector instructions generated (SLP)": [1133, 1133, 1202, 1202, 1202, 1202, 1202, 1202, 1202, 1202, 1202, 1202, 1202], "Number of MustAlias results (aa)": [35358, 35358, 35352, 35352, 35352, 35352, 35352, 35352, 35352, 35352, 35352, 35352, 35352], "Number of geps reassociated and hoisted out of the loop (licm)": [438, 438, 426, 426, 426, 426, 420, 420, 420, 420, 420, 420, 420], "Number of epilogues vectorized (loop-vectorize)": [21, 21, 15, 15, 15, 15, 0, 0, 0, 0, 0, 0, 0]}