{
    "knob_name": "epilogue-vectorization-minimum-VF",
    "original_val": 16,
    "y_min": -100.0,
    "y_max": 40.0,
    "knob_values": [
        6,
        8,
        10,
        12,
        14,
        16,
        18,
        20,
        22,
        24,
        26,
        48,
        192
    ],
    "stats": [
        "Number of MayAlias results (aa)",
        "Negator: Total number of values visited during attempts to sink negation (instcombine)",
        "Negator: Number of negations attempted to be sinked (instcombine)",
        "Number of insts combined (instcombine)",
        "Number of dead inst eliminated (instcombine)",
        "Number of redundant instructions removed (instsimplify)",
        "Number of insts scanned while updating ibt (ipt)",
        "Number of loop exits with predictable exit counts (scalar-evolution)",
        "compile-time (instructions)",
        "bitcode-size (bytes)",
        "Number of NoAlias results (aa)",
        "Number of pointers maybe captured (capture-tracking)",
        "Number of instructions hoisted out of loop (licm)",
        "Number of vector instructions generated (SLP)",
        "Number of MustAlias results (aa)",
        "Number of geps reassociated and hoisted out of the loop (licm)",
        "Number of epilogues vectorized (loop-vectorize)"
    ],
    "stats_val": {
        "Number of MayAlias results (aa)": [
            0.009110718000501089,
            0.009110718000501089,
            0.0,
            0.0,
            0.0,
            0.0,
            0.00607381200033406,
            0.00607381200033406,
            0.00607381200033406,
            0.00607381200033406,
            0.00607381200033406,
            0.00607381200033406,
            0.00607381200033406
        ],
        "Negator: Total number of values visited during attempts to sink negation (instcombine)": [
            0.1603031186243078,
            0.1603031186243078,
            0.0,
            0.0,
            0.0,
            0.0,
            -0.33517924803264354,
            -0.33517924803264354,
            -0.33517924803264354,
            -0.33517924803264354,
            -0.33517924803264354,
            -0.33517924803264354,
            -0.33517924803264354
        ],
        "Negator: Number of negations attempted to be sinked (instcombine)": [
            0.17631972643727292,
            0.17631972643727292,
            0.0,
            0.0,
            0.0,
            0.0,
            -0.3686685189142979,
            -0.3686685189142979,
            -0.3686685189142979,
            -0.3686685189142979,
            -0.3686685189142979,
            -0.3686685189142979,
            -0.3686685189142979
        ],
        "Number of insts combined (instcombine)": [
            0.06434630008774495,
            0.06434630008774495,
            0.0,
            0.0,
            0.0,
            0.0,
            -0.07604562737642585,
            -0.07604562737642585,
            -0.07604562737642585,
            -0.07604562737642585,
            -0.07604562737642585,
            -0.07604562737642585,
            -0.07604562737642585
        ],
        "Number of dead inst eliminated (instcombine)": [
            0.03301492274508078,
            0.03301492274508078,
            0.0,
            0.0,
            0.0,
            0.0,
            -0.039617907294096935,
            -0.039617907294096935,
            -0.039617907294096935,
            -0.039617907294096935,
            -0.039617907294096935,
            -0.039617907294096935,
            -0.039617907294096935
        ],
        "Number of redundant instructions removed (instsimplify)": [
            0.5823358136525397,
            0.5823358136525397,
            0.0,
            0.0,
            0.0,
            0.0,
            0.0,
            0.0,
            0.0,
            0.0,
            0.0,
            0.0,
            0.0
        ],
        "Number of insts scanned while updating ibt (ipt)": [
            0.03693858300957105,
            0.07898920206064523,
            0.01599572567825175,
            -0.021602474885061642,
            0.017809673951043187,
            0.0,
            0.012862542297975633,
            -0.09828301550760868,
            -0.027868841645613877,
            -0.08063824594500109,
            -0.03875253128236249,
            -0.13983892139337611,
            -0.1025705296069339
        ],
        "Number of loop exits with predictable exit counts (scalar-evolution)": [
            0.11921319292668389,
            0.11921319292668389,
            0.0,
            0.0,
            0.0,
            0.0,
            -0.2682296840850387,
            -0.2682296840850387,
            -0.2682296840850387,
            -0.2682296840850387,
            -0.2682296840850387,
            -0.2682296840850387,
            -0.2682296840850387
        ],
        "compile-time (instructions)": [
            7.797197072738853,
            3.6638922952369133,
            -0.336263149852795,
            -0.0012256824662320973,
            0.3774491540248782,
            0.0,
            1.8694966442462109,
            1.0062450000378225,
            -0.40945648834871856,
            2.7766454157219163,
            -1.2989545213733724,
            -0.8195938972768598,
            -0.0321755187491309
        ],
        "bitcode-size (bytes)": [
            0.08597359747368828,
            0.08597359747368828,
            0.0,
            0.0,
            0.0,
            0.0,
            -0.04474770374534137,
            -0.04474770374534137,
            -0.04474770374534137,
            -0.04474770374534137,
            -0.04474770374534137,
            -0.04474770374534137,
            -0.04474770374534137
        ],
        "Number of NoAlias results (aa)": [
            -0.01725567832205249,
            -0.01725567832205249,
            0.0,
            0.0,
            0.0,
            0.0,
            0.023007571096069986,
            0.023007571096069986,
            0.023007571096069986,
            0.023007571096069986,
            0.023007571096069986,
            0.023007571096069986,
            0.023007571096069986
        ],
        "Number of pointers maybe captured (capture-tracking)": [
            0.08339124391938846,
            0.08339124391938846,
            0.0,
            0.0,
            0.0,
            0.0,
            0.0,
            0.0,
            0.0,
            0.0,
            0.0,
            0.0,
            0.0
        ],
        "Number of instructions hoisted out of loop (licm)": [
            0.34831069313827934,
            0.34831069313827934,
            0.0,
            0.0,
            0.0,
            0.0,
            -0.06966213862765587,
            -0.06966213862765587,
            -0.06966213862765587,
            -0.06966213862765587,
            -0.06966213862765587,
            -0.06966213862765587,
            -0.06966213862765587
        ],
        "Number of vector instructions generated (SLP)": [
            -5.740432612312811,
            -5.740432612312811,
            0.0,
            0.0,
            0.0,
            0.0,
            0.0,
            0.0,
            0.0,
            0.0,
            0.0,
            0.0,
            0.0
        ],
        "Number of MustAlias results (aa)": [
            0.016972165648336725,
            0.016972165648336725,
            0.0,
            0.0,
            0.0,
            0.0,
            0.0,
            0.0,
            0.0,
            0.0,
            0.0,
            0.0,
            0.0
        ],