{"compile-time (seconds)": [4.369339997000054, 4.265887292999935, 4.1819270820003, 3.2797014700007026, 3.2313250349997134, 3.144232444000181, 3.1747007139991865, 3.0393848310004614, 2.748111570999413, 2.6560655270010898, 2.567926767999552, 2.3674633260003475, 2.2982504059991697], "Number of insts scanned while updating ibt (ipt)": [606904, 606116, 606468, 606712, 606713, 606209, 606519, 606500, 606098, 606009, 606106, 606355, 606421]}