{
    "knob_name": "expand-div-rem-bits",
    "original_val": 8388608,
    "y_min": -2.382700885898321,
    "y_max": 6.849954799905995,
    "knob_values": [
        0,
        419430,
        838859,
        1677720,
        2516581,
        3355442,
        4194303,
        5033164,
        5872025,
        6710886,
        7549747,
        7969178,
        8388608
    ],
    "stats": [
        "Number of insts scanned while updating ibt (ipt)",
        "compile-time (instructions)",
        "bitcode-size (bytes)"
    ],
    "stats_val": {
        "Number of insts scanned while updating ibt (ipt)": [
            0.005933974642148362,
            -0.014505271347473774,
            -0.04730696450823833,
            -0.06609788420837481,
            -0.0321423626449703,
            -0.06774621049786046,
            -0.085383301795357,
            -0.0479662950240326,
            -0.08258114710323138,
            -0.10714120881656765,
            -0.048131127652981165,
            -0.053570604408283824,
            0.0
        ],
        "compile-time (instructions)": [
            3.419966393335476,
            6.849954799905995,
            -2.382700885898321,
            -0.9966874297142653,
            1.3652710399118346,
            -1.0121420737057454,
            0.7413079088991898,
            -1.125439572630368,
            0.9359563569041185,
            0.36706506438179926,
            -0.8000117574996228,
            -2.1381949385841805,
            0.0
        ],
        "bitcode-size (bytes)": [
            0.0,
            0.0,
            0.0,
            0.0,
            0.0,
            0.0,
            0.0,
            0.0,
            0.0,
            0.0,
            0.0,
            0.0,
            0.0
        ]
    }
}