{"compile-time (seconds)": [4.701911596000571, 4.517626024000492, 3.4323464590008257, 3.2222657849999337, 3.245091695999349, 3.0679632170001128, 3.2028869799996755, 3.1753965529999846, 2.7954476760007765, 2.596291240999733, 2.5078148599996553, 2.3879326920000494, 2.3902024929994923], "Number of insts scanned while updating ibt (ipt)": [606511, 606086, 606289, 606092, 606633, 606312, 606201, 606365, 606607, 606396, 606593, 606327, 606394]}