{
    "knob_name": "force-target-num-vector-regs",
    "original_val": 0,
    "y_min": -4.822610753316926,
    "y_max": 0.7042253521126761,
    "knob_values": [
        0,
        1,
        2,
        3,
        4,
        5,
        6,
        7,
        8,
        9,
        10,
        20,
        100
    ],
    "stats": [
        "Number of MayAlias results (aa)",
        "Number of insts combined (instcombine)",
        "Number of dead inst eliminated (instcombine)",
        "Number of redundant instructions removed (instsimplify)",
        "Number of insts scanned while updating ibt (ipt)",
        "Number of loop exits with predictable exit counts (scalar-evolution)",
        "Number of blocks simplified (simplifycfg)",
        "compile-time (instructions)",
        "bitcode-size (bytes)",
        "Number of NoAlias results (aa)",
        "Number of instructions hoisted out of loop (licm)",
        "Number of geps reassociated and hoisted out of the loop (licm)"
    ],
    "stats_val": {
        "Number of MayAlias results (aa)": [
            0.0,
            -0.16171524450889432,
            -0.24523015951348767,
            -0.15412297950847675,
            -0.13438309050739106,
            -0.1928435310106064,
            -0.17006673600935368,
            -0.05921966700325708,
            -0.022776795001252723,
            -0.022776795001252723,
            -0.009110718000501089,
            0.0,
            0.0
        ],
        "Number of insts combined (instcombine)": [
            0.0,
            -0.1982793058762776,
            -0.319098145820545,
            -0.20850993345220345,
            -0.16904894137363227,
            -0.18609998733350872,
            -0.14274161332125146,
            -0.06284528368068751,
            -0.07453742948174565,
            -0.07746046593201017,
            -0.07307591125661338,
            -0.06138376545555523,
            0.0
        ],
        "Number of dead inst eliminated (instcombine)": [
            0.0,
            -0.7716999384398909,
            -1.0992876615952862,
            -0.6441825696948378,
            -0.6529768709876,
            -0.745317034561604,
            -0.6463811450180283,
            -0.3363820244481576,
            -0.23744613490458183,
            -0.24184328555096296,
            -0.1758860258552458,
            -0.10992876615952861,
            0.0
        ],
        "Number of redundant instructions removed (instsimplify)": [
            0.0,
            -0.2407318247472316,
            -1.0752688172043012,
            -1.0271224522548548,
            -0.2888781896966779,
            -0.19258545979778527,
            -0.04814636494944632,
            0.0,
            -0.6740491092922485,
            -0.7863906275076231,
            -0.7863906275076231,
            -0.7863906275076231,
            0.0
        ],
        "Number of insts scanned while updating ibt (ipt)": [
            0.0,
            -0.19117150226192145,
            -0.22100084873554882,
            -0.22891139365673177,
            -0.1222838402399532,
            -0.14964114142571092,
            -0.1765040335538947,
            -0.09970582661074351,
            -0.1067923564359699,
            -0.05751625369776774,
            -0.0611419201199766,
            -0.06361396540784627,
            0.000824015095956558
        ],
        "Number of loop exits with predictable exit counts (scalar-evolution)": [
            0.0,
            -0.029803298231670973,
            -0.029803298231670973,
            -0.029803298231670973,
            -0.029803298231670973,
            0.0,
            0.0,
            0.0,
            0.0,
            0.0,
            0.0,
            0.0,
            0.0
        ],
        "Number of blocks simplified (simplifycfg)": [
            0.0,
            0.003577945543668825,
            0.003577945543668825,
            0.0,
            0.003577945543668825,
            0.003577945543668825,
            0.0,
            0.0,
            0.0,
            0.0,
            0.0,
            0.0,
            0.0
        ],
        "compile-time (instructions)": [
            0.0,
            -4.822610753316926,
            -3.694267472150086,
            -4.732239728095243,
            -2.052962450641505,
            -4.030507402724945,
            -2.7528357900284384,
            -1.4481720582221254,
            0.4332333664033765,
            -1.196097948193379,
            -4.065604874644737,
            -3.0781445027614716,
            -3.120548160399224
        ],
        "bitcode-size (bytes)": [
            0.0,
            -0.0820958848186799,
            -0.23755698658755464,
            -0.1878301391627048,
            -0.07836895940446492,
            -0.16432980391196036,
            -0.13903502309140872,
            -0.030781643235923695,
            -0.05511018413427146,
            -0.06256403496270141,
            -0.06125270935399615,
            -0.0549721498596709,
            0.0
        ],
        "Number of NoAlias results (aa)": [
            0.0,
            -0.025147810267797426,
            -0.0355814762299687,
            -0.020867331924342546,
            -0.013510259771529469,
            -0.026485459750127074,
            -0.028893228818320446,
            -0.012038845340966853,
            -0.0064207175151823215,
            -0.0064207175151823215,
            -0.0020064742234944754,
            0.0,
            0.0
        ],
        "Number of instructions hoisted out of loop (licm)": [
            0.0,
            -0.10449320794148381,
            -0.06966213862765587,
            0.034831069313827935,
            0.0,
            -0.10449320794148381,
            -0.06966213862765587,
            0.0,
            0.0,
            0.0,
            0.0,
            0.0,
            0.0
        ],
        "Number of geps reassociated and hoisted out of the loop (licm)": [
            0.0,
            0.0,
            0.7042253521126761,
            0.7042253521126761,
            0.7042253521126761,
            0.0,
            0.0,
            0.0,
            0.0,
            0.0,
            0.0,
            0.0,
            0.0
        ]
    }
}