{"Number of insts combined (instcombine)": [205266, 204859, 204611, 204838, 204919, 204884, 204973, 205137, 205113, 205107, 205116, 205140, 205266], "Number of dead inst eliminated (instcombine)": [45484, 45133, 44984, 45191, 45187, 45145, 45190, 45331, 45376, 45374, 45404, 45434, 45484], "Number of blocks simplified (simplifycfg)": [83847, 83850, 83850, 83847, 83850, 83850, 83847, 83847, 83847, 83847, 83847, 83847, 83847], "compile-time (seconds)": [4.573777105000289, 4.583227903999671, 3.5022363169997845, 3.2506114790002982, 2.9914698229997043, 3.088725850000287, 3.198782280000387, 3.174786186000347, 2.8231093219999366, 2.699866267000374, 2.496538625999932, 2.4616887260002613, 2.262724075999415], "Number of redundant instructions removed (instsimplify)": [6231, 6216, 6164, 6167, 6213, 6219, 6228, 6231, 6189, 6182, 6182, 6182, 6231], "Number of insts scanned while updating ibt (ipt)": [606427, 605694, 605099, 605550, 605489, 605426, 605509, 606219, 606833, 605950, 605998, 606668, 606741], "Number of instructions hoisted out of loop (licm)": [8613, 8604, 8607, 8616, 8613, 8604, 8607, 8613, 8613, 8613, 8613, 8613, 8613], "Number of loop exits with predictable exit counts (scalar-evolution)": [10066, 10063, 10063, 10063, 10063, 10066, 10066, 10066, 10066, 10066, 10066, 10066, 10066], "Number of MayAlias results (aa)": [131713, 131500, 131390, 131510, 131536, 131459, 131489, 131635, 131683, 131683, 131701, 131713, 131713], "Number of NoAlias results (aa)": [747580, 747392, 747314, 747424, 747479, 747382, 747364, 747490, 747532, 747532, 747565, 747580, 747580], "Number of geps reassociated and hoisted out of the loop (licm)": [426, 426, 429, 429, 429, 426, 426, 426, 426, 426, 426, 426, 426]}