{
    "knob_name": "force-target-num-vector-regs",
    "original_val": 0,
    "y_min": -49.9419911814951,
    "y_max": 1.3286318956260432,
    "knob_values": [
        0,
        1,
        2,
        3,
        4,
        5,
        6,
        7,
        8,
        9,
        10,
        20,
        100
    ],
    "stats": [
        "Number of insts combined (instcombine)",
        "Number of dead inst eliminated (instcombine)",
        "Number of blocks simplified (simplifycfg)",
        "compile-time (seconds)",
        "bitcode-size (bytes)",
        "Number of redundant instructions removed (instsimplify)",
        "Number of insts scanned while updating ibt (ipt)",
        "Number of instructions hoisted out of loop (licm)",
        "Number of loop exits with predictable exit counts (scalar-evolution)",
        "Number of MayAlias results (aa)",
        "Number of NoAlias results (aa)",
        "Number of geps reassociated and hoisted out of the loop (licm)"
    ],
    "stats_val": {
        "Number of insts combined (instcombine)": [
            0.0,
            -0.1982793058762776,
            -0.319098145820545,
            -0.20850993345220345,
            -0.16904894137363227,
            -0.18609998733350872,
            -0.14274161332125146,
            -0.06284528368068751,
            -0.07453742948174565,
            -0.07746046593201017,
            -0.07307591125661338,
            -0.06138376545555523,
            0.0
        ],
        "Number of dead inst eliminated (instcombine)": [
            0.0,
            -0.7716999384398909,
            -1.0992876615952862,
            -0.6441825696948378,
            -0.6529768709876,
            -0.745317034561604,
            -0.6463811450180283,
            -0.3363820244481576,
            -0.23744613490458183,
            -0.24184328555096296,
            -0.1758860258552458,
            -0.10992876615952861,
            0.0
        ],
        "Number of blocks simplified (simplifycfg)": [
            0.0,
            0.003577945543668825,
            0.003577945543668825,
            0.0,
            0.003577945543668825,
            0.003577945543668825,
            0.0,
            0.0,
            0.0,
            0.0,
            0.0,
            0.0,
            0.0
        ],
        "compile-time (seconds)": [
            0.0,
            1.3286318956260432,
            -23.008050927366053,
            -27.93147097353354,
            -34.442697832693774,
            -32.59745496438424,
            -30.624076925350924,
            -35.521551230401094,
            -39.21472760985708,
            -43.37875857216646,
            -44.858025641548174,
            -46.7261335147832,
            -49.9419911814951
        ],
        "bitcode-size (bytes)": [
            0.0,
            -0.04091118874908338,
            -0.07597445550022543,
            -0.05323792889412155,
            -0.035500041008249696,
            -0.045739970813773526,
            -0.03445663583849253,
            -0.012933371057687689,
            -0.020673981503095518,
            -0.02203283474743043,
            -0.02004308535394002,
            -0.018029070723943625,
            0.0
        ],
        "Number of redundant instructions removed (instsimplify)": [
            0.0,
            -0.2407318247472316,
            -1.0752688172043012,
            -1.0271224522548548,
            -0.2888781896966779,
            -0.19258545979778527,
            -0.04814636494944632,
            0.0,
            -0.6740491092922485,
            -0.7863906275076231,
            -0.7863906275076231,
            -0.7863906275076231,
            0.0
        ],
        "Number of insts scanned while updating ibt (ipt)": [
            0.0,
            -0.04716249954651443,
            -0.17413845986405327,
            -0.048976441836764986,
            -0.10718749896935097,
            -0.08888317222227719,
            -0.06365288400333766,
            0.05441826870751664,
            -0.13522115254595046,
            0.0028033653576599485,
            0.015995672923118532,
            -0.046173076479105034,
            0.06216874940222357
        ],
        "Number of instructions hoisted out of loop (licm)": [
            0.0,
            -0.10449320794148381,
            -0.06966213862765587,
            0.034831069313827935,
            0.0,
            -0.10449320794148381,
            -0.06966213862765587,
            0.0,
            0.0,
            0.0,
            0.0,
            0.0,
            0.0
        ],
        "Number of loop exits with predictable exit counts (scalar-evolution)": [
            0.0,
            -0.029803298231670973,
            -0.029803298231670973,
            -0.029803298231670973,
            -0.029803298231670973,
            0.0,
            0.0,
            0.0,
            0.0,
            0.0,
            0.0,
            0.0,
            0.0
        ],
        "Number of MayAlias results (aa)": [
            0.0,
            -0.16171524450889432,
            -0.24523015951348767,
            -0.15412297950847675,
            -0.13438309050739106,
            -0.1928435310106064,
            -0.17006673600935368,
            -0.05921966700325708,
            -0.022776795001252723,
            -0.022776795001252723,
            -0.009110718000501089,
            0.0,
            0.0
        ],
        "Number of NoAlias results (aa)": [
            0.0,
            -0.025147810267797426,
            -0.0355814762299687,
            -0.020867331924342546,
            -0.013510259771529469,
            -0.026485459750127074,
            -0.028893228818320446,
            -0.012038845340966853,
            -0.0064207175151823215,
            -0.0064207175151823215,
            -0.0020064742234944754,
            0.0,
            0.0
        ],
        "Number of geps reassociated and hoisted out of the loop (licm)": [
            0.0,
            0.0,
            0.7042253521126761,
            0.7042253521126761,
            0.7042253521126761,
            0.0,
            0.0,
            0.0,
            0.0,
            0.0,
            0.0,
            0.0,
            0.0
        ]
    }
}