{"Number of insts combined (instcombine)": [199263, 206264, 205906, 205685, 205689, 205701, 205704, 205707, 205707, 205707, 205707, 205712, 205712], "Number of dead inst eliminated (instcombine)": [42856, 45821, 45608, 45416, 45386, 45386, 45386, 45386, 45386, 45386, 45386, 45386, 45386], "Number of reassociations (instsimplify)": [4897, 4917, 4917, 4917, 4917, 4917, 4917, 4917, 4917, 4917, 4917, 4917, 4917], "Number of blocks simplified (simplifycfg)": [83418, 83901, 83902, 83904, 83902, 83905, 83905, 83905, 83905, 83905, 83905, 83905, 83905], "compile-time (seconds)": [4.431473198999839, 4.256009141999797, 4.055441709000291, 3.2853550209999867, 3.222650433999746, 3.154138375000059, 3.274941016999904, 2.9107075229998713, 2.7359445070000277, 2.62030978699984, 2.4434163129999575, 2.3925057730000105, 2.4024557600002936], "Negator: Maximal traversal depth ever reached while attempting to sink negation (instcombine)": [87, 105, 105, 105, 105, 105, 105, 105, 105, 105, 105, 105, 105], "Negator: Maximal number of values ever visited while attempting to sink negation (instcombine)": [379, 406, 406, 406, 406, 406, 406, 406, 406, 406, 406, 406, 406], "Negator: Total number of values visited during attempts to sink negation (instcombine)": [18332, 20835, 20835, 20835, 20835, 20835, 20835, 20835, 20835, 20835, 20835, 20835, 20835], "Negator: Number of negations attempted to be sinked (instcombine)": [16791, 18941, 18941, 18941, 18941, 18941, 18941, 18941, 18941, 18941, 18941, 18941, 18941], "Number of reassociations (instcombine)": [332, 408, 408, 408, 408, 408, 408, 408, 408, 408, 408, 408, 408], "Number of instructions sunk (instcombine)": [4551, 4650, 4650, 4650, 4650, 4650, 4650, 4650, 4650, 4650, 4650, 4650, 4650], "Number of redundant instructions removed (instsimplify)": [6206, 6180, 6180, 6180, 6180, 6180, 6180, 6180, 6180, 6180, 6180, 6180, 6180], "Number of insts scanned while updating ibt (ipt)": [598714, 608541, 607956, 606802, 607316, 607255, 607356, 607545, 607832, 607364, 607241, 607402, 607363], "Number of instructions hoisted out of loop (licm)": [7514, 8853, 8853, 8853, 8853, 8853, 8853, 8853, 8853, 8853, 8853, 8853, 8853], "Number of loop exits with predictable exit counts (scalar-evolution)": [9276, 10184, 10184, 10184, 10184, 10184, 10184, 10184, 10184, 10184, 10184, 10184, 10184], "Number of loop exits without predictable exit counts (scalar-evolution)": [20130, 20182, 20182, 20182, 20182, 20182, 20182, 20182, 20182, 20182, 20182, 20182, 20182], "Number of MayAlias results (aa)": [129899, 131971, 131726, 131613, 131583, 131583, 131583, 131583, 131583, 131583, 131583, 131583, 131583], "Number of NoAlias results (aa)": [746623, 747925, 747532, 747485, 747470, 747470, 747470, 747470, 747470, 747470, 747470, 747470, 747470], "Number of pointers maybe captured (capture-tracking)": [14400, 14392, 14392, 14394, 14394, 14394, 14394, 14394, 14394, 14394, 14394, 14394, 14394], "Number of loops unrolled with run-time trip counts (loop-unroll)": [402, 351, 351, 351, 351, 351, 351, 351, 351, 351, 351, 351, 351], "Number of loops unrolled (completely or otherwise) (loop-unroll)": [760, 709, 709, 709, 709, 709, 709, 709, 709, 709, 709, 709, 709], "Number of common instruction 'blocks' hoisted up to the begin block (simplifycfg)": [2083, 2099, 2101, 2105, 2101, 2107, 2107, 2107, 2107, 2107, 2107, 2107, 2107], "Number of common instructions hoisted up to the begin block (simplifycfg)": [5563, 5623, 5625, 5629, 5625, 5631, 5631, 5631, 5631, 5631, 5631, 5631, 5631], "Number of pointers not captured (capture-tracking)": [4188, 4200, 4200, 4200, 4200, 4200, 4200, 4200, 4200, 4200, 4200, 4200, 4200], "Number of vector instructions generated (SLP)": [1070, 1202, 1202, 1202, 1202, 1202, 1202, 1202, 1202, 1202, 1202, 1202, 1202], "Number of MustAlias results (aa)": [35364, 35352, 35352, 35352, 35352, 35352, 35352, 35352, 35352, 35352, 35352, 35352, 35352], "Number of value comparisons folded into predecessor basic blocks (simplifycfg)": [885, 885, 890, 890, 890, 890, 890, 890, 890, 890, 890, 890, 890], "Negator: Number of new negated instructions created, total (instcombine)": [89, 166, 166, 166, 166, 166, 166, 166, 166, 166, 166, 166, 166], "Negator: Number of new negated instructions created in successful negation sinking attempts (instcombine)": [74, 151, 151, 151, 151, 151, 151, 151, 151, 151, 151, 151, 151], "Negator: Number of negations successfully sinked (instcombine)": [59, 136, 136, 136, 136, 136, 136, 136, 136, 136, 136, 136, 136], "Number of factorizations (instcombine)": [113, 155, 155, 155, 155, 155, 155, 155, 155, 155, 155, 155, 155], "Number of geps reassociated and hoisted out of the loop (licm)": [300, 441, 441, 447, 447, 447, 447, 447, 447, 447, 447, 447, 447], "Number of branches folded into predecessor basic block (simplifycfg)": [1721, 1754, 1754, 1754, 1754, 1754, 1754, 1754, 1754, 1754, 1754, 1754, 1754], "Number of functions removed (globaldce)": [6, 34, 34, 34, 34, 34, 34, 34, 34, 34, 34, 34, 34], "Number of PHI's that got CSE'd (instcombine)": [97, 100, 100, 100, 100, 100, 100, 100, 100, 100, 100, 100, 100], "Number of loops vectorized (loop-vectorize)": [0, 271, 271, 271, 271, 271, 271, 271, 271, 271, 271, 271, 271], "Number of epilogues vectorized (loop-vectorize)": [0, 18, 18, 18, 18, 18, 18, 18, 18, 18, 18, 18, 18]}