{"compile-time (seconds)": [4.911269767000306, 4.4586145489989235, 3.54611932699936, 3.3000071970010367, 3.0744477729992354, 3.129265863999649, 3.223842275000152, 2.9654919770001698, 2.8145960690004017, 2.652702566000073, 2.4585969929996736, 2.459781486999816, 2.414078218000782], "Number of insts scanned while updating ibt (ipt)": [606273, 606091, 606665, 606274, 606496, 606508, 606612, 606235, 606663, 606386, 606748, 606083, 606429], "Number of MayAlias results (aa)": [131689, 131705, 131713, 131713, 131713, 131713, 131713, 131713, 131713, 131713, 131713, 131713, 131713], "Number of NoAlias results (aa)": [747572, 747580, 747580, 747580, 747580, 747580, 747580, 747580, 747580, 747580, 747580, 747580, 747580]}