{
    "knob_name": "gvn-max-num-visited-insts",
    "original_val": 100,
    "y_min": -27.36472087003644,
    "y_max": 58.73120017563643,
    "knob_values": [
        50,
        60,
        70,
        80,
        90,
        100,
        110,
        120,
        130,
        140,
        150,
        300,
        1200
    ],
    "stats": [
        "compile-time (seconds)",
        "Number of insts scanned while updating ibt (ipt)",
        "Number of MayAlias results (aa)",
        "Number of NoAlias results (aa)"
    ],
    "stats_val": {
        "compile-time (seconds)": [
            58.73120017563643,
            41.159090331187684,
            11.223877829863426,
            0.8145716986971403,
            1.1230484458637402,
            0.0,
            2.9653172305532753,
            -10.145601981360256,
            -10.445584395973198,
            -14.432947070871938,
            -16.969097779742796,
            -21.054994042991915,
            -27.36472087003644
        ],
        "Number of insts scanned while updating ibt (ipt)": [
            0.013028284570718024,
            -0.018305564396831654,
            0.002968469902188917,
            -0.04172349362521088,
            0.046341113473060316,
            0.0,
            -0.02506707917403974,
            -0.02110911930445452,
            -0.018305564396831654,
            0.12022303103865113,
            0.01599675447290694,
            0.04007434367955037,
            0.023417929228379233
        ],
        "Number of MayAlias results (aa)": [
            -0.018221436001002178,
            -0.00607381200033406,
            0.0,
            0.0,
            0.0,
            0.0,
            0.0,
            0.0,
            0.0,
            0.0,
            0.0,
            0.0,
            0.0
        ],
        "Number of NoAlias results (aa)": [
            -0.0010701195858637204,
            0.0,
            0.0,
            0.0,
            0.0,
            0.0,
            0.0,
            0.0,
            0.0,
            0.0,
            0.0,
            0.0,
            0.0
        ]
    }
}