{
    "knob_name": "gvn-max-num-visited-insts",
    "original_val": 100,
    "y_min": -1.1469221261939797,
    "y_max": 6.499284456321014,
    "knob_values": [
        50,
        60,
        70,
        80,
        90,
        100,
        110,
        120,
        130,
        140,
        150,
        300,
        1200
    ],
    "stats": [
        "Number of MayAlias results (aa)",
        "Number of insts scanned while updating ibt (ipt)",
        "compile-time (instructions)",
        "Number of NoAlias results (aa)",
        "bitcode-size (bytes)"
    ],
    "stats_val": {
        "Number of MayAlias results (aa)": [
            -0.018221436001002178,
            -0.00607381200033406,
            0.0,
            0.0,
            0.0,
            0.0,
            0.0,
            0.0,
            0.0,
            0.0,
            0.0,
            0.0,
            0.0
        ],
        "Number of insts scanned while updating ibt (ipt)": [
            0.005112010751712936,
            -0.002143746444266715,
            -0.02523024661329288,
            -0.033310521672452034,
            0.03990666457788808,
            0.0,
            0.05144991466240116,
            0.0034629750253539243,
            0.03644368955253415,
            -0.00428749288853343,
            -0.025560053758564676,
            -0.05013068608131395,
            -0.05903547900365262
        ],
        "compile-time (instructions)": [
            6.499284456321014,
            2.2472323544542103,
            -1.1469221261939797,
            -0.3095929318136442,
            0.02522987377442767,
            0.0,
            1.341486277559731,
            1.2263956836023338,
            1.1660534519178236,
            4.006302715520133,
            0.11671278824765896,
            0.06273760314905528,
            0.40881041211942626
        ],
        "Number of NoAlias results (aa)": [
            -0.0010701195858637204,
            0.0,
            0.0,
            0.0,
            0.0,
            0.0,
            0.0,
            0.0,
            0.0,
            0.0,
            0.0,
            0.0,
            0.0
        ],
        "bitcode-size (bytes)": [
            0.0,
            0.0,
            0.0,
            0.0,
            0.0,
            0.0,
            0.0,
            0.0,
            0.0,
            0.0,
            0.0,
            0.0,
            0.0
        ]
    }
}