{"compile-time (seconds)": [4.554803751000009, 4.667494600000111, 3.5630217830004653, 3.1693103160008604, 2.9614229869999917, 2.9848160100002588, 3.2062664800004654, 3.1360802669999543, 2.7962019590007117, 2.652917895000712, 2.5932104009996806, 2.3958247299996174, 2.329556641999716], "Number of insts scanned while updating ibt (ipt)": [606302, 605873, 606560, 606553, 606095, 606613, 606698, 606791, 606292, 606044, 606160, 605857, 606303]}