{
    "knob_name": "hot-new-hint-value",
    "original_val": 254,
    "y_min": -0.12180027063064192,
    "y_max": 114.22292436852504,
    "knob_values": [
        1,
        25,
        50,
        75,
        100,
        125,
        128,
        150,
        175,
        200,
        225,
        250,
        254
    ],
    "stats": [
        "compile-time (seconds)",
        "Number of insts scanned while updating ibt (ipt)"
    ],
    "stats_val": {
        "compile-time (seconds)": [
            114.22292436852504,
            105.49907311619123,
            48.936770229049884,
            41.238647270720016,
            44.080760800024166,
            43.81775751797664,
            41.97197774651494,
            29.979758954489228,
            23.844182838766518,
            22.07354114113606,
            15.533872296157881,
            4.704994059183583,
            0.0
        ],
        "Number of insts scanned while updating ibt (ipt)": [
            -0.007911248971949678,
            -0.06988269925222215,
            -0.10399996044375515,
            -0.12180027063064192,
            -0.0784532189718343,
            -0.07350868836436575,
            -0.06230108565410371,
            -0.047467493831698064,
            -0.06180663259335686,
            -0.07334387067745013,
            -0.09658316453255232,
            -0.01829476324763363,
            0.0
        ]
    }
}