{"Number of instructions simplified or DCE'd (early-cse)": [36928, 36915, 36915, 36915, 36915, 36915, 36915, 36915, 36915, 36915, 36915, 36915, 36911], "Number of globals deleted (globalopt)": [1536, 1532, 1532, 1532, 1532, 1532, 1532, 1532, 1532, 1532, 1532, 1532, 1533], "Number of functions inlined (inline)": [12531, 12532, 12532, 12532, 12532, 12532, 12532, 12532, 12532, 12532, 12532, 12531, 12515], "Number of call sites analyzed (inline-cost)": [19548, 19558, 19558, 19558, 19558, 19558, 19558, 19558, 19558, 19558, 19558, 19559, 19580], "Number of insts combined (instcombine)": [205115, 205140, 205140, 205140, 205140, 205140, 205140, 205140, 205140, 205140, 205140, 205121, 204798], "Number of dead inst eliminated (instcombine)": [45435, 45434, 45434, 45434, 45434, 45434, 45434, 45434, 45434, 45434, 45434, 45427, 45220], "Number of blocks simplified (simplifycfg)": [83825, 83847, 83847, 83847, 83847, 83847, 83847, 83847, 83847, 83847, 83847, 83835, 83636], "compile-time (seconds)": [3.856172919999974, 4.288069981999982, 3.134707090999985, 2.85034625199998, 2.668620286999996, 2.6351761680000187, 2.699580073000064, 2.9454643020000226, 2.6336056599999544, 2.396734592000062, 2.3618184240000346, 2.282311909999997, 2.100647127999995], "Number of instructions CSE'd (early-cse)": [15898, 15902, 15902, 15902, 15902, 15902, 15902, 15902, 15902, 15902, 15902, 15902, 15890], "Negator: Total number of values visited during attempts to sink negation (instcombine)": [20531, 20586, 20586, 20586, 20586, 20586, 20586, 20586, 20586, 20586, 20586, 20541, 20080], "Negator: Number of negations attempted to be sinked (instcombine)": [18665, 18716, 18716, 18716, 18716, 18716, 18716, 18716, 18716, 18716, 18716, 18686, 18347], "Number of reassociations (instcombine)": [390, 387, 387, 387, 387, 387, 387, 387, 387, 387, 387, 387, 387], "Number of instructions sunk (instcombine)": [4650, 4650, 4650, 4650, 4650, 4650, 4650, 4650, 4650, 4650, 4650, 4650, 4618], "Number of redundant instructions removed (instsimplify)": [6176, 6182, 6182, 6182, 6182, 6182, 6182, 6182, 6182, 6182, 6182, 6180, 6127], "Number of insts scanned while updating ibt (ipt)": [605192, 606701, 606516, 606413, 606511, 606106, 606241, 606530, 606359, 606027, 606338, 605785, 598143], "Number of instructions hoisted out of loop (licm)": [8614, 8613, 8613, 8613, 8613, 8613, 8613, 8613, 8613, 8613, 8613, 8601, 8497], "Number of load insts hoisted or sunk (licm)": [533, 533, 533, 533, 533, 533, 533, 533, 533, 533, 533, 531, 517], "Number of loops analyzed for vectorization (loop-vectorize)": [3598, 3601, 3601, 3601, 3601, 3601, 3601, 3601, 3601, 3601, 3601, 3601, 3594], "Number of insts reassociated (reassociate)": [11694, 11717, 11717, 11717, 11717, 11717, 11717, 11717, 11717, 11717, 11717, 11705, 11575], "Number of loop exits with predictable exit counts (scalar-evolution)": [10067, 10066, 10066, 10066, 10066, 10066, 10066, 10066, 10066, 10066, 10066, 10063, 10059], "Number of loop exits without predictable exit counts (scalar-evolution)": [20172, 20182, 20182, 20182, 20182, 20182, 20182, 20182, 20182, 20182, 20182, 20181, 20158], "Number of instructions removed (sccp)": [9597, 9569, 9569, 9569, 9569, 9569, 9569, 9569, 9569, 9569, 9569, 9569, 9569], "Number of MayAlias results (aa)": [131648, 131713, 131713, 131713, 131713, 131713, 131713, 131713, 131713, 131713, 131713, 131660, 131241], "Number of NoAlias results (aa)": [747372, 747580, 747580, 747580, 747580, 747580, 747580, 747580, 747580, 747580, 747580, 747313, 744851], "Number of pointers maybe captured before (capture-tracking)": [4059, 4058, 4058, 4058, 4058, 4058, 4058, 4058, 4058, 4058, 4058, 4058, 4058], "Number of pointers not captured before (capture-tracking)": [1273, 1272, 1272, 1272, 1272, 1272, 1272, 1272, 1272, 1272, 1272, 1272, 1272], "Number of stores remaining after DSE (dse)": [27618, 27618, 27618, 27618, 27618, 27618, 27618, 27618, 27618, 27618, 27618, 27608, 27543], "Number of instructions deleted (gvn)": [10805, 10771, 10771, 10771, 10771, 10771, 10771, 10771, 10771, 10771, 10771, 10767, 10631], "Number of instructions simplified (gvn)": [6301, 6245, 6245, 6245, 6245, 6245, 6245, 6245, 6245, 6245, 6245, 6241, 6159], "Number of jumps threaded (jump-threading)": [4372, 4373, 4373, 4373, 4373, 4373, 4373, 4373, 4373, 4373, 4373, 4372, 4366], "Number of block queries that were completely cached (memdep)": [9861, 9856, 9856, 9856, 9856, 9856, 9856, 9856, 9856, 9856, 9856, 9850, 9814], "Number of fully cached non-local ptr responses (memdep)": [383713, 384077, 384077, 384077, 384077, 384077, 384077, 384077, 384077, 384077, 384077, 383965, 381837], "Number of uncached non-local ptr responses (memdep)": [267000, 267261, 267261, 267261, 267261, 267261, 267261, 267261, 267261, 267261, 267261, 267127, 265357], "Number of pointers maybe captured (capture-tracking)": [14391, 14390, 14390, 14390, 14390, 14390, 14390, 14390, 14390, 14390, 14390, 14390, 14390], "Number of IV sign/zero extends eliminated (indvars)": [2118, 2117, 2117, 2117, 2117, 2117, 2117, 2117, 2117, 2117, 2117, 2117, 2117], "Number of loops deleted (loop-delete)": [157, 156, 156, 156, 156, 156, 156, 156, 156, 156, 156, 156, 150], "Number of loops unrolled (completely or otherwise) (loop-unroll)": [714, 714, 714, 714, 714, 714, 714, 714, 714, 714, 714, 714, 715], "Number of blocks merged (gvn)": [848, 843, 843, 843, 843, 843, 843, 843, 843, 843, 843, 843, 838], "Number of equalities propagated (gvn)": [457, 457, 457, 457, 457, 457, 457, 457, 457, 457, 457, 458, 458], "Number of pointers not captured (capture-tracking)": [4197, 4196, 4196, 4196, 4196, 4196, 4196, 4196, 4196, 4196, 4196, 4196, 4196], "Number of GEP instructions CSE'd (early-cse)": [29009, 29016, 29016, 29016, 29016, 29016, 29016, 29016, 29016, 29016, 29016, 29016, 28963], "Number of load instructions CSE'd (early-cse)": [20164, 20169, 20169, 20169, 20169, 20169, 20169, 20169, 20169, 20169, 20169, 20169, 20118], "Number of MustAlias results (aa)": [35363, 35352, 35352, 35352, 35352, 35352, 35352, 35352, 35352, 35352, 35352, 35348, 35271], "Number of other instrs removed (dse)": [130, 112, 112, 112, 112, 112, 112, 112, 112, 112, 112, 112, 112], "Number of stores deleted (dse)": [636, 622, 622, 622, 622, 622, 622, 622, 622, 622, 622, 622, 622], "Number of loads deleted (gvn)": [960, 968, 968, 968, 968, 968, 968, 968, 968, 968, 968, 968, 948], "Number of basic blocks unreachable (sccp)": [2524, 2514, 2514, 2514, 2514, 2514, 2514, 2514, 2514, 2514, 2514, 2514, 2514], "Number of global vars without address taken (globalsmodref-aa)": [2441, 2441, 2441, 2441, 2441, 2441, 2441, 2441, 2441, 2441, 2441, 2441, 2440], "Number of phis propagated (correlated-value-propagation)": [3626, 3627, 3627, 3627, 3627, 3627, 3627, 3627, 3627, 3627, 3627, 3627, 3618], "Number of instructions PRE'd (gvn)": [81, 80, 80, 80, 80, 80, 80, 80, 80, 80, 80, 80, 80], "Number of terminators folded (jump-threading)": [2045, 2042, 2042, 2042, 2042, 2042, 2042, 2042, 2042, 2042, 2042, 2041, 2034], "Number of PHI's that got CSE'd (local)": [254, 255, 255, 255, 255, 255, 255, 255, 255, 255, 255, 255, 255], "Number of no-signed-wrap deductions for add (correlated-value-propagation)": [363, 362, 362, 362, 362, 362, 362, 362, 362, 362, 362, 362, 362], "Number of no-unsigned-wrap deductions for add (correlated-value-propagation)": [162, 161, 161, 161, 161, 161, 161, 161, 161, 161, 161, 161, 161], "Number of no-wrap deductions for add (correlated-value-propagation)": [525, 523, 523, 523, 523, 523, 523, 523, 523, 523, 523, 523, 523], "Number of no-signed-wrap deductions (correlated-value-propagation)": [374, 373, 373, 373, 373, 373, 373, 373, 373, 373, 373, 373, 373], "Number of no-unsigned-wrap deductions (correlated-value-propagation)": [180, 179, 179, 179, 179, 179, 179, 179, 179, 179, 179, 179, 179], "Number of no-wrap deductions (correlated-value-propagation)": [554, 552, 552, 552, 552, 552, 552, 552, 552, 552, 552, 552, 552],