{"Number of instructions simplified or DCE'd (early-cse)": [36871, 36880, 36880, 36915, 36915, 36915, 36915, 36915, 36915, 36915, 36915, 36915, 36928], "Number of globals deleted (globalopt)": [1527, 1527, 1532, 1532, 1532, 1532, 1532, 1532, 1532, 1532, 1532, 1532, 1532], "Number of globals marked unnamed_addr (globalopt)": [14712, 14712, 14712, 14712, 14712, 14712, 14712, 14712, 14712, 14712, 14712, 14712, 14718], "Number of functions that do not access memory (globalsmodref-aa)": [1881, 1881, 1881, 1881, 1881, 1881, 1877, 1877, 1877, 1877, 1877, 1877, 1877], "Number of functions that only read memory (globalsmodref-aa)": [3085, 3085, 3085, 3085, 3085, 3085, 3081, 3081, 3080, 3077, 3077, 3076, 3073], "Number of functions inlined (inline)": [11638, 12056, 12286, 12525, 12532, 12532, 12540, 12690, 12690, 12690, 12690, 12704, 12953], "Number of call sites analyzed (inline-cost)": [20210, 19807, 19792, 19551, 19558, 19558, 19558, 19558, 19555, 19540, 19540, 19529, 19483], "Number of insts combined (instcombine)": [205073, 205105, 205105, 205140, 205140, 205140, 205160, 205018, 205017, 205017, 205017, 205023, 205293], "Number of dead inst eliminated (instcombine)": [45432, 45429, 45429, 45434, 45434, 45434, 45434, 45434, 45434, 45435, 45435, 45436, 45405], "Number of instruction combining iterations performed (instcombine)": [48515, 48488, 48473, 48425, 48422, 48422, 48410, 48383, 48380, 48362, 48362, 48341, 48167], "Number of PHI nodes inserted (mem2reg)": [23905, 23905, 23905, 23905, 23905, 23905, 23905, 23905, 23905, 23908, 23908, 23908, 23908], "Number of blocks simplified (simplifycfg)": [83480, 83543, 83543, 83847, 83847, 83847, 83887, 83944, 83988, 84167, 84167, 84230, 85340], "Number of alloca partition uses rewritten (sroa)": [342068, 342068, 342068, 342068, 342068, 342068, 342068, 342068, 342068, 342083, 342083, 342083, 342087], "Number of alloca partitions formed (sroa)": [54199, 54199, 54199, 54199, 54199, 54199, 54199, 54199, 54199, 54202, 54202, 54202, 54204], "Number of allocas analyzed for replacement (sroa)": [66359, 66359, 66359, 66353, 66353, 66353, 66353, 66353, 66353, 66353, 66353, 66353, 66355], "Number of instructions deleted (sroa)": [349623, 349623, 349623, 349623, 349623, 349623, 349623, 349623, 349623, 349638, 349638, 349638, 349642], "Number of allocas promoted to SSA values (sroa)": [53853, 53853, 53853, 53853, 53853, 53853, 53853, 53853, 53853, 53856, 53856, 53856, 53858], "compile-time (seconds)": [48.34914255900001, 50.14906039200001, 52.740641149000005, 48.742764085999994, 47.403265487000006, 47.705202848999996, 46.946961614, 46.73818889, 47.317228904, 47.564758643, 46.174605915, 46.791743043, 46.106581274], "Number of instructions CSE'd (early-cse)": [15875, 15875, 15875, 15902, 15902, 15902, 15902, 15902, 15901, 15898, 15898, 15897, 15950], "Number of function returns marked noundef (function-attrs)": [1203, 1203, 1203, 1203, 1203, 1203, 1203, 1200, 1200, 1200, 1200, 1200, 1200], "Number of functions without address taken (globalsmodref-aa)": [3698, 3689, 3684, 3668, 3667, 3667, 3663, 3654, 3653, 3647, 3647, 3640, 3582], "Number of functions deleted because all callers found (inline)": [2171, 2180, 2185, 2201, 2202, 2202, 2206, 2215, 2216, 2222, 2222, 2229, 2287], "Negator: Total number of values visited during attempts to sink negation (instcombine)": [20586, 20586, 20586, 20586, 20586, 20586, 20586, 20586, 20586, 20586, 20586, 20586, 20611], "Negator: Number of negations attempted to be sinked (instcombine)": [18716, 18716, 18716, 18716, 18716, 18716, 18716, 18716, 18716, 18716, 18716, 18716, 18741], "Number of instructions sunk (instcombine)": [4650, 4650, 4650, 4650, 4650, 4650, 4650, 4650, 4650, 4648, 4648, 4647, 4651], "Number of redundant instructions removed (instsimplify)": [6178, 6178, 6178, 6182, 6182, 6182, 6182, 6182, 6182, 6182, 6182, 6182, 6187], "Number of insts scanned while updating ibt (ipt)": [604892, 604948, 605751, 606316, 606681, 606602, 606627, 606557, 607369, 608165, 608559, 608214, 612213], "Number of instructions hoisted out of loop (licm)": [8613, 8613, 8613, 8613, 8613, 8613, 8613, 8613, 8615, 8620, 8620, 8622, 8610], "Number of loops analyzed for vectorization (loop-vectorize)": [3593, 3593, 3593, 3601, 3601, 3601, 3601, 3601, 3606, 3621, 3621, 3626, 3713], "Number of insts reassociated (reassociate)": [11717, 11717, 11717, 11717, 11717, 11717, 11717, 11717, 11717, 11717, 11717, 11717, 11737], "Number of loop exits with predictable exit counts (scalar-evolution)": [10040, 10040, 10040, 10066, 10066, 10066, 10066, 10066, 10082, 10118, 10118, 10131, 10333], "Number of loop exits without predictable exit counts (scalar-evolution)": [20108, 20108, 20108, 20182, 20182, 20182, 20182, 20182, 20227, 20335, 20335, 20374, 20803], "Number of instructions removed (sccp)": [9569, 9569, 9569, 9569, 9569, 9569, 9569, 9569, 9569, 9569, 9569, 9569, 9585], "Number of speculative executed instructions (simplifycfg)": [1418, 1418, 1418, 1418, 1418, 1418, 1418, 1418, 1418, 1419, 1419, 1419, 1419], "Number of MayAlias results (aa)": [129760, 130632, 131320, 131713, 131713, 131713, 131716, 131954, 131966, 131992, 131992, 132016, 132885], "Number of NoAlias results (aa)": [741116, 744379, 745161, 747552, 747580, 747580, 747565, 749009, 749083, 749311, 749311, 749422, 758305], "Number of pointers maybe captured before (capture-tracking)": [4058, 4058, 4058, 4058, 4058, 4058, 4058, 4058, 4058, 4054, 4054, 4054, 4054], "Number of pointers not captured before (capture-tracking)": [1264, 1264, 1264, 1272, 1272, 1272, 1272, 1272, 1272, 1274, 1274, 1274, 1274], "Number of stores remaining after DSE (dse)": [26639, 27237, 27349, 27611, 27618, 27618, 27618, 27618, 27618, 27622, 27622, 27628, 27874], "Number of instructions deleted (gvn)": [10751, 10751, 10751, 10771, 10771, 10771, 10771, 10771, 10771, 10771, 10771, 10771, 10813], "Number of instructions simplified (gvn)": [6233, 6233, 6233, 6245, 6245, 6245, 6245, 6245, 6245, 6245, 6245, 6245, 6301], "Number of jumps threaded (jump-threading)": [4184, 4176, 4176, 4373, 4373, 4373, 4373, 4373, 4375, 4379, 4379, 4386, 4605], "Number of block queries that were completely cached (memdep)": [9729, 9746, 9734, 9858, 9856, 9856, 9862, 9858, 9858, 9858, 9858, 9860, 9868], "Number of fully cached non-local ptr responses (memdep)": [373971, 376324, 380964, 383305, 384077, 384077, 384071, 422997, 423162, 423514, 423514, 423780, 445465], "Number of uncached non-local ptr responses (memdep)": [262671, 264332, 265468, 267254, 267261, 267261, 267261, 268225, 268348, 268616, 268616, 268794, 273663], "Number of arguments with unsolved size and offset (memory-builtins)": [5695, 5695, 5695, 5703, 5703, 5703, 5703, 5703, 5703, 5703, 5703, 5703, 5711], "Number of loops not rotated due to the header size (loop-rotate)": [1589, 1589, 1589, 1589, 1589, 1589, 1589, 1589, 1590, 1590, 1590, 1590, 1590], "Number of pointers maybe captured (capture-tracking)": [14330, 14330, 14330, 14390, 14390, 14390, 14390, 14390, 14390, 14387, 14387, 14387, 14429], "Number of loops unrolled with run-time trip counts (loop-unroll)": [356, 356, 356, 356, 356, 356, 356, 356, 356, 356, 356, 356, 357], "Number of loops unrolled (completely or otherwise) (loop-unroll)": [714, 714, 714, 714, 714, 714, 714, 714, 714, 714, 714, 714, 715], "Number of dead alloca's removed (mem2reg)": [84, 84, 84, 84, 84, 84, 84, 84, 84, 84, 84, 84, 86], "Number of common instruction 'blocks' hoisted up to the begin block (simplifycfg)": [2051, 2059, 2059, 2099, 2099, 2099, 2099, 2099, 2101, 2105, 2105, 2105, 2107], "Number of common instructions hoisted up to the begin block (simplifycfg)": [5431, 5463, 5463, 5623, 5623, 5623, 5623, 5623, 5625, 5629, 5629, 5629, 5637], "Number of common instruction 'blocks' sunk down to the end block (simplifycfg)": [688, 701, 701, 718, 718, 718, 718, 718, 717, 717, 717, 717, 713],