{"Number of insts combined (instcombine)": [205140, 205140, 205140, 205140, 205140, 205140, 205140, 205140, 205140, 205140, 205140, 205140, 205145], "Number of blocks simplified (simplifycfg)": [83847, 83847, 83847, 83847, 83847, 83847, 83847, 83847, 83847, 83847, 83847, 83847, 83842], "compile-time (seconds)": [4.305466140999997, 4.346072401999983, 3.359301770999892, 3.0750743929998663, 2.8162018740000434, 2.9286689329999476, 3.2104140790001097, 2.928615444000002, 2.770852555999973, 2.4361940340000174, 2.3933067770000136, 2.26003508099992, 2.2044623129999508], "Number of insts scanned while updating ibt (ipt)": [606510, 606368, 606061, 606423, 606249, 606449, 606086, 606209, 606268, 606380, 606225, 606407, 606432], "Number of MayAlias results (aa)": [131713, 131713, 131713, 131713, 131713, 131713, 131713, 131713, 131713, 131713, 131713, 131713, 131717], "Number of fully cached non-local ptr responses (memdep)": [384077, 384077, 384077, 384077, 384077, 384077, 384077, 384077, 384077, 384077, 384077, 384077, 384079], "Number of uncached non-local ptr responses (memdep)": [267261, 267261, 267261, 267261, 267261, 267261, 267261, 267261, 267261, 267261, 267261, 267261, 267263]}