{"Number of insts combined (instcombine)": [205190, 205140, 205140, 205140, 205140, 205140, 205140, 205140, 205140, 205140, 205140, 205140, 205140], "Number of dead inst eliminated (instcombine)": [45459, 45434, 45434, 45434, 45434, 45434, 45434, 45434, 45434, 45434, 45434, 45434, 45434], "compile-time (seconds)": [4.338648159999593, 4.281849847000217, 3.9862439879999556, 3.3737128560006795, 3.2734091529996476, 3.0767784660003485, 3.336126685001261, 2.8705873729993527, 2.7727796280000803, 2.554737003999662, 2.482156215999794, 2.4454292769993344, 2.358204902000807], "Negator: Maximal traversal depth ever reached while attempting to sink negation (instcombine)": [87, 105, 105, 105, 105, 105, 105, 105, 105, 105, 105, 105, 105], "Negator: Maximal number of values ever visited while attempting to sink negation (instcombine)": [378, 406, 406, 406, 406, 406, 406, 406, 406, 406, 406, 406, 406], "Negator: Total number of values visited during attempts to sink negation (instcombine)": [20691, 20586, 20586, 20586, 20586, 20586, 20586, 20586, 20586, 20586, 20586, 20586, 20586], "Negator: Number of negations attempted to be sinked (instcombine)": [18781, 18716, 18716, 18716, 18716, 18716, 18716, 18716, 18716, 18716, 18716, 18716, 18716], "Number of insts scanned while updating ibt (ipt)": [606398, 606326, 606430, 606238, 606020, 606384, 606404, 606810, 606545, 606657, 606348, 606273, 606738], "Number of instructions hoisted out of loop (licm)": [8623, 8613, 8613, 8613, 8613, 8613, 8613, 8613, 8613, 8613, 8613, 8613, 8613], "Number of insts reassociated (reassociate)": [11747, 11717, 11717, 11717, 11717, 11717, 11717, 11717, 11717, 11717, 11717, 11717, 11717], "Negator: Maximal number of new instructions created during negation attempt (instcombine)": [39, 44, 44, 44, 44, 44, 44, 44, 44, 44, 44, 44, 44], "Negator: Number of new negated instructions created, total (instcombine)": [136, 166, 166, 166, 166, 166, 166, 166, 166, 166, 166, 166, 166], "Negator: Number of new negated instructions created in successful negation sinking attempts (instcombine)": [136, 151, 151, 151, 151, 151, 151, 151, 151, 151, 151, 151, 151], "Negator: How many negations did we retrieve/reuse from cache (instcombine)": [24, 26, 26, 26, 26, 26, 26, 26, 26, 26, 26, 26, 26], "Negator: Number of negations successfully sinked (instcombine)": [131, 136, 136, 136, 136, 136, 136, 136, 136, 136, 136, 136, 136], "Negator: How many times did the traversal depth limit was reached during sinking (instcombine)": [348, 0, 0, 0, 0, 0, 0, 0, 0, 0, 0, 0, 0], "Number of invariant int expressions reassociated and hoisted out of the loop (licm)": [15, 5, 5, 5, 5, 5, 5, 5, 5, 5, 5, 5, 5]}