{"Number of instructions simplified or DCE'd (early-cse)": [36907, 36907, 36915, 36915, 36915, 36915, 36915, 36915, 36915, 36915, 36915, 36915, 36915], "Number of functions inlined (inline)": [12526, 12526, 12532, 12532, 12532, 12532, 12532, 12532, 12532, 12532, 12532, 12532, 12532], "Number of insts combined (instcombine)": [205129, 205129, 205140, 205140, 205140, 205140, 205140, 205140, 205140, 205140, 205140, 205140, 205140], "Number of dead inst eliminated (instcombine)": [45436, 45436, 45434, 45434, 45434, 45434, 45434, 45434, 45434, 45434, 45434, 45434, 45434], "Number of instruction combining iterations performed (instcombine)": [48431, 48431, 48422, 48422, 48422, 48422, 48422, 48422, 48422, 48422, 48422, 48422, 48422], "Number of PHI nodes inserted (mem2reg)": [23899, 23899, 23905, 23905, 23905, 23905, 23905, 23905, 23905, 23905, 23905, 23905, 23905], "Number of alloca's promoted with a single store (mem2reg)": [36249, 36249, 36250, 36250, 36250, 36250, 36250, 36250, 36250, 36250, 36250, 36250, 36250], "Number of blocks simplified (simplifycfg)": [83788, 83788, 83847, 83847, 83847, 83847, 83847, 83847, 83847, 83847, 83847, 83847, 83847], "Number of alloca partition uses rewritten (sroa)": [342057, 342057, 342068, 342068, 342068, 342068, 342068, 342068, 342068, 342068, 342068, 342068, 342068], "Number of alloca partitions formed (sroa)": [54198, 54198, 54199, 54199, 54199, 54199, 54199, 54199, 54199, 54199, 54199, 54199, 54199], "Number of allocas analyzed for replacement (sroa)": [66354, 66354, 66353, 66353, 66353, 66353, 66353, 66353, 66353, 66353, 66353, 66353, 66353], "Number of instructions deleted (sroa)": [349612, 349612, 349623, 349623, 349623, 349623, 349623, 349623, 349623, 349623, 349623, 349623, 349623], "Number of allocas promoted to SSA values (sroa)": [53852, 53852, 53853, 53853, 53853, 53853, 53853, 53853, 53853, 53853, 53853, 53853, 53853], "compile-time (seconds)": [4.680597189999901, 4.407782778000524, 3.5674198530012404, 3.2347603859998344, 3.216380970999751, 3.1102065539992054, 3.129661322000402, 3.0113214669988224, 2.6719908880000958, 2.6457640310001693, 2.6049156459990286, 2.2992170810000516, 2.3807921069992517], "Number of functions without address taken (globalsmodref-aa)": [3670, 3670, 3667, 3667, 3667, 3667, 3667, 3667, 3667, 3667, 3667, 3667, 3667], "Number of functions deleted because all callers found (inline)": [2199, 2199, 2202, 2202, 2202, 2202, 2202, 2202, 2202, 2202, 2202, 2202, 2202], "Negator: Total number of values visited during attempts to sink negation (instcombine)": [20574, 20574, 20586, 20586, 20586, 20586, 20586, 20586, 20586, 20586, 20586, 20586, 20586], "Negator: Number of negations attempted to be sinked (instcombine)": [18704, 18704, 18716, 18716, 18716, 18716, 18716, 18716, 18716, 18716, 18716, 18716, 18716], "Number of redundant instructions removed (instsimplify)": [6180, 6180, 6182, 6182, 6182, 6182, 6182, 6182, 6182, 6182, 6182, 6182, 6182], "Number of insts scanned while updating ibt (ipt)": [605264, 605192, 606641, 606670, 606961, 606376, 606386, 606244, 606260, 606553, 606733, 606509, 605973], "Number of loops rotated (loop-rotate)": [3084, 3084, 3083, 3083, 3083, 3083, 3083, 3083, 3083, 3083, 3083, 3083, 3083], "Number of loops analyzed for vectorization (loop-vectorize)": [3605, 3605, 3601, 3601, 3601, 3601, 3601, 3601, 3601, 3601, 3601, 3601, 3601], "Number of loop exits without predictable exit counts (scalar-evolution)": [20159, 20159, 20182, 20182, 20182, 20182, 20182, 20182, 20182, 20182, 20182, 20182, 20182], "Number of MayAlias results (aa)": [131695, 131695, 131713, 131713, 131713, 131713, 131713, 131713, 131713, 131713, 131713, 131713, 131713], "Number of NoAlias results (aa)": [747862, 747862, 747580, 747580, 747580, 747580, 747580, 747580, 747580, 747580, 747580, 747580, 747580], "Number of pointers not captured before (capture-tracking)": [1273, 1273, 1272, 1272, 1272, 1272, 1272, 1272, 1272, 1272, 1272, 1272, 1272], "Number of stores remaining after DSE (dse)": [27615, 27615, 27618, 27618, 27618, 27618, 27618, 27618, 27618, 27618, 27618, 27618, 27618], "Number of instructions deleted (gvn)": [10765, 10765, 10771, 10771, 10771, 10771, 10771, 10771, 10771, 10771, 10771, 10771, 10771], "Number of instructions simplified (gvn)": [6239, 6239, 6245, 6245, 6245, 6245, 6245, 6245, 6245, 6245, 6245, 6245, 6245], "Number of block queries that were completely cached (memdep)": [9857, 9857, 9856, 9856, 9856, 9856, 9856, 9856, 9856, 9856, 9856, 9856, 9856], "Number of fully cached non-local ptr responses (memdep)": [384473, 384473, 384077, 384077, 384077, 384077, 384077, 384077, 384077, 384077, 384077, 384077, 384077], "Number of uncached non-local ptr responses (memdep)": [267325, 267325, 267261, 267261, 267261, 267261, 267261, 267261, 267261, 267261, 267261, 267261, 267261], "Number of arguments with unsolved size and offset (memory-builtins)": [5701, 5701, 5703, 5703, 5703, 5703, 5703, 5703, 5703, 5703, 5703, 5703, 5703], "Number of pointers not captured (capture-tracking)": [4200, 4200, 4196, 4196, 4196, 4196, 4196, 4196, 4196, 4196, 4196, 4196, 4196], "Number of load instructions CSE'd (early-cse)": [20170, 20170, 20169, 20169, 20169, 20169, 20169, 20169, 20169, 20169, 20169, 20169, 20169], "Number of MustAlias results (aa)": [35366, 35366, 35352, 35352, 35352, 35352, 35352, 35352, 35352, 35352, 35352, 35352, 35352], "Number of phis propagated (correlated-value-propagation)": [3625, 3625, 3627, 3627, 3627, 3627, 3627, 3627, 3627, 3627, 3627, 3627, 3627], "Number of terminators folded (jump-threading)": [2037, 2037, 2042, 2042, 2042, 2042, 2042, 2042, 2042, 2042, 2042, 2042, 2042], "Number of unreachable basic blocks removed (local)": [1407, 1407, 1410, 1410, 1410, 1410, 1410, 1410, 1410, 1410, 1410, 1410, 1410], "Number of pointer arguments promoted (argpromotion)": [46, 46, 47, 47, 47, 47, 47, 47, 47, 47, 47, 47, 47], "Number of instructions sunk out of loop (licm)": [265, 265, 264, 264, 264, 264, 264, 264, 264, 264, 264, 264, 264], "Number of selects propagated (correlated-value-propagation)": [113, 113, 115, 115, 115, 115, 115, 115, 115, 115, 115, 115, 115], "Number of load instructions with unsolved size and offset (memory-builtins)": [2176, 2176, 2178, 2178, 2178, 2178, 2178, 2178, 2178, 2178, 2178, 2178, 2178], "Number of instructions removed (constraint-elimination)": [57, 57, 59, 59, 59, 59, 59, 59, 59, 59, 59, 59, 59]}