{"Number of insts combined (instcombine)": [205144, 205144, 205144, 205140, 205140, 205140, 205140, 205140, 205140, 205140, 205140, 205140, 205140], "Number of dead inst eliminated (instcombine)": [45430, 45434, 45434, 45434, 45434, 45434, 45434, 45434, 45434, 45434, 45434, 45434, 45434], "Number of blocks simplified (simplifycfg)": [83867, 83855, 83851, 83847, 83847, 83847, 83847, 83847, 83847, 83847, 83847, 83847, 83847], "compile-time (seconds)": [4.445437975000289, 4.13812651399985, 4.052240908000385, 3.255694101000188, 3.066843172999995, 3.191658776999759, 3.077215559000308, 3.0293161130005046, 2.7337891959995773, 2.7287794799995595, 2.5911880469993775, 2.402907515000777, 2.268622903000619], "Number of insts scanned while updating ibt (ipt)": [606252, 606568, 606694, 606158, 606275, 606040, 606124, 606348, 606243, 606498, 605997, 606490, 606716], "Number of MayAlias results (aa)": [131705, 131705, 131713, 131713, 131713, 131713, 131713, 131713, 131713, 131713, 131713, 131713, 131713], "Number of NoAlias results (aa)": [747548, 747548, 747580, 747580, 747580, 747580, 747580, 747580, 747580, 747580, 747580, 747580, 747580], "Number of stores remaining after DSE (dse)": [27614, 27614, 27618, 27618, 27618, 27618, 27618, 27618, 27618, 27618, 27618, 27618, 27618], "Number of redundant instructions simplified (loop-instsimplify)": [664, 664, 664, 660, 660, 660, 660, 660, 660, 660, 660, 660, 660], "Number of equalities propagated (gvn)": [453, 453, 457, 457, 457, 457, 457, 457, 457, 457, 457, 457, 457], "Number of MustAlias results (aa)": [35324, 35324, 35352, 35352, 35352, 35352, 35352, 35352, 35352, 35352, 35352, 35352, 35352], "Number of phis propagated (correlated-value-propagation)": [3635, 3635, 3627, 3627, 3627, 3627, 3627, 3627, 3627, 3627, 3627, 3627, 3627], "Number of terminators folded (jump-threading)": [2030, 2034, 2038, 2042, 2042, 2042, 2042, 2042, 2042, 2042, 2042, 2042, 2042], "Number of compare instructions CVP'd (early-cse)": [145, 145, 141, 141, 141, 141, 141, 141, 141, 141, 141, 141, 141], "Number of instructions removed (constraint-elimination)": [67, 67, 63, 59, 59, 59, 59, 59, 59, 59, 59, 59, 59], "Number of terminators folded to unconditional branches (loop-simplifycfg)": [18, 18, 18, 14, 14, 14, 14, 14, 14, 14, 14, 14, 14]}