{"Number of insts combined (instcombine)": [205130, 205140, 205140, 205140, 205140, 205140, 205140, 205140, 205140, 205140, 205140, 205140, 205140], "Number of dead inst eliminated (instcombine)": [45429, 45434, 45434, 45434, 45434, 45434, 45434, 45434, 45434, 45434, 45434, 45434, 45434], "compile-time (seconds)": [4.659275474999589, 4.377107893000073, 3.6774542920002204, 3.166779470000364, 3.281129856999428, 3.188433428999616, 3.1753332449997913, 3.0063544419997754, 2.8812712870000325, 2.6753180600003077, 2.4657878259994277, 2.3792495780001843, 2.3657503279995353], "Negator: Number of negations attempted to be sinked (instcombine)": [18711, 18716, 18716, 18716, 18716, 18716, 18716, 18716, 18716, 18716, 18716, 18716, 18716], "Number of insts scanned while updating ibt (ipt)": [606665, 605908, 606325, 606339, 606567, 606587, 606338, 606170, 606602, 606436, 606234, 606574, 606349], "Number of instructions hoisted out of loop (licm)": [8608, 8613, 8613, 8613, 8613, 8613, 8613, 8613, 8613, 8613, 8613, 8613, 8613], "Number of invariant int expressions reassociated and hoisted out of the loop (licm)": [0, 5, 5, 5, 5, 5, 5, 5, 5, 5, 5, 5, 5]}