{"compile-time (seconds)": [4.423367056000032, 4.613344861000229, 3.7385285389999154, 3.3904558149997968, 3.065562858999897, 3.101831230999835, 3.263238631999968, 3.180219396999945, 2.747878613999987, 2.6456701880001674, 2.530813009000113, 2.4719740090001494, 2.273474827999962], "Number of insts scanned while updating ibt (ipt)": [606390, 606382, 606047, 606284, 606189, 606277, 606176, 606494, 606214, 606673, 606614, 606242, 606449], "Number of MayAlias results (aa)": [131356, 131528, 131605, 131640, 131666, 131713, 131752, 131755, 131757, 131769, 131783, 131817, 131817], "Number of NoAlias results (aa)": [734919, 740400, 742409, 744154, 745540, 747580, 748983, 750554, 752021, 753494, 755412, 778924, 796439], "Number of pointers maybe captured (capture-tracking)": [14374, 14389, 14389, 14389, 14390, 14390, 14390, 14390, 14390, 14390, 14390, 14390, 14390], "Number of MustAlias results (aa)": [35169, 35171, 35210, 35257, 35310, 35352, 35394, 35436, 35480, 35528, 35568, 36178, 36628]}