{
    "knob_name": "licm-mssa-optimization-cap",
    "original_val": 100,
    "y_min": -3.8364312887175447,
    "y_max": 11.50127893919917,
    "knob_values": [
        50,
        60,
        70,
        80,
        90,
        100,
        110,
        120,
        130,
        140,
        150,
        300,
        1200
    ],
    "stats": [
        "Number of MayAlias results (aa)",
        "Number of insts scanned while updating ibt (ipt)",
        "compile-time (instructions)",
        "Number of NoAlias results (aa)",
        "Number of pointers maybe captured (capture-tracking)",
        "Number of MustAlias results (aa)",
        "bitcode-size (bytes)"
    ],
    "stats_val": {
        "Number of MayAlias results (aa)": [
            -0.2710438605149074,
            -0.14045690250772513,
            -0.0819964620045098,
            -0.055423534503048294,
            -0.0356836455019626,
            0.0,
            0.02960983350162854,
            0.03188751300175381,
            0.03340596600183733,
            0.04251668400233842,
            0.05314585500292302,
            0.07895955600434278,
            0.07895955600434278
        ],
        "Number of insts scanned while updating ibt (ipt)": [
            -0.052428788350916765,
            -0.07089427355627109,
            -0.03594174798899325,
            -0.05407749238710911,
            -0.04451500897719348,
            0.0,
            -0.013024761885919571,
            0.018135744398115862,
            -0.0624858829716901,
            0.035117395970897074,
            -0.014178854711254218,
            -0.010551705831631047,
            0.03643635919985096
        ],
        "compile-time (instructions)": [
            11.50127893919917,
            4.521328695564315,
            -3.695548350041465,
            -0.49068009684384895,
            -1.4501850679504975,
            0.0,
            0.1330844483261574,
            -0.4735664049270946,
            -1.6562438768776826,
            -0.8868580904396428,
            -3.8364312887175447,
            -3.389854076806198,
            -1.4246391968391754
        ],
        "Number of NoAlias results (aa)": [
            -1.6935980095775702,
            -0.960432328312689,
            -0.6916985473126622,
            -0.4582787126461382,
            -0.27288049439524864,
            0.0,
            0.18767222237084993,
            0.39781695604483797,
            0.5940501351025977,
            0.7910859038497552,
            1.0476470745605821,
            4.192728537414056,
            6.5356216057144385
        ],
        "Number of pointers maybe captured (capture-tracking)": [
            -0.11118832522585129,
            -0.006949270326615705,
            -0.006949270326615705,
            -0.006949270326615705,
            0.0,
            0.0,
            0.0,
            0.0,
            0.0,
            0.0,
            0.0,
            0.0,
            0.0
        ],
        "Number of MustAlias results (aa)": [
            -0.5176510522742702,
            -0.5119936637248247,
            -0.4016745870106359,
            -0.26872595609866484,
            -0.11880515953835709,
            0.0,
            0.11880515953835709,
            0.23761031907671418,
            0.36207286716451687,
            0.4978501923512107,
            0.6109979633401221,
            2.336501470921023,
            3.6094138945462775
        ],
        "bitcode-size (bytes)": [
            0.0,
            0.0,
            0.0,
            0.0,
            0.0,
            0.0,
            0.0,
            0.0,
            0.0,
            0.0,
            0.0,
            0.0,
            0.0
        ]
    }
}