{
    "knob_name": "licm-max-num-int-reassociations",
    "original_val": 5,
    "y_min": -100.0,
    "y_max": 39.96424780970435,
    "knob_values": [
        0,
        1,
        2,
        3,
        4,
        5,
        6,
        7,
        8,
        9,
        10,
        15,
        60
    ],
    "stats": [
        "Number of insts combined (instcombine)",
        "Number of dead inst eliminated (instcombine)",
        "compile-time (seconds)",
        "bitcode-size (bytes)",
        "Negator: Number of negations attempted to be sinked (instcombine)",
        "Number of insts scanned while updating ibt (ipt)",
        "Number of instructions hoisted out of loop (licm)",
        "Number of invariant int expressions reassociated and hoisted out of the loop (licm)"
    ],
    "stats_val": {
        "Number of insts combined (instcombine)": [
            -0.004874719703617042,
            0.0,
            0.0,
            0.0,
            0.0,
            0.0,
            0.0,
            0.0,
            0.0,
            0.0,
            0.0,
            0.0,
            0.0
        ],
        "Number of dead inst eliminated (instcombine)": [
            -0.011004974248360258,
            0.0,
            0.0,
            0.0,
            0.0,
            0.0,
            0.0,
            0.0,
            0.0,
            0.0,
            0.0,
            0.0,
            0.0
        ],
        "compile-time (seconds)": [
            39.74386919277944,
            39.96424780970435,
            6.428580998937354,
            0.26011981569367293,
            0.73661270649272,
            0.0,
            -2.81692069990722,
            -6.215342122481368,
            -14.922054871305054,
            -19.937290686023296,
            -23.36115200765418,
            -27.9058521611249,
            -29.262595959275494
        ],
        "bitcode-size (bytes)": [
            4.853922418301812e-05,
            0.0,
            0.0,
            0.0,
            0.0,
            0.0,
            0.0,
            0.0,
            0.0,
            0.0,
            0.0,
            0.0,
            0.0
        ],
        "Negator: Number of negations attempted to be sinked (instcombine)": [
            -0.02671511006625347,
            0.0,
            0.0,
            0.0,
            0.0,
            0.0,
            0.0,
            0.0,
            0.0,
            0.0,
            0.0,
            0.0,
            0.0
        ],
        "Number of insts scanned while updating ibt (ipt)": [
            -0.015171253772200327,
            0.002308669052291354,
            -0.04353490212892268,
            -0.06926007156874062,
            0.03199155686746591,
            0.0,
            -0.01830444748602431,
            -0.012038060058376347,
            0.07470193433485596,
            -0.048482050098118436,
            0.0003298098646130506,
            0.07272307514717766,
            0.04584357118121403
        ],
        "Number of instructions hoisted out of loop (licm)": [
            -0.05805178218971323,
            0.0,
            0.0,
            0.0,
            0.0,
            0.0,
            0.0,
            0.0,
            0.0,
            0.0,
            0.0,
            0.0,
            0.0
        ],
        "Number of invariant int expressions reassociated and hoisted out of the loop (licm)": [
            -100.0,
            0.0,
            0.0,
            0.0,
            0.0,
            0.0,
            0.0,
            0.0,
            0.0,
            0.0,
            0.0,
            0.0,
            0.0
        ]
    }
}