{"Number of insts combined (instcombine)": [205078, 205078, 205078, 205140, 205140, 205140, 205140, 205140, 205140, 205140, 205140, 205140, 205140], "Number of blocks simplified (simplifycfg)": [83865, 83865, 83865, 83847, 83847, 83847, 83847, 83847, 83847, 83847, 83847, 83847, 83847], "compile-time (seconds)": [4.431772346000287, 4.616089809000059, 3.6086434760000117, 3.4551331459998096, 3.130076201000037, 3.090092345999807, 3.2396445319999856, 3.072127867000134, 2.7228590850002234, 2.626451357000093, 2.5498960069999868, 2.415959956999913, 2.3899531309999276], "Number of redundant instructions removed (instsimplify)": [6178, 6178, 6178, 6182, 6182, 6182, 6182, 6182, 6182, 6182, 6182, 6182, 6182], "Number of insts scanned while updating ibt (ipt)": [606322, 606581, 606387, 606947, 605749, 606698, 606154, 606461, 606499, 606471, 606297, 606724, 606017], "Number of MayAlias results (aa)": [130123, 130236, 130843, 131084, 131283, 131713, 132064, 132105, 132266, 132336, 132336, 132338, 132926], "Number of NoAlias results (aa)": [705709, 715937, 735896, 742907, 744094, 747580, 764738, 770193, 778622, 817594, 817594, 818525, 846004], "Number of pointers not captured before (capture-tracking)": [1270, 1270, 1270, 1272, 1272, 1272, 1272, 1272, 1272, 1272, 1272, 1272, 1272], "Number of stores remaining after DSE (dse)": [27624, 27624, 27624, 27618, 27618, 27618, 27618, 27618, 27618, 27618, 27618, 27618, 27618], "Number of instructions deleted (gvn)": [10759, 10759, 10759, 10771, 10771, 10771, 10771, 10771, 10771, 10771, 10771, 10771, 10771], "Number of instructions simplified (gvn)": [6229, 6229, 6229, 6245, 6245, 6245, 6245, 6245, 6245, 6245, 6245, 6245, 6245], "Number of block queries that were completely cached (memdep)": [9864, 9864, 9864, 9856, 9856, 9856, 9856, 9856, 9856, 9856, 9856, 9856, 9856], "Number of fully cached non-local ptr responses (memdep)": [384673, 384673, 384673, 384077, 384077, 384077, 384077, 384077, 384077, 384077, 384077, 384077, 384077], "Number of uncached non-local ptr responses (memdep)": [267555, 267555, 267555, 267261, 267261, 267261, 267261, 267261, 267261, 267261, 267261, 267261, 267261], "Number of arguments with unsolved size and offset (memory-builtins)": [5703, 5703, 5703, 5703, 5703, 5703, 5703, 5703, 5703, 5703, 5703, 5703, 5743], "Number of pointers maybe captured (capture-tracking)": [13645, 13854, 14232, 14374, 14378, 14390, 14511, 14558, 14760, 14904, 14904, 14907, 14954], "Number of pointers not captured (capture-tracking)": [4194, 4194, 4194, 4196, 4196, 4196, 4196, 4196, 4196, 4196, 4196, 4200, 4250], "Number of MustAlias results (aa)": [35072, 35189, 35235, 35298, 35298, 35352, 35376, 35399, 35513, 35566, 35566, 35572, 35615], "Number of other instrs removed (dse)": [110, 110, 110, 112, 112, 112, 112, 112, 112, 112, 112, 112, 112], "Number of stores deleted (dse)": [616, 616, 616, 622, 622, 622, 622, 622, 622, 622, 622, 622, 622], "Number of loads deleted (gvn)": [972, 972, 972, 968, 968, 968, 968, 968, 968, 968, 968, 968, 968], "Number of load and store promotions (licm)": [212, 212, 212, 214, 214, 214, 214, 214, 214, 214, 214, 214, 214]}