{
    "knob_name": "likely-branch-weight",
    "original_val": 2000,
    "y_min": -1.2729264931125595,
    "y_max": 6.777841159418011,
    "knob_values": [
        1000,
        1200,
        1400,
        1600,
        1800,
        2000,
        2200,
        2400,
        2600,
        2800,
        3000,
        6000,
        24000
    ],
    "stats": [
        "Number of functions inlined (inline)",
        "Number of call sites analyzed (inline-cost)",
        "Number of insts scanned while updating ibt (ipt)",
        "compile-time (instructions)",
        "bitcode-size (bytes)",
        "Number of NoAlias results (aa)",
        "Number of uncached non-local ptr responses (memdep)",
        "Number of block queries that were completely cached (memdep)",
        "Number of jumps threaded (jump-threading)"
    ],
    "stats_val": {
        "Number of functions inlined (inline)": [
            0.03989786147462496,
            0.03989786147462496,
            0.03989786147462496,
            0.0,
            0.0,
            0.0,
            0.0,
            0.0,
            0.0,
            0.0,
            0.0,
            0.0,
            0.0
        ],
        "Number of call sites analyzed (inline-cost)": [
            -0.025564986194907456,
            -0.025564986194907456,
            -0.025564986194907456,
            0.0,
            0.0,
            0.0,
            0.0,
            0.0,
            0.0,
            0.0,
            0.0,
            0.0,
            0.0
        ],
        "Number of insts scanned while updating ibt (ipt)": [
            0.027538124637222307,
            0.012367421244261517,
            -0.039410849031713366,
            0.02687852883752836,
            -0.0277030235871458,
            0.0,
            0.05078887657643396,
            0.033639385784391324,
            0.020447469790512374,
            -0.021107065590206323,
            0.013027017043955466,
            0.025064640388370005,
            0.03561817318347316
        ],
        "compile-time (instructions)": [
            6.777841159418011,
            3.325835235600464,
            -1.0401233764975686,
            -1.1498844577810772,
            -1.2729264931125595,
            0.0,
            1.0393594520802847,
            2.000660082774559,
            -0.2223480939782901,
            1.8209094427631485,
            -0.5569203992256669,
            -0.41999824737641117,
            0.053861731830434884
        ],
        "bitcode-size (bytes)": [
            -0.010496374952610937,
            0.020164088724752595,
            0.007734171017713324,
            -0.020440309118242354,
            -0.018782986757303787,
            0.0,
            -0.0016573223609385693,
            0.010496374952610937,
            0.014639680854957362,
            0.01242991770703927,
            0.02126897029871164,
            0.033146447218771385,
            0.06867529533139197
        ],
        "Number of NoAlias results (aa)": [
            0.019797212338478826,
            0.019797212338478826,
            0.019797212338478826,
            0.0,
            0.0,
            0.0,
            0.0,
            0.0,
            0.0,
            0.0,
            0.0,
            0.0,
            0.0
        ],
        "Number of uncached non-local ptr responses (memdep)": [
            0.0029933286188407585,
            0.0029933286188407585,
            0.0029933286188407585,
            0.0,
            0.0,
            0.0,
            0.0,
            0.0,
            0.0,
            0.0,
            0.0,
            0.0,
            0.0
        ],
        "Number of block queries that were completely cached (memdep)": [
            0.040584415584415584,
            0.040584415584415584,
            0.040584415584415584,
            0.0,
            0.0,
            0.0,
            0.0,
            0.0,
            0.0,
            0.0,
            0.0,
            0.0,
            0.0
        ],
        "Number of jumps threaded (jump-threading)": [
            0.1829407729247656,
            0.1829407729247656,
            0.1829407729247656,
            0.0,
            0.0,
            0.0,
            0.0,
            0.0,
            0.0,
            0.0,
            0.0,
            0.0,
            0.0
        ]
    }
}