{"Number of functions inlined (inline)": [12537, 12537, 12537, 12532, 12532, 12532, 12532, 12532, 12532, 12532, 12532, 12532, 12532], "Number of call sites analyzed (inline-cost)": [19553, 19553, 19553, 19558, 19558, 19558, 19558, 19558, 19558, 19558, 19558, 19558, 19558], "compile-time (seconds)": [4.835387906999813, 4.422760393000715, 3.6896955100003197, 3.2701765230006004, 3.2007156029994803, 3.19966393800064, 3.1839758329993515, 2.958509662000438, 2.685993299999609, 2.589160777999666, 2.5257239490002235, 2.3707592479993878, 2.3408236519995285], "Number of insts scanned while updating ibt (ipt)": [606318, 606449, 606222, 606573, 606056, 606072, 606763, 606663, 606059, 606571, 606142, 606147, 606143], "Number of NoAlias results (aa)": [747728, 747728, 747728, 747580, 747580, 747580, 747580, 747580, 747580, 747580, 747580, 747580, 747580], "Number of jumps threaded (jump-threading)": [4381, 4381, 4381, 4373, 4373, 4373, 4373, 4373, 4373, 4373, 4373, 4373, 4373], "Number of block queries that were completely cached (memdep)": [9860, 9860, 9860, 9856, 9856, 9856, 9856, 9856, 9856, 9856, 9856, 9856, 9856], "Number of uncached non-local ptr responses (memdep)": [267269, 267269, 267269, 267261, 267261, 267261, 267261, 267261, 267261, 267261, 267261, 267261, 267261]}