{
    "knob_name": "likely-branch-weight",
    "original_val": 2000,
    "y_min": -29.773440045863353,
    "y_max": 51.37917233564661,
    "knob_values": [
        1000,
        1200,
        1400,
        1600,
        1800,
        2000,
        2200,
        2400,
        2600,
        2800,
        3000,
        6000,
        24000
    ],
    "stats": [
        "Number of functions inlined (inline)",
        "Number of call sites analyzed (inline-cost)",
        "compile-time (seconds)",
        "bitcode-size (bytes)",
        "Number of insts scanned while updating ibt (ipt)",
        "Number of NoAlias results (aa)",
        "Number of jumps threaded (jump-threading)",
        "Number of block queries that were completely cached (memdep)",
        "Number of uncached non-local ptr responses (memdep)"
    ],
    "stats_val": {
        "Number of functions inlined (inline)": [
            0.03989786147462496,
            0.03989786147462496,
            0.03989786147462496,
            0.0,
            0.0,
            0.0,
            0.0,
            0.0,
            0.0,
            0.0,
            0.0,
            0.0,
            0.0
        ],
        "Number of call sites analyzed (inline-cost)": [
            -0.025564986194907456,
            -0.025564986194907456,
            -0.025564986194907456,
            0.0,
            0.0,
            0.0,
            0.0,
            0.0,
            0.0,
            0.0,
            0.0,
            0.0,
            0.0
        ],
        "compile-time (seconds)": [
            51.37917233564661,
            44.75703880594194,
            14.111768405073805,
            7.765310148975099,
            -1.718244364165538,
            0.0,
            0.8894048924582558,
            -8.247089524611482,
            -11.424307368742939,
            -20.77752125568996,
            -19.326779932510092,
            -24.04161722473121,
            -29.773440045863353
        ],
        "bitcode-size (bytes)": [
            0.021624224373534572,
            0.020774787950331754,
            0.019197263164383666,
            0.0005582010781047083,
            -0.0006067403022877265,
            0.0,
            0.0015532551738565799,
            0.0009465148715688532,
            0.0009222452594773443,
            0.0010435933199348896,
            -0.00043685301764716304,
            0.002596848493791469,
            -0.00021842650882358152
        ],
        "Number of insts scanned while updating ibt (ipt)": [
            0.00544509528916756,
            0.1351373649038858,
            0.040590710337430905,
            0.060226053955944235,
            0.07507631383549213,
            0.0,
            0.09537166900420757,
            -0.01864532629321013,
            0.04455077963864368,
            0.09322663146605066,
            0.06715617523306658,
            0.062206088606550615,
            0.07689134559854797
        ],
        "Number of NoAlias results (aa)": [
            0.019797212338478826,
            0.019797212338478826,
            0.019797212338478826,
            0.0,
            0.0,
            0.0,
            0.0,
            0.0,
            0.0,
            0.0,
            0.0,
            0.0,
            0.0
        ],
        "Number of jumps threaded (jump-threading)": [
            0.1829407729247656,
            0.1829407729247656,
            0.1829407729247656,
            0.0,
            0.0,
            0.0,
            0.0,
            0.0,
            0.0,
            0.0,
            0.0,
            0.0,
            0.0
        ],
        "Number of block queries that were completely cached (memdep)": [
            0.040584415584415584,
            0.040584415584415584,
            0.040584415584415584,
            0.0,
            0.0,
            0.0,
            0.0,
            0.0,
            0.0,
            0.0,
            0.0,
            0.0,
            0.0
        ],
        "Number of uncached non-local ptr responses (memdep)": [
            0.0029933286188407585,
            0.0029933286188407585,
            0.0029933286188407585,
            0.0,
            0.0,
            0.0,
            0.0,
            0.0,
            0.0,
            0.0,
            0.0,
            0.0,
            0.0
        ]
    }
}