{"Number of instructions simplified or DCE'd (early-cse)": [36923, 36928, 36934, 36934, 36946, 36946, 36946, 36946, 36946, 36946, 36946, 36946, 36946], "Number of globals deleted (globalopt)": [1530, 1525, 1524, 1524, 1522, 1522, 1522, 1522, 1522, 1522, 1522, 1522, 1522], "Number of functions inlined (inline)": [12531, 12571, 12598, 12598, 12602, 12602, 12602, 12602, 12602, 12602, 12602, 12602, 12602], "Number of call sites analyzed (inline-cost)": [19549, 19469, 19448, 19448, 19439, 19439, 19439, 19439, 19439, 19439, 19439, 19439, 19439], "Number of insts combined (instcombine)": [204767, 205648, 206246, 206246, 206391, 206391, 206391, 206391, 206391, 206391, 206391, 206391, 206391], "Number of dead inst eliminated (instcombine)": [45204, 45448, 45804, 45804, 45817, 45817, 45817, 45817, 45817, 45817, 45817, 45817, 45817], "Number of PHI nodes inserted (mem2reg)": [23945, 23945, 23945, 23945, 23985, 23985, 23985, 23985, 23985, 23985, 23985, 23985, 23985], "Number of alloca's promoted with a single store (mem2reg)": [36252, 36252, 36252, 36252, 36254, 36254, 36254, 36254, 36254, 36254, 36254, 36254, 36254], "Number of blocks simplified (simplifycfg)": [83578, 83959, 84389, 84389, 84413, 84413, 84413, 84413, 84413, 84413, 84413, 84413, 84413], "Maximum number of partitions per alloca (sroa)": [571, 571, 571, 571, 577, 577, 577, 577, 577, 577, 577, 577, 577], "Number of alloca partition uses rewritten (sroa)": [342196, 342196, 342196, 342196, 342324, 342324, 342324, 342324, 342324, 342324, 342324, 342324, 342324], "Number of alloca partitions formed (sroa)": [54223, 54223, 54223, 54223, 54247, 54247, 54247, 54247, 54247, 54247, 54247, 54247, 54247], "Number of allocas analyzed for replacement (sroa)": [66463, 66463, 66463, 66463, 66475, 66475, 66475, 66475, 66475, 66475, 66475, 66475, 66475], "Number of instructions deleted (sroa)": [349741, 349741, 349741, 349741, 349859, 349859, 349859, 349859, 349859, 349859, 349859, 349859, 349859], "Number of allocas promoted to SSA values (sroa)": [53867, 53867, 53867, 53867, 53881, 53881, 53881, 53881, 53881, 53881, 53881, 53881, 53881], "compile-time (seconds)": [3.7136345720000214, 3.7962349119999317, 3.1522309209999406, 2.8145229800000173, 2.57794343500003, 2.661152459999979, 2.654615469999932, 2.542189252999968, 2.640590338999992, 2.302021691999961, 2.287298733999986, 2.047636223000044, 1.892779205999993], "Number of instructions CSE'd (early-cse)": [15884, 15884, 15912, 15912, 15912, 15912, 15912, 15912, 15912, 15912, 15912, 15912, 15912], "Negator: Total number of values visited during attempts to sink negation (instcombine)": [20035, 21738, 22225, 22225, 22311, 22311, 22311, 22311, 22311, 22311, 22311, 22311, 22311], "Negator: Number of negations attempted to be sinked (instcombine)": [18310, 19473, 19898, 19898, 19976, 19976, 19976, 19976, 19976, 19976, 19976, 19976, 19976], "Number of instructions sunk (instcombine)": [4618, 4618, 4681, 4681, 4681, 4681, 4681, 4681, 4681, 4681, 4681, 4681, 4681], "Number of redundant instructions removed (instsimplify)": [6120, 6226, 6336, 6336, 6357, 6357, 6357, 6357, 6357, 6357, 6357, 6357, 6357], "Number of insts scanned while updating ibt (ipt)": [596753, 617727, 633201, 632583, 635555, 636238, 635605, 635683, 635994, 635710, 636023, 635986, 636367], "Number of instructions hoisted out of loop (licm)": [8551, 9095, 9131, 9131, 9177, 9177, 9177, 9177, 9177, 9177, 9177, 9177, 9177], "Number of load insts hoisted or sunk (licm)": [521, 601, 605, 605, 611, 611, 611, 611, 611, 611, 611, 611, 611], "Number of loops analyzed for vectorization (loop-vectorize)": [3591, 3596, 3616, 3616, 3622, 3622, 3622, 3622, 3622, 3622, 3622, 3622, 3622], "Number of insts reassociated (reassociate)": [11591, 12022, 12214, 12214, 12266, 12266, 12266, 12266, 12266, 12266, 12266, 12266, 12266], "Number of loop exits with predictable exit counts (scalar-evolution)": [10068, 10098, 10101, 10101, 10107, 10107, 10107, 10107, 10107, 10107, 10107, 10107, 10107], "Number of loop exits without predictable exit counts (scalar-evolution)": [20198, 20321, 20285, 20285, 20315, 20315, 20315, 20315, 20315, 20315, 20315, 20315, 20315], "Number of instructions removed (sccp)": [9569, 9567, 9567, 9567, 9563, 9563, 9563, 9563, 9563, 9563, 9563, 9563, 9563], "Number of MayAlias results (aa)": [131603, 133698, 133607, 133607, 133625, 133625, 133625, 133625, 133625, 133625, 133625, 133625, 133625], "Number of NoAlias results (aa)": [755253, 765628, 767285, 767285, 768890, 768890, 768890, 768890, 768890, 768890, 768890, 768890, 768890], "Number of stores remaining after DSE (dse)": [27591, 27891, 27891, 27891, 27891, 27891, 27891, 27891, 27891, 27891, 27891, 27891, 27891], "Number of instructions deleted (gvn)": [10614, 10842, 11057, 11057, 11126, 11126, 11126, 11126, 11126, 11126, 11126, 11126, 11126], "Number of instructions simplified (gvn)": [6137, 6277, 6448, 6448, 6486, 6486, 6486, 6486, 6486, 6486, 6486, 6486, 6486], "Number of jumps threaded (jump-threading)": [4376, 4404, 4400, 4400, 4402, 4402, 4402, 4402, 4402, 4402, 4402, 4402, 4402], "Number of block queries that were completely cached (memdep)": [9823, 10063, 10043, 10043, 10049, 10049, 10049, 10049, 10049, 10049, 10049, 10049, 10049], "Number of fully cached non-local ptr responses (memdep)": [382946, 386255, 389334, 389334, 390200, 390200, 390200, 390200, 390200, 390200, 390200, 390200, 390200], "Number of uncached non-local ptr responses (memdep)": [265658, 270408, 272753, 272753, 273929, 273929, 273929, 273929, 273929, 273929, 273929, 273929, 273929], "Number of redundant instructions simplified (loop-instsimplify)": [656, 656, 664, 664, 664, 664, 664, 664, 664, 664, 664, 664, 664], "Number of loops not rotated due to the header size (loop-rotate)": [1589, 1614, 1614, 1614, 1626, 1626, 1626, 1626, 1626, 1626, 1626, 1626, 1626], "Number of loops deleted (loop-delete)": [150, 150, 166, 166, 170, 170, 170, 170, 170, 170, 170, 170, 170], "Number of loops unrolled (completely or otherwise) (loop-unroll)": [712, 707, 706, 706, 704, 704, 704, 704, 704, 704, 704, 704, 704], "Number of blocks merged (gvn)": [837, 823, 832, 832, 823, 823, 823, 823, 823, 823, 823, 823, 823], "Number of equalities propagated (gvn)": [458, 454, 454, 454, 454, 454, 454, 454, 454, 454, 454, 454, 454], "Number of GEP instructions CSE'd (early-cse)": [28931, 28960, 29083, 29083, 29085, 29085, 29085, 29085, 29085, 29085, 29085, 29085, 29085], "Number of load instructions CSE'd (early-cse)": [20125, 20151, 20239, 20239, 20241, 20241, 20241, 20241, 20241, 20241, 20241, 20241, 20241], "Number of MustAlias results (aa)": [35322, 35589, 35621, 35621, 35680, 35680, 35680, 35680, 35680, 35680, 35680, 35680, 35680], "Number of loads deleted (gvn)": [948, 987, 999, 999, 1010, 1010, 1010, 1010, 1010, 1010, 1010, 1010, 1010], "Number of basic blocks unreachable (sccp)": [2514, 2513, 2513, 2513, 2511, 2511, 2511, 2511, 2511, 2511, 2511, 2511, 2511], "Number of global vars without address taken (globalsmodref-aa)": [2443, 2448, 2449, 2449, 2451, 2451, 2451, 2451, 2451, 2451, 2451, 2451, 2451], "Number of new, smaller allocas introduced (sroa)": [3574, 3574, 3574, 3574, 3588, 3588, 3588, 3588, 3588, 3588, 3588, 3588, 3588], "Number of phis propagated (correlated-value-propagation)": [3612, 3612, 3626, 3626, 3626, 3626, 3626, 3626, 3626, 3626, 3626, 3626, 3626], "Number of terminators folded (jump-threading)": [2036, 2067, 2067, 2067, 2069, 2069, 2069, 2069, 2069, 2069, 2069, 2069, 2069], "Number of PHI's that got CSE'd (local)": [253, 253, 265, 265, 269, 269, 269, 269, 269, 269, 269, 269, 269], "Number of loops completely unrolled (loop-unroll)": [339, 334, 333, 333, 331, 331, 331, 331, 331, 331, 331, 331, 331], "Number of loops unrolled without a conditional latch (completely or otherwise) (loop-unroll)": [38, 37, 37, 37, 37, 37, 37, 37, 37, 37, 37, 37, 37], "Number of instructions sunk out of loop (licm)": [204, 208, 342, 342, 356, 356, 356, 356, 356, 356, 356, 356, 356],