{"Number of insts combined (instcombine)": [205135, 205140, 205140, 205140, 205140, 205140, 205140, 205140, 205140, 205140, 205140, 205140, 205140], "Number of dead inst eliminated (instcombine)": [45424, 45434, 45434, 45434, 45434, 45434, 45434, 45434, 45434, 45434, 45434, 45434, 45434], "compile-time (seconds)": [4.761237045998939, 4.486382767000009, 3.406391016000157, 3.311284600000022, 3.122454272000141, 2.903370397999822, 3.1751643139999715, 2.9135680469988756, 2.803029657001332, 2.6377052360001016, 2.5238596570007417, 2.4895122300002868, 2.334476554999924], "Number of insts scanned while updating ibt (ipt)": [606827, 606417, 606245, 606148, 606430, 606507, 606677, 606266, 606420, 606335, 606255, 606344, 606637], "Number of insts reassociated (reassociate)": [11722, 11717, 11717, 11717, 11717, 11717, 11717, 11717, 11717, 11717, 11717, 11717, 11717]}