{
    "knob_name": "max-depth",
    "original_val": 6,
    "y_min": -4.079070207515923,
    "y_max": 2.03834160275158,
    "knob_values": [
        1,
        2,
        3,
        4,
        5,
        6,
        7,
        8,
        9,
        10,
        11,
        18,
        72
    ],
    "stats": [
        "Number of insts combined (instcombine)",
        "Number of dead inst eliminated (instcombine)",
        "Number of insts scanned while updating ibt (ipt)",
        "compile-time (instructions)",
        "bitcode-size (bytes)",
        "Number of insts reassociated (reassociate)"
    ],
    "stats_val": {
        "Number of insts combined (instcombine)": [
            -0.002437359851808521,
            0.0,
            0.0,
            0.0,
            0.0,
            0.0,
            0.0,
            0.0,
            0.0,
            0.0,
            0.0,
            0.0,
            0.0
        ],
        "Number of dead inst eliminated (instcombine)": [
            -0.022009948496720517,
            0.0,
            0.0,
            0.0,
            0.0,
            0.0,
            0.0,
            0.0,
            0.0,
            0.0,
            0.0,
            0.0,
            0.0
        ],
        "Number of insts scanned while updating ibt (ipt)": [
            -0.11427930654063512,
            -0.01995352971344423,
            -0.014841468381900664,
            -0.0514504237239223,
            0.04683307800510876,
            0.0,
            0.09861331213751774,
            -0.058871157914872636,
            0.04600855198389206,
            0.005771682148516925,
            0.017644856854037456,
            -0.09482049243992091,
            0.0514504237239223
        ],
        "compile-time (instructions)": [
            2.03834160275158,
            -2.503748155346713,
            -4.079070207515923,
            -2.7908994305650845,
            -1.2467103936277777,
            0.0,
            -0.3547295442838759,
            0.8420146031265011,
            -2.7159075690029213,
            0.568559567701543,
            -3.417188271884565,
            -2.387091107743924,
            -2.353413633150951
        ],
        "bitcode-size (bytes)": [
            0.0005524407869795231,
            0.0,
            0.0,
            0.0,
            0.0,
            0.0,
            0.0,
            0.0,
            0.0,
            0.0,
            0.0,
            0.0,
            0.0
        ],
        "Number of insts reassociated (reassociate)": [
            0.04267303917384996,
            0.0,
            0.0,
            0.0,
            0.0,
            0.0,
            0.0,
            0.0,
            0.0,
            0.0,
            0.0,
            0.0,
            0.0
        ]
    }
}