{"Number of insts combined (instcombine)": [205113, 205140, 205140, 205140, 205140, 205140, 205140, 205140, 205140, 205140, 205140, 205140, 205140], "Number of dead inst eliminated (instcombine)": [45410, 45434, 45434, 45434, 45434, 45434, 45434, 45434, 45434, 45434, 45434, 45434, 45434], "Number of reassociations (instsimplify)": [4914, 4917, 4917, 4917, 4917, 4917, 4917, 4917, 4917, 4917, 4917, 4917, 4917], "Number of blocks simplified (simplifycfg)": [83850, 83847, 83847, 83847, 83847, 83847, 83847, 83847, 83847, 83847, 83847, 83847, 83847], "compile-time (seconds)": [4.5781557810001345, 4.567066251000512, 3.615309796999867, 3.180666057999815, 3.2899213689996145, 3.0829176209999503, 3.152328305999589, 2.8958228700000745, 2.7815490950005994, 2.5816314539998757, 2.5171610220000957, 2.412569526999846, 2.4256749930000012], "Negator: Maximal traversal depth ever reached while attempting to sink negation (instcombine)": [102, 105, 105, 105, 105, 105, 105, 105, 105, 105, 105, 105, 105], "Negator: Maximal number of values ever visited while attempting to sink negation (instcombine)": [400, 406, 406, 406, 406, 406, 406, 406, 406, 406, 406, 406, 406], "Negator: Total number of values visited during attempts to sink negation (instcombine)": [20565, 20586, 20586, 20586, 20586, 20586, 20586, 20586, 20586, 20586, 20586, 20586, 20586], "Negator: Number of negations attempted to be sinked (instcombine)": [18704, 18716, 18716, 18716, 18716, 18716, 18716, 18716, 18716, 18716, 18716, 18716, 18716], "Number of insts scanned while updating ibt (ipt)": [606403, 606685, 606475, 606101, 606486, 606708, 605941, 606443, 606506, 606116, 606251, 606489, 606400], "Number of instructions hoisted out of loop (licm)": [8619, 8613, 8613, 8613, 8613, 8613, 8613, 8613, 8613, 8613, 8613, 8613, 8613], "Number of loop exits with predictable exit counts (scalar-evolution)": [10057, 10066, 10066, 10066, 10066, 10066, 10066, 10066, 10066, 10066, 10066, 10066, 10066], "Number of loop exits without predictable exit counts (scalar-evolution)": [20185, 20182, 20182, 20182, 20182, 20182, 20182, 20182, 20182, 20182, 20182, 20182, 20182], "Number of MayAlias results (aa)": [131683, 131713, 131713, 131713, 131713, 131713, 131713, 131713, 131713, 131713, 131713, 131713, 131713], "Number of loops unrolled with run-time trip counts (loop-unroll)": [359, 356, 356, 356, 356, 356, 356, 356, 356, 356, 356, 356, 356], "Number of loops unrolled (completely or otherwise) (loop-unroll)": [717, 714, 714, 714, 714, 714, 714, 714, 714, 714, 714, 714, 714], "Number of loops vectorized (loop-vectorize)": [230, 233, 233, 233, 233, 233, 233, 233, 233, 233, 233, 233, 233]}