{"Max number of times we visited a function (count-visits)": [415, 418, 418, 418, 418, 418, 418, 418, 418, 418, 418, 418, 418], "Number of instructions simplified or DCE'd (early-cse)": [36909, 36915, 36915, 36915, 36915, 36915, 36915, 36915, 36915, 36915, 36915, 36915, 36915], "Number of globals deleted (globalopt)": [1498, 1532, 1532, 1532, 1532, 1532, 1532, 1532, 1532, 1532, 1532, 1532, 1532], "Number of globals marked unnamed_addr (globalopt)": [14730, 14712, 14712, 14712, 14712, 14712, 14712, 14712, 14712, 14712, 14712, 14712, 14712], "Number of functions that do not access memory (globalsmodref-aa)": [1883, 1881, 1881, 1881, 1881, 1881, 1881, 1881, 1881, 1881, 1881, 1881, 1881], "Number of functions that only read memory (globalsmodref-aa)": [3087, 3085, 3085, 3085, 3085, 3085, 3085, 3085, 3085, 3085, 3085, 3085, 3085], "Number of functions inlined (inline)": [12514, 12532, 12532, 12532, 12532, 12532, 12532, 12532, 12532, 12532, 12532, 12532, 12532], "Number of call sites analyzed (inline-cost)": [19502, 19558, 19558, 19558, 19558, 19558, 19558, 19558, 19558, 19558, 19558, 19558, 19558], "Number of insts combined (instcombine)": [205043, 205140, 205140, 205140, 205140, 205140, 205140, 205140, 205140, 205140, 205140, 205140, 205140], "Number of dead inst eliminated (instcombine)": [45430, 45434, 45434, 45434, 45434, 45434, 45434, 45434, 45434, 45434, 45434, 45434, 45434], "Number of instruction combining iterations performed (instcombine)": [48464, 48422, 48422, 48422, 48422, 48422, 48422, 48422, 48422, 48422, 48422, 48422, 48422], "Number of blocks simplified (simplifycfg)": [83948, 83847, 83847, 83847, 83847, 83847, 83847, 83847, 83847, 83847, 83847, 83847, 83847], "compile-time (seconds)": [4.567299119999973, 4.560694775999423, 3.720827599000188, 3.2117647019994706, 3.090000668000357, 3.1121458949995997, 3.202122975000009, 3.008106317999733, 2.7565637149999134, 2.654111269000026, 2.5460238080000295, 2.436909437000196, 2.3607745260001423], "Number of functions converted to fastcc (globalopt)": [4335, 4317, 4317, 4317, 4317, 4317, 4317, 4317, 4317, 4317, 4317, 4317, 4317], "Number of internal functions (globalopt)": [4335, 4317, 4317, 4317, 4317, 4317, 4317, 4317, 4317, 4317, 4317, 4317, 4317], "Number of functions without address taken (globalsmodref-aa)": [3685, 3667, 3667, 3667, 3667, 3667, 3667, 3667, 3667, 3667, 3667, 3667, 3667], "Number of instructions sunk (instcombine)": [4638, 4650, 4650, 4650, 4650, 4650, 4650, 4650, 4650, 4650, 4650, 4650, 4650], "Number of insts scanned while updating ibt (ipt)": [604779, 606440, 606407, 606152, 606514, 605909, 606089, 606526, 606684, 606479, 606517, 606157, 606213], "Number of loops analyzed for vectorization (loop-vectorize)": [3607, 3601, 3601, 3601, 3601, 3601, 3601, 3601, 3601, 3601, 3601, 3601, 3601], "Number of insts reassociated (reassociate)": [11665, 11717, 11717, 11717, 11717, 11717, 11717, 11717, 11717, 11717, 11717, 11717, 11717], "Number of loop exits with predictable exit counts (scalar-evolution)": [10062, 10066, 10066, 10066, 10066, 10066, 10066, 10066, 10066, 10066, 10066, 10066, 10066], "Number of loop exits without predictable exit counts (scalar-evolution)": [20134, 20182, 20182, 20182, 20182, 20182, 20182, 20182, 20182, 20182, 20182, 20182, 20182], "Number of instructions removed (sccp)": [9449, 9569, 9569, 9569, 9569, 9569, 9569, 9569, 9569, 9569, 9569, 9569, 9569], "Number of NoAlias results (aa)": [747412, 747580, 747580, 747580, 747580, 747580, 747580, 747580, 747580, 747580, 747580, 747580, 747580], "Number of instructions deleted (gvn)": [10741, 10771, 10771, 10771, 10771, 10771, 10771, 10771, 10771, 10771, 10771, 10771, 10771], "Number of instructions simplified (gvn)": [6219, 6245, 6245, 6245, 6245, 6245, 6245, 6245, 6245, 6245, 6245, 6245, 6245], "Number of block queries that were completely cached (memdep)": [9838, 9856, 9856, 9856, 9856, 9856, 9856, 9856, 9856, 9856, 9856, 9856, 9856], "Number of uncached non-local ptr responses (memdep)": [266285, 267261, 267261, 267261, 267261, 267261, 267261, 267261, 267261, 267261, 267261, 267261, 267261], "Number of loops not rotated due to the header size (loop-rotate)": [1579, 1589, 1589, 1589, 1589, 1589, 1589, 1589, 1589, 1589, 1589, 1589, 1589], "Number of common instruction 'blocks' hoisted up to the begin block (simplifycfg)": [2093, 2099, 2099, 2099, 2099, 2099, 2099, 2099, 2099, 2099, 2099, 2099, 2099], "Number of common instructions hoisted up to the begin block (simplifycfg)": [5611, 5623, 5623, 5623, 5623, 5623, 5623, 5623, 5623, 5623, 5623, 5623, 5623], "Number of common instruction 'blocks' sunk down to the end block (simplifycfg)": [720, 718, 718, 718, 718, 718, 718, 718, 718, 718, 718, 718, 718], "Number of common instructions sunk down to the end block (simplifycfg)": [1419, 1412, 1412, 1412, 1412, 1412, 1412, 1412, 1412, 1412, 1412, 1412, 1412], "Number of blocks merged (gvn)": [825, 843, 843, 843, 843, 843, 843, 843, 843, 843, 843, 843, 843], "Number of loads PRE'd (gvn)": [1131, 1135, 1135, 1135, 1135, 1135, 1135, 1135, 1135, 1135, 1135, 1135, 1135], "Number of basic blocks unreachable (sccp)": [2408, 2514, 2514, 2514, 2514, 2514, 2514, 2514, 2514, 2514, 2514, 2514, 2514], "Number of global vars without address taken (globalsmodref-aa)": [2447, 2441, 2441, 2441, 2441, 2441, 2441, 2441, 2441, 2441, 2441, 2441, 2441], "Number of global variables removed (globaldce)": [44, 28, 28, 28, 28, 28, 28, 28, 28, 28, 28, 28, 28], "Number of constant folds (instcombine)": [632, 616, 616, 616, 616, 616, 616, 616, 616, 616, 616, 616, 616], "Number of unreachable basic blocks removed (local)": [1420, 1410, 1410, 1410, 1410, 1410, 1410, 1410, 1410, 1410, 1410, 1410, 1410]}