{"compile-time (seconds)": [4.31325623400005, 4.2389390189993605, 4.112568615999294, 3.3588579610007514, 3.2505989219997673, 3.172007720999602, 3.287945825000122, 3.0176052440000944, 2.8071981849998906, 2.5897971530006316, 2.5132017400003406, 2.421255194999503, 2.2824751130006575], "Number of insts scanned while updating ibt (ipt)": [606327, 606341, 606750, 606471, 606029, 606150, 606491, 606439, 606497, 606204, 606770, 606384, 606266]}