{
    "knob_name": "max-speculation-depth",
    "original_val": 10,
    "y_min": -1.1646754451567412,
    "y_max": 6.078471082914803,
    "knob_values": [
        5,
        6,
        7,
        8,
        9,
        10,
        11,
        12,
        13,
        14,
        15,
        30,
        120
    ],
    "stats": [
        "Number of insts combined (instcombine)",
        "Number of insts scanned while updating ibt (ipt)",
        "compile-time (instructions)",
        "bitcode-size (bytes)",
        "Number of NoAlias results (aa)",
        "Number of branches folded into predecessor basic block (simplifycfg)"
    ],
    "stats_val": {
        "Number of insts combined (instcombine)": [
            -0.004387247733255338,
            0.0,
            0.0,
            0.0,
            0.0,
            0.0,
            0.0,
            0.0,
            0.0,
            0.0,
            0.0,
            0.0,
            0.0
        ],
        "Number of insts scanned while updating ibt (ipt)": [
            -0.002144358193592658,
            -0.055588362403132745,
            -0.019629125002886636,
            -0.0006598025211054331,
            0.10787771220073832,
            0.0,
            0.01352595168266138,
            0.018804371851504846,
            -0.035959237400246105,
            0.050804794125118354,
            0.03859844748466784,
            0.036948941181904255,
            0.032825175424995294
        ],
        "compile-time (instructions)": [
            6.078471082914803,
            4.645687759576381,
            -0.9335135401872965,
            0.2718583947721619,
            -0.9691700391224849,
            0.0,
            2.6431748607858254,
            1.2942182728529255,
            1.22537853919567,
            2.0647841125093556,
            -1.1646754451567412,
            -0.18418958158952137,
            -0.8417134157268259
        ],
        "bitcode-size (bytes)": [
            0.0022097631479180923,
            0.0,
            0.0,
            0.0,
            0.0,
            0.0,
            0.0,
            0.0,
            0.0,
            0.0,
            0.0,
            0.0,
            0.0
        ],
        "Number of NoAlias results (aa)": [
            0.0014714144305626154,
            0.0,
            0.0,
            0.0,
            0.0,
            0.0,
            0.0,
            0.0,
            0.0,
            0.0,
            0.0,
            0.0,
            0.0
        ],
        "Number of branches folded into predecessor basic block (simplifycfg)": [
            0.28506271379703535,
            0.0,
            0.0,
            0.0,
            0.0,
            0.0,
            0.0,
            0.0,
            0.0,
            0.0,
            0.0,
            0.0,
            0.0
        ]
    }
}