{"Number of insts combined (instcombine)": [205131, 205140, 205140, 205140, 205140, 205140, 205140, 205140, 205140, 205140, 205140, 205140, 205140], "compile-time (seconds)": [4.505597396000098, 4.815065348000175, 3.5525613700002197, 3.2010628209996526, 3.0562110029999445, 3.096356473000043, 3.075288521000033, 3.0108747620002987, 2.70842041600001, 2.6876277519999974, 2.4306202940000503, 2.397089897999919, 2.342188850000113], "Number of insts scanned while updating ibt (ipt)": [606205, 605790, 606329, 606375, 606803, 606411, 606514, 606862, 606572, 606575, 606291, 606406, 606716], "Number of NoAlias results (aa)": [747591, 747580, 747580, 747580, 747580, 747580, 747580, 747580, 747580, 747580, 747580, 747580, 747580], "Number of branches folded into predecessor basic block (simplifycfg)": [1759, 1754, 1754, 1754, 1754, 1754, 1754, 1754, 1754, 1754, 1754, 1754, 1754]}