{
    "knob_name": "max-speculation-depth",
    "original_val": 10,
    "y_min": -29.626074191732453,
    "y_max": 36.754703039481825,
    "knob_values": [
        5,
        6,
        7,
        8,
        9,
        10,
        11,
        12,
        13,
        14,
        15,
        30,
        120
    ],
    "stats": [
        "Number of insts combined (instcombine)",
        "compile-time (seconds)",
        "bitcode-size (bytes)",
        "Number of insts scanned while updating ibt (ipt)",
        "Number of NoAlias results (aa)",
        "Number of branches folded into predecessor basic block (simplifycfg)"
    ],
    "stats_val": {
        "Number of insts combined (instcombine)": [
            -0.004387247733255338,
            0.0,
            0.0,
            0.0,
            0.0,
            0.0,
            0.0,
            0.0,
            0.0,
            0.0,
            0.0,
            0.0,
            0.0
        ],
        "compile-time (seconds)": [
            35.98791583161735,
            36.754703039481825,
            21.236181233200178,
            6.3850100465972695,
            -1.8249850797719267,
            0.0,
            9.360370420555661,
            -8.373261938873785,
            -12.645046730157361,
            -15.713133556253755,
            -21.22195951759412,
            -27.725487029430106,
            -29.626074191732453
        ],
        "bitcode-size (bytes)": [
            2.426961209150906e-05,
            0.0,
            0.0,
            0.0,
            0.0,
            0.0,
            0.0,
            0.0,
            0.0,
            0.0,
            0.0,
            0.0,
            0.0
        ],
        "Number of insts scanned while updating ibt (ipt)": [
            0.011715340330636606,
            0.046861361322546424,
            0.00016500479338924797,
            0.02524573338855494,
            0.09091764115747562,
            0.0,
            0.03151591553734636,
            0.0643518694218067,
            0.07276711388465834,
            0.012540364297582846,
            0.059236720826740016,
            0.09240268429797886,
            0.05065647157049912
        ],
        "Number of NoAlias results (aa)": [
            0.0014714144305626154,
            0.0,
            0.0,
            0.0,
            0.0,
            0.0,
            0.0,
            0.0,
            0.0,
            0.0,
            0.0,
            0.0,
            0.0
        ],
        "Number of branches folded into predecessor basic block (simplifycfg)": [
            0.28506271379703535,
            0.0,
            0.0,
            0.0,
            0.0,
            0.0,
            0.0,
            0.0,
            0.0,
            0.0,
            0.0,
            0.0,
            0.0
        ]
    }
}