{
    "knob_name": "memdep-block-number-limit",
    "original_val": 200,
    "y_min": -10.365369444147918,
    "y_max": 4.836797046666824,
    "knob_values": [
        100,
        120,
        140,
        160,
        180,
        200,
        220,
        240,
        260,
        280,
        300,
        600,
        2400
    ],
    "stats": [
        "Number of MayAlias results (aa)",
        "Number of insts scanned while updating ibt (ipt)",
        "compile-time (instructions)",
        "Number of NoAlias results (aa)",
        "Number of fully cached non-local ptr responses (memdep)",
        "Number of uncached non-local ptr responses (memdep)",
        "Number of block queries that were completely cached (memdep)",
        "Number of MustAlias results (aa)",
        "bitcode-size (bytes)"
    ],
    "stats_val": {
        "Number of MayAlias results (aa)": [
            -3.5774752681967614,
            -3.027036055666487,
            -1.2975180885713635,
            -0.36974330552033585,
            -0.12527237250688997,
            0.0,
            0.30065369401653597,
            0.5572722510306499,
            0.6817853970374982,
            0.870073569047854,
            0.9854759970542013,
            1.3005549945715305,
            1.3005549945715305
        ],
        "Number of insts scanned while updating ibt (ipt)": [
            -0.09519284387383731,
            -0.09139832843345905,
            -0.03942996479349587,
            -0.04668903780987168,
            0.008083967677327605,
            0.0,
            -0.028706334201122518,
            0.03794515440378264,
            0.1738877945286387,
            0.06434178355424011,
            0.08479917114584468,
            0.0506485321824403,
            0.05477300548719929
        ],
        "compile-time (instructions)": [
            4.836797046666824,
            0.9125301860108457,
            0.5473208386200029,
            1.1748103540278438,
            1.9751618551842325,
            0.0,
            0.6760258351366238,
            2.2999021037168084,
            1.052154606403199,
            -0.012385282489729563,
            0.2665101703105999,
            0.24714116421133284,
            1.0447948772548894
        ],
        "Number of NoAlias results (aa)": [
            -1.2751812515048557,
            -1.0430990663206614,
            -0.5351935578800932,
            -0.18459562856149175,
            -0.08815110088552396,
            0.0,
            0.07624602049279007,
            0.11958586372027075,
            0.16198935231012065,
            0.21148238315631773,
            0.24198079135343376,
            0.34029802830466305,
            0.34029802830466305
        ],
        "Number of fully cached non-local ptr responses (memdep)": [
            -10.365369444147918,
            -9.406707509171339,
            -8.620406845502334,
            -7.836449461956847,
            -1.1989783298661465,
            0.0,
            0.8034847179081279,
            0.9430400674864675,
            0.9396553295302765,
            1.0510913176264134,
            1.1500298117304601,
            1.2388140919659338,
            1.2388140919659338
        ],
        "Number of uncached non-local ptr responses (memdep)": [
            -3.6353976075821013,
            -2.8088647427046967,
            -1.4962901433430242,
            -0.7625504656496832,
            -0.4029768653114371,
            0.0,
            0.2686512435409581,
            0.44712846243933835,
            0.5874407414474989,
            0.698568066421962,
            0.7951029143795765,
            1.0723599776997017,
            1.0723599776997017
        ],
        "Number of block queries that were completely cached (memdep)": [
            -0.18262987012987011,
            -0.12175324675324675,
            -0.040584415584415584,
            0.0,
            0.0,
            0.0,
            0.020292207792207792,
            0.020292207792207792,
            0.040584415584415584,
            0.040584415584415584,
            0.040584415584415584,
            0.07102272727272728,
            0.07102272727272728
        ],
        "Number of MustAlias results (aa)": [
            -0.7496039828015388,
            -0.6590857660104096,
            -0.1357773251866938,
            -0.11880515953835709,
            -0.03394433129667345,
            0.0,
            0.0,
            0.0,
            0.0,
            0.0,
            0.0,
            0.0,
            0.0
        ],
        "bitcode-size (bytes)": [
            0.0,
            0.0,
            0.0,
            0.0,
            0.0,
            0.0,
            0.0,
            0.0,
            0.0,
            0.0,
            0.0,
            0.0,
            0.0
        ]
    }
}