{
    "knob_name": "memdep-block-number-limit",
    "original_val": 200,
    "y_min": -29.446816442541625,
    "y_max": 37.103430347368565,
    "knob_values": [
        100,
        120,
        140,
        160,
        180,
        200,
        220,
        240,
        260,
        280,
        300,
        600,
        2400
    ],
    "stats": [
        "compile-time (seconds)",
        "Number of insts scanned while updating ibt (ipt)",
        "Number of MayAlias results (aa)",
        "Number of NoAlias results (aa)",
        "Number of block queries that were completely cached (memdep)",
        "Number of fully cached non-local ptr responses (memdep)",
        "Number of uncached non-local ptr responses (memdep)",
        "Number of MustAlias results (aa)"
    ],
    "stats_val": {
        "compile-time (seconds)": [
            37.103430347368565,
            35.617067413017686,
            16.560242419476797,
            8.856967149348717,
            -2.5550306730556605,
            0.0,
            0.5794109580648422,
            -6.347212425738278,
            -12.17141694661786,
            -20.371537309807522,
            -25.052741577120553,
            -27.17604863914234,
            -29.446816442541625
        ],
        "Number of insts scanned while updating ibt (ipt)": [
            -0.08705760146415058,
            -0.09777491982621456,
            -0.06793131023339022,
            -0.13338939315245799,
            -0.04072580977584316,
            0.0,
            0.056884228229416564,
            -0.007089918301057717,
            -0.025062036785134256,
            0.008738736510606023,
            -0.010222672899199498,
            -0.016653063916437894,
            0.006925036480102886
        ],
        "Number of MayAlias results (aa)": [
            -3.5774752681967614,
            -3.027036055666487,
            -1.2975180885713635,
            -0.36974330552033585,
            -0.12527237250688997,
            0.0,
            0.30065369401653597,
            0.5572722510306499,
            0.6817853970374982,
            0.870073569047854,
            0.9854759970542013,
            1.3005549945715305,
            1.3005549945715305
        ],
        "Number of NoAlias results (aa)": [
            -1.2751812515048557,
            -1.0430990663206614,
            -0.5351935578800932,
            -0.18459562856149175,
            -0.08815110088552396,
            0.0,
            0.07624602049279007,
            0.11958586372027075,
            0.16198935231012065,
            0.21148238315631773,
            0.24198079135343376,
            0.34029802830466305,
            0.34029802830466305
        ],
        "Number of block queries that were completely cached (memdep)": [
            -0.18262987012987011,
            -0.12175324675324675,
            -0.040584415584415584,
            0.0,
            0.0,
            0.0,
            0.020292207792207792,
            0.020292207792207792,
            0.040584415584415584,
            0.040584415584415584,
            0.040584415584415584,
            0.07102272727272728,
            0.07102272727272728
        ],
        "Number of fully cached non-local ptr responses (memdep)": [
            -10.365369444147918,
            -9.406707509171339,
            -8.620406845502334,
            -7.836449461956847,
            -1.1989783298661465,
            0.0,
            0.8034847179081279,
            0.9430400674864675,
            0.9396553295302765,
            1.0510913176264134,
            1.1500298117304601,
            1.2388140919659338,
            1.2388140919659338
        ],
        "Number of uncached non-local ptr responses (memdep)": [
            -3.6353976075821013,
            -2.8088647427046967,
            -1.4962901433430242,
            -0.7625504656496832,
            -0.4029768653114371,
            0.0,
            0.2686512435409581,
            0.44712846243933835,
            0.5874407414474989,
            0.698568066421962,
            0.7951029143795765,
            1.0723599776997017,
            1.0723599776997017
        ],
        "Number of MustAlias results (aa)": [
            -0.7496039828015388,
            -0.6590857660104096,
            -0.1357773251866938,
            -0.11880515953835709,
            -0.03394433129667345,
            0.0,
            0.0,
            0.0,
            0.0,
            0.0,
            0.0,
            0.0,
            0.0
        ]
    }
}