{"compile-time (seconds)": [4.489066022999879, 4.508739171000428, 3.5365366089999952, 3.2660610689999316, 3.1009180480001817, 3.1262689689994545, 3.2331821649999313, 3.183976354999942, 2.8241311840004926, 2.6799688749997586, 2.516990765000031, 2.381673603000138, 2.3845934299998817], "Number of insts scanned while updating ibt (ipt)": [606281, 605618, 605931, 605899, 606624, 606056, 606532, 606381, 606650, 606720, 606415, 606645, 606175], "Number of MayAlias results (aa)": [127001, 127726, 130004, 131226, 131548, 131713, 132109, 132447, 132611, 132859, 133011, 133426, 133426], "Number of NoAlias results (aa)": [738047, 739782, 743579, 746200, 746921, 747580, 748150, 748474, 748791, 749161, 749389, 750124, 750124], "Number of block queries that were completely cached (memdep)": [9838, 9844, 9852, 9856, 9856, 9856, 9858, 9858, 9860, 9860, 9860, 9863, 9863], "Number of fully cached non-local ptr responses (memdep)": [344266, 347948, 350968, 353979, 379472, 384077, 387163, 387699, 387686, 388114, 388494, 388835, 388835], "Number of uncached non-local ptr responses (memdep)": [257545, 259754, 263262, 265223, 266184, 267261, 267979, 268456, 268831, 269128, 269386, 270127, 270127], "Number of MustAlias results (aa)": [35087, 35119, 35304, 35310, 35340, 35352, 35352, 35352, 35352, 35352, 35352, 35352, 35352]}