{"Number of insts combined (instcombine)": [205138, 205140, 205140, 205140, 205140, 205140, 205140, 205140, 205140, 205140, 205149, 205149, 205149], "compile-time (seconds)": [4.240352839000181, 4.337019784000148, 3.8650966359999046, 3.286846445000151, 3.0335047529999315, 3.1575203649998684, 3.2978108909998696, 3.026033828000081, 2.723010497000004, 2.629165975999939, 2.5732726090001705, 2.4371467000002838, 2.3465635000000873], "Negator: Total number of values visited during attempts to sink negation (instcombine)": [20606, 20586, 20586, 20586, 20586, 20586, 20586, 20586, 20586, 20586, 20586, 20586, 20586], "Negator: Number of negations attempted to be sinked (instcombine)": [18736, 18716, 18716, 18716, 18716, 18716, 18716, 18716, 18716, 18716, 18716, 18716, 18716], "Number of instructions sunk (instcombine)": [4648, 4650, 4650, 4650, 4650, 4650, 4650, 4650, 4650, 4650, 4650, 4650, 4650], "Number of insts scanned while updating ibt (ipt)": [606408, 606175, 606122, 606323, 606144, 606736, 606378, 606673, 606405, 606505, 606133, 606451, 612576], "Number of instructions hoisted out of loop (licm)": [8613, 8613, 8613, 8613, 8613, 8613, 8613, 8613, 8613, 8613, 8606, 8606, 8600], "Number of load insts hoisted or sunk (licm)": [533, 533, 533, 533, 533, 533, 533, 533, 533, 533, 531, 531, 525], "Number of loop exits with predictable exit counts (scalar-evolution)": [10066, 10066, 10066, 10066, 10066, 10066, 10066, 10066, 10066, 10066, 10067, 10067, 10067], "Number of instructions removed (sccp)": [9529, 9569, 9569, 9569, 9569, 9569, 9569, 9569, 9569, 9569, 9569, 9569, 9569], "Number of MayAlias results (aa)": [129758, 130420, 130933, 131241, 131501, 131713, 131877, 131993, 132065, 132105, 132124, 132128, 132004], "Number of NoAlias results (aa)": [741914, 743749, 744984, 745996, 746860, 747580, 748152, 748580, 748868, 749044, 749649, 749659, 749490], "Number of pointers maybe captured before (capture-tracking)": [4058, 4058, 4058, 4058, 4058, 4058, 4058, 4058, 4058, 4058, 4059, 4059, 4059], "Number of pointers not captured before (capture-tracking)": [1268, 1272, 1272, 1272, 1272, 1272, 1272, 1272, 1272, 1272, 1276, 1276, 1276], "Number of stores remaining after DSE (dse)": [27620, 27618, 27618, 27618, 27618, 27618, 27618, 27618, 27618, 27618, 27618, 27618, 27618], "Number of instructions deleted (gvn)": [10750, 10771, 10771, 10771, 10771, 10771, 10771, 10771, 10771, 10771, 10796, 10796, 10840], "Number of instructions simplified (gvn)": [6231, 6245, 6245, 6245, 6245, 6245, 6245, 6245, 6245, 6245, 6247, 6247, 6247], "Number of block queries that were completely cached (memdep)": [9886, 9899, 9856, 9856, 9856, 9856, 9856, 9856, 9856, 9856, 9856, 9857, 9845], "Number of fully cached non-local ptr responses (memdep)": [383810, 383957, 384077, 384077, 384077, 384077, 384077, 384077, 384077, 384077, 384086, 384086, 384086], "Number of uncached non-local ptr responses (memdep)": [267056, 267197, 267261, 267261, 267261, 267261, 267261, 267261, 267261, 267261, 267334, 267335, 267423], "Number of arguments with unsolved size and offset (memory-builtins)": [5687, 5703, 5703, 5703, 5703, 5703, 5703, 5703, 5703, 5703, 5703, 5703, 5703], "Number of pointers maybe captured (capture-tracking)": [14386, 14390, 14390, 14390, 14390, 14390, 14390, 14390, 14390, 14390, 14388, 14388, 14388], "Number of MustAlias results (aa)": [35346, 35352, 35352, 35352, 35352, 35352, 35352, 35352, 35352, 35352, 35364, 35364, 35446], "Number of instructions removed (unused) (bdce)": [748, 751, 751, 751, 751, 751, 751, 751, 751, 751, 751, 751, 751], "Number of loads deleted (gvn)": [964, 968, 968, 968, 968, 968, 968, 968, 968, 968, 980, 980, 1012], "Number of loads PRE'd (gvn)": [1132, 1135, 1135, 1135, 1135, 1135, 1135, 1135, 1135, 1135, 1137, 1137, 1149], "Number of basic blocks unreachable (sccp)": [2504, 2514, 2514, 2514, 2514, 2514, 2514, 2514, 2514, 2514, 2514, 2514, 2514], "Number of arguments marked writeonly (function-attrs)": [883, 885, 885, 885, 885, 885, 885, 885, 885, 885, 885, 885, 885], "Number of terminators folded (jump-threading)": [2042, 2042, 2042, 2042, 2042, 2042, 2042, 2042, 2042, 2042, 2045, 2045, 2045], "Number of load-only promotions (licm)": [165, 165, 165, 165, 165, 165, 165, 165, 165, 165, 165, 165, 127]}