{
    "knob_name": "memssa-check-limit",
    "original_val": 100,
    "y_min": -3.783942855614115,
    "y_max": 8.79357393188689,
    "knob_values": [
        50,
        60,
        70,
        80,
        90,
        100,
        110,
        120,
        130,
        140,
        150,
        300,
        1200
    ],
    "stats": [
        "Number of MayAlias results (aa)",
        "Number of instructions simplified or DCE'd (early-cse)",
        "Number of insts scanned while updating ibt (ipt)",
        "Maximum number of uses of a partition (sroa)",
        "Number of alloca partition uses rewritten (sroa)",
        "Number of instructions deleted (sroa)",
        "compile-time (instructions)",
        "bitcode-size (bytes)",
        "Number of NoAlias results (aa)",
        "Number of instructions deleted (gvn)",
        "Number of instructions simplified (gvn)",
        "Number of fully cached non-local ptr responses (memdep)",
        "Number of uncached non-local ptr responses (memdep)",
        "Number of block queries that were completely cached (memdep)",
        "Number of load instructions CSE'd (early-cse)",
        "Number of insts reassociated (reassociate)",
        "Number of instructions CSE'd (early-cse)",
        "Number of MustAlias results (aa)",
        "Number of loads deleted (gvn)",
        "Number of pointers not captured (capture-tracking)"
    ],
    "stats_val": {
        "Number of MayAlias results (aa)": [
            -0.10401403050572078,
            -0.0819964620045098,
            -0.058460440503215326,
            -0.02960983350162854,
            -0.012906850500709877,
            0.0,
            0.02125834200116921,
            0.045553590002505445,
            0.055423534503048294,
            0.06681193200367466,
            0.07440419700409223,
            0.21865723201202614,
            0.35531800201954244
        ],
        "Number of instructions simplified or DCE'd (early-cse)": [
            -0.013544629554381689,
            0.0,
            0.0,
            0.0,
            0.0,
            0.0,
            0.0,
            0.0,
            0.0,
            0.0,
            0.0,
            0.0,
            0.0
        ],
        "Number of insts scanned while updating ibt (ipt)": [
            -0.06147618663049515,
            -0.013679687641638332,
            -0.04417055768625389,
            -0.0642780503643247,
            -0.0232389874394097,
            0.0,
            -0.07334290362083203,
            -0.0835614654736221,
            -0.07630958286841624,
            -0.1244357128847824,
            -0.07911144660224578,
            -0.07416698118960541,
            -0.20091011126695335
        ],
        "Maximum number of uses of a partition (sroa)": [
            0.09490667510281556,
            0.0,
            0.0,
            0.0,
            0.0,
            0.0,
            0.0,
            0.0,
            0.0,
            0.0,
            0.0,
            0.0,
            0.0
        ],
        "Number of alloca partition uses rewritten (sroa)": [
            0.04531262789854649,
            0.023387162786346574,
            0.021925465112199914,
            0.013155279067319947,
            0.008770186044879965,
            0.0,
            -0.0029233953482933218,
            -0.004385093022439983,
            -0.008770186044879965,
            -0.010231883719026627,
            -0.016078674415613267,
            -0.029233953482933214,
            -0.04823602324683981
        ],
        "Number of instructions deleted (sroa)": [
            0.044333467763848486,
            0.02288178981359922,
            0.021451677950249267,
            0.012871006770149561,
            0.008580671180099708,
            0.0,
            -0.0028602237266999024,
            -0.004290335590049854,
            -0.008580671180099708,
            -0.010010783043449658,
            -0.015731230496849463,
            -0.028602237266999023,
            -0.04719369149054839
        ],
        "compile-time (instructions)": [
            -0.03952214383467251,
            0.6427125722824638,
            -1.1248462773791943,
            -2.206891895386047,
            -2.2848056574628974,
            0.0,
            -2.5416395783822248,
            -0.8136295516472167,
            1.803765307785614,
            -0.8114829884146619,
            -1.3413233010925663,
            -0.3636349106836395,
            -1.7288653468414608
        ],
        "bitcode-size (bytes)": [
            0.008839052591672369,
            0.0,
            0.0044195262958361846,
            0.0005524407869795231,
            -0.0005524407869795231,
            0.0,
            0.0027622039348976155,
            0.0044195262958361846,
            0.004971967082815708,
            0.010496374952610937,
            0.0044195262958361846,
            0.007734171017713324,
            0.005524407869795231
        ],
        "Number of NoAlias results (aa)": [
            -3.783942855614115,
            -3.063083549586666,
            -2.1027849862222103,
            -1.3143743813371145,
            -0.6186628855774633,
            0.0,
            0.6979854998796116,
            1.3644024719762433,
            1.8454212258219855,
            2.4386687712351853,
            2.808662618047567,
            8.79357393188689,
            8.473206880868938
        ],
        "Number of instructions deleted (gvn)": [
            0.14854702441741713,
            0.03713675610435428,
            0.03713675610435428,
            0.03713675610435428,
            0.0,
            0.0,
            0.0,
            0.0,
            0.0,
            0.0,
            0.0,
            0.0,
            0.0
        ],
        "Number of instructions simplified (gvn)": [
            0.06405124099279423,
            0.0,
            0.0,
            0.0,
            0.0,
            0.0,
            0.0,
            0.0,
            0.0,
            0.0,
            0.0,
            0.0,
            0.0
        ],
        "Number of fully cached non-local ptr responses (memdep)": [
            0.044782686804989626,
            0.024994987984180258,
            0.024994987984180258,
            0.024994987984180258,
            0.0,
            0.0,
            0.0,
            0.0,
            0.0,
            0.0,
            0.0,
            0.0,
            0.0
        ],
        "Number of uncached non-local ptr responses (memdep)": [
            0.02394662895072607,
            0.02394662895072607,
            0.02394662895072607,
            0.02394662895072607,
            0.0,
            0.0,
            0.0,
            0.0,
            0.0,
            0.0,
            0.0,
            0.0,
            0.0
        ],
        "Number of block queries that were completely cached (memdep)": [
            -0.040584415584415584,
            0.0,
            0.0,
            0.0,
            0.0,
            0.0,
            0.0,
            0.0,
            0.0,
            0.0,
            0.0,
            0.0,
            0.0
        ],
        "Number of load instructions CSE'd (early-cse)": [
            -0.8180871634686896,
            -0.4214388417869007,
            -0.3966483216817889,
            -0.24790520105111807,
            -0.14874312063067083,
            0.0,
            0.04958104021022361,
            0.07437156031533541,
            0.14874312063067083,
            0.17353364073578265,
            0.27269572115622986,
            0.49581040210223615,
            0.8180871634686896
        ],