{"Number of instructions simplified or DCE'd (early-cse)": [36910, 36915, 36915, 36915, 36915, 36915, 36915, 36915, 36915, 36915, 36915, 36915, 36915], "Maximum number of uses of a partition (sroa)": [15820, 15805, 15805, 15805, 15805, 15805, 15805, 15805, 15805, 15805, 15805, 15805, 15805], "Number of alloca partition uses rewritten (sroa)": [342223, 342148, 342143, 342113, 342098, 342068, 342058, 342053, 342038, 342033, 342013, 341968, 341903], "Number of instructions deleted (sroa)": [349778, 349703, 349698, 349668, 349653, 349623, 349613, 349608, 349593, 349588, 349568, 349523, 349458], "compile-time (seconds)": [4.0040837460000365, 4.140331682000051, 3.032607191000009, 3.009242993999976, 2.689915008000021, 2.7831779690000324, 2.902567353000027, 2.766512961999993, 2.4234121919999865, 2.355802682999979, 2.22265442500003, 2.210373369000017, 2.1230708780000125], "Number of instructions CSE'd (early-cse)": [15897, 15902, 15902, 15902, 15902, 15902, 15902, 15902, 15902, 15902, 15902, 15902, 15902], "Number of insts scanned while updating ibt (ipt)": [606707, 606400, 606858, 606149, 606341, 606932, 606271, 606244, 606518, 606009, 605869, 606212, 606004], "Number of insts reassociated (reassociate)": [11587, 11617, 11632, 11677, 11682, 11717, 11777, 11817, 11852, 11867, 11887, 11962, 12057], "Number of MayAlias results (aa)": [131576, 131605, 131636, 131674, 131696, 131713, 131741, 131773, 131786, 131801, 131811, 132001, 132181], "Number of NoAlias results (aa)": [719292, 724681, 731860, 737754, 742955, 747580, 752798, 757780, 761376, 765811, 768577, 813319, 810924], "Number of instructions deleted (gvn)": [10787, 10775, 10775, 10775, 10771, 10771, 10771, 10771, 10771, 10771, 10771, 10771, 10771], "Number of instructions simplified (gvn)": [6249, 6245, 6245, 6245, 6245, 6245, 6245, 6245, 6245, 6245, 6245, 6245, 6245], "Number of block queries that were completely cached (memdep)": [9852, 9856, 9856, 9856, 9856, 9856, 9856, 9856, 9856, 9856, 9856, 9856, 9856], "Number of fully cached non-local ptr responses (memdep)": [384249, 384173, 384173, 384173, 384077, 384077, 384077, 384077, 384077, 384077, 384077, 384077, 384077], "Number of uncached non-local ptr responses (memdep)": [267325, 267325, 267325, 267325, 267261, 267261, 267261, 267261, 267261, 267261, 267261, 267261, 267261], "Number of pointers not captured (capture-tracking)": [4180, 4196, 4196, 4196, 4196, 4196, 4196, 4196, 4196, 4196, 4196, 4196, 4196], "Number of load instructions CSE'd (early-cse)": [20004, 20084, 20089, 20119, 20139, 20169, 20179, 20184, 20199, 20204, 20224, 20269, 20334], "Number of MustAlias results (aa)": [35163, 35280, 35285, 35305, 35327, 35352, 35357, 35362, 35377, 35382, 35397, 35432, 35487], "Number of loads deleted (gvn)": [976, 972, 972, 972, 968, 968, 968, 968, 968, 968, 968, 968, 968]}