{"Number of functions inlined (inline)": [12525, 12525, 12525, 12532, 12532, 12532, 12532, 12532, 12532, 12532, 12532, 12532, 12532], "Number of call sites analyzed (inline-cost)": [19551, 19551, 19551, 19558, 19558, 19558, 19558, 19558, 19558, 19558, 19558, 19558, 19558], "Number of instruction combining iterations performed (instcombine)": [48425, 48425, 48425, 48422, 48422, 48422, 48422, 48422, 48422, 48422, 48422, 48422, 48422], "compile-time (seconds)": [4.491324323999834, 4.413356655001451, 3.953824973999531, 3.3147231010002542, 3.1311405669999317, 3.2887927180001384, 3.2722301230010657, 2.8422020900011375, 2.713058970000077, 2.637981110000169, 2.4658590489997323, 2.5451214630007257, 2.258458261000328], "Number of functions without address taken (globalsmodref-aa)": [3668, 3668, 3668, 3667, 3667, 3667, 3667, 3667, 3667, 3667, 3667, 3667, 3667], "Number of functions deleted because all callers found (inline)": [2201, 2201, 2201, 2202, 2202, 2202, 2202, 2202, 2202, 2202, 2202, 2202, 2202], "Number of insts scanned while updating ibt (ipt)": [606425, 606364, 606177, 606381, 606324, 606290, 606454, 606462, 606437, 606909, 606330, 606509, 606681], "Number of NoAlias results (aa)": [747552, 747552, 747552, 747580, 747580, 747580, 747580, 747580, 747580, 747580, 747580, 747580, 747580], "Number of stores remaining after DSE (dse)": [27611, 27611, 27611, 27618, 27618, 27618, 27618, 27618, 27618, 27618, 27618, 27618, 27618], "Number of block queries that were completely cached (memdep)": [9858, 9858, 9858, 9856, 9856, 9856, 9856, 9856, 9856, 9856, 9856, 9856, 9856], "Number of fully cached non-local ptr responses (memdep)": [383305, 383305, 383305, 384077, 384077, 384077, 384077, 384077, 384077, 384077, 384077, 384077, 384077], "Number of uncached non-local ptr responses (memdep)": [267254, 267254, 267254, 267261, 267261, 267261, 267261, 267261, 267261, 267261, 267261, 267261, 267261]}