{
    "knob_name": "min-jump-table-entries",
    "original_val": 4,
    "y_min": -2.3042411557706597,
    "y_max": 7.842781548373715,
    "knob_values": [
        0,
        1,
        2,
        3,
        4,
        5,
        6,
        7,
        8,
        9,
        10,
        12,
        48
    ],
    "stats": [
        "Number of functions without address taken (globalsmodref-aa)",
        "Number of functions deleted because all callers found (inline)",
        "Number of functions inlined (inline)",
        "Number of call sites analyzed (inline-cost)",
        "Number of instruction combining iterations performed (instcombine)",
        "Number of insts scanned while updating ibt (ipt)",
        "compile-time (instructions)",
        "bitcode-size (bytes)",
        "Number of NoAlias results (aa)",
        "Number of stores remaining after DSE (dse)",
        "Number of fully cached non-local ptr responses (memdep)",
        "Number of uncached non-local ptr responses (memdep)",
        "Number of block queries that were completely cached (memdep)"
    ],
    "stats_val": {
        "Number of functions without address taken (globalsmodref-aa)": [
            0.02727024815925825,
            0.02727024815925825,
            0.02727024815925825,
            0.0,
            0.0,
            0.0,
            0.0,
            0.0,
            0.0,
            0.0,
            0.0,
            0.0,
            0.0
        ],
        "Number of functions deleted because all callers found (inline)": [
            -0.045413260672116255,
            -0.045413260672116255,
            -0.045413260672116255,
            0.0,
            0.0,
            0.0,
            0.0,
            0.0,
            0.0,
            0.0,
            0.0,
            0.0,
            0.0
        ],
        "Number of functions inlined (inline)": [
            -0.05585700606447494,
            -0.05585700606447494,
            -0.05585700606447494,
            0.0,
            0.0,
            0.0,
            0.0,
            0.0,
            0.0,
            0.0,
            0.0,
            0.0,
            0.0
        ],
        "Number of call sites analyzed (inline-cost)": [
            -0.03579098067287043,
            -0.03579098067287043,
            -0.03579098067287043,
            0.0,
            0.0,
            0.0,
            0.0,
            0.0,
            0.0,
            0.0,
            0.0,
            0.0,
            0.0
        ],
        "Number of instruction combining iterations performed (instcombine)": [
            0.0061955309570030145,
            0.0061955309570030145,
            0.0061955309570030145,
            0.0,
            0.0,
            0.0,
            0.0,
            0.0,
            0.0,
            0.0,
            0.0,
            0.0,
            0.0
        ],
        "Number of insts scanned while updating ibt (ipt)": [
            -0.07965144658900512,
            -0.054090423356508655,
            -0.005936753783031439,
            -0.016655892557949314,
            0.0,
            0.03941344872623649,
            0.03001358856977005,
            -0.050957136637686515,
            0.0479887597461708,
            -0.02259264634098075,
            -0.003298196546128577,
            0.028694309951318615,
            -0.059037718175701526
        ],
        "compile-time (instructions)": [
            2.41954507253945,
            7.842781548373715,
            -2.3042411557706597,
            -1.6788022243841794,
            0.0,
            2.3533195139403706,
            0.14592504631227016,
            0.9968602694697574,
            0.8037213214788289,
            0.5025457849406809,
            -0.8602695279888717,
            -1.4974978934396599,
            -0.7349134471049086
        ],
        "bitcode-size (bytes)": [
            0.0013811019674488077,
            0.0013811019674488077,
            0.0013811019674488077,
            0.0,
            0.0,
            0.0,
            0.0,
            0.0,
            0.0,
            0.0,
            0.0,
            0.0,
            0.0
        ],
        "Number of NoAlias results (aa)": [
            -0.0037454185505230208,
            -0.0037454185505230208,
            -0.0037454185505230208,
            0.0,
            0.0,
            0.0,
            0.0,
            0.0,
            0.0,
            0.0,
            0.0,
            0.0,
            0.0
        ],
        "Number of stores remaining after DSE (dse)": [
            -0.025345788978202624,
            -0.025345788978202624,
            -0.025345788978202624,
            0.0,
            0.0,
            0.0,
            0.0,
            0.0,
            0.0,
            0.0,
            0.0,
            0.0,
            0.0
        ],
        "Number of fully cached non-local ptr responses (memdep)": [
            -0.20100136170611624,
            -0.20100136170611624,
            -0.20100136170611624,
            0.0,
            0.0,
            0.0,
            0.0,
            0.0,
            0.0,
            0.0,
            0.0,
            0.0,
            0.0
        ],
        "Number of uncached non-local ptr responses (memdep)": [
            -0.002619162541485664,
            -0.002619162541485664,
            -0.002619162541485664,
            0.0,
            0.0,
            0.0,
            0.0,
            0.0,
            0.0,
            0.0,
            0.0,
            0.0,
            0.0
        ],
        "Number of block queries that were completely cached (memdep)": [
            0.020292207792207792,
            0.020292207792207792,
            0.020292207792207792,
            0.0,
            0.0,
            0.0,
            0.0,
            0.0,
            0.0,
            0.0,
            0.0,
            0.0,
            0.0
        ]
    }
}