{"compile-time (seconds)": [4.785992888999942, 4.597558213000241, 3.40218991199896, 3.1618437679993576, 3.0301928019990783, 3.1601698490005106, 3.2130053889997043, 2.9847968620002803, 2.7503200029997856, 2.689357156000426, 2.5547296320002033, 2.370764558999383, 2.3441801799988866], "Number of insts scanned while updating ibt (ipt)": [606367, 606506, 606280, 606052, 606685, 605936, 606495, 605916, 606271, 606446, 606643, 606173, 606229]}