{"compile-time (seconds)": [4.573293924999689, 4.733524520999879, 3.561448372999223, 3.2000680229993463, 3.233934650999174, 3.048414892999915, 3.2707505510001056, 3.034715973001198, 2.8417255240002532, 2.5966928760008727, 2.546059453999817, 2.538260898999795, 2.338295106999624], "Number of insts scanned while updating ibt (ipt)": [606088, 606139, 606146, 606100, 606476, 606659, 606871, 606574, 606375, 606552, 606002, 606276, 606348], "Number of MayAlias results (aa)": [131567, 131612, 131626, 131651, 131687, 131713, 131733, 131734, 131734, 131734, 131734, 131734, 131734], "Number of NoAlias results (aa)": [746649, 746804, 746998, 747245, 747390, 747580, 747664, 747673, 747673, 747673, 747673, 747673, 747673], "Number of block queries that were completely cached (memdep)": [9856, 9856, 9856, 9856, 9856, 9856, 9856, 9857, 9857, 9857, 9857, 9857, 9857], "Number of fully cached non-local ptr responses (memdep)": [382871, 383240, 383465, 383701, 383880, 384077, 384222, 384105, 384105, 384105, 384105, 384105, 384105], "Number of uncached non-local ptr responses (memdep)": [266029, 266307, 266559, 266830, 267029, 267261, 267395, 267406, 267406, 267406, 267406, 267406, 267406], "Number of MustAlias results (aa)": [35281, 35301, 35316, 35322, 35338, 35352, 35354, 35367, 35367, 35367, 35367, 35367, 35367]}