{
    "knob_name": "num-results-limit",
    "original_val": 100,
    "y_min": -3.8477389270147295,
    "y_max": 0.9411764775395478,
    "knob_values": [
        50,
        60,
        70,
        80,
        90,
        100,
        110,
        120,
        130,
        140,
        150,
        300,
        1200
    ],
    "stats": [
        "Number of MayAlias results (aa)",
        "Number of insts scanned while updating ibt (ipt)",
        "compile-time (instructions)",
        "Number of NoAlias results (aa)",
        "Number of fully cached non-local ptr responses (memdep)",
        "Number of uncached non-local ptr responses (memdep)",
        "Number of block queries that were completely cached (memdep)",
        "Number of MustAlias results (aa)",
        "bitcode-size (bytes)"
    ],
    "stats_val": {
        "Number of MayAlias results (aa)": [
            -0.11084706900609659,
            -0.07668187650421751,
            -0.0660527055036329,
            -0.047072043002588965,
            -0.019739889001085694,
            0.0,
            0.01518453000083515,
            0.015943756500876906,
            0.015943756500876906,
            0.015943756500876906,
            0.015943756500876906,
            0.015943756500876906,
            0.015943756500876906
        ],
        "Number of insts scanned while updating ibt (ipt)": [
            -0.01171025851632674,
            -0.0021441318410175716,
            0.015008922887123004,
            -0.06564342097884567,
            0.0029687979337166383,
            0.0,
            -0.009566126675309167,
            0.03232691083380339,
            -0.00973105989384898,
            0.007421994834291595,
            0.03480090911190059,
            0.11809218447450627,
            0.0399138388866348
        ],
        "compile-time (instructions)": [
            -1.7229272341530242,
            -3.8477389270147295,
            -3.2016070546752173,
            -2.197731212283391,
            -1.7705438561943787,
            0.0,
            -1.177204472700364,
            -0.303753920074659,
            -0.33781680926172886,
            0.9411764775395478,
            -1.1421929338000456,
            -2.9497861909812033,
            -1.2527528438941564
        ],
        "Number of NoAlias results (aa)": [
            -0.12453516680489043,
            -0.10380159982878087,
            -0.07785119987158565,
            -0.04481125765804329,
            -0.025415340164263354,
            0.0,
            0.011236255651569063,
            0.012440140185665749,
            0.012440140185665749,
            0.012440140185665749,
            0.012440140185665749,
            0.012440140185665749,
            0.012440140185665749
        ],
        "Number of fully cached non-local ptr responses (memdep)": [
            -0.31399953655126445,
            -0.2179250514870716,
            -0.15934304839914912,
            -0.09789703627137267,
            -0.051291798259203235,
            0.0,
            0.03775284643443893,
            0.0072902048287192414,
            0.0072902048287192414,
            0.0072902048287192414,
            0.0072902048287192414,
            0.0072902048287192414,
            0.0072902048287192414
        ],
        "Number of uncached non-local ptr responses (memdep)": [
            -0.4609726073014768,
            -0.35695443779676045,
            -0.2626645863032766,
            -0.16126557934004587,
            -0.08680652994638201,
            0.0,
            0.0501382543655827,
            0.05425408121648875,
            0.05425408121648875,
            0.05425408121648875,
            0.05425408121648875,
            0.05425408121648875,
            0.05425408121648875
        ],
        "Number of block queries that were completely cached (memdep)": [
            0.0,
            0.0,
            0.0,
            0.0,
            0.0,
            0.0,
            0.0,
            0.010146103896103896,
            0.010146103896103896,
            0.010146103896103896,
            0.010146103896103896,
            0.010146103896103896,
            0.010146103896103896
        ],
        "Number of MustAlias results (aa)": [
            -0.20083729350531795,
            -0.14426340801086218,
            -0.10183299389002036,
            -0.08486082824168364,
            -0.03960171984611903,
            0.0,
            0.005657388549445576,
            0.04243041412084182,
            0.04243041412084182,
            0.04243041412084182,
            0.04243041412084182,
            0.04243041412084182,
            0.04243041412084182
        ],
        "bitcode-size (bytes)": [
            0.0,
            0.0,
            0.0,
            0.0,
            0.0,
            0.0,
            0.0,
            0.0,
            0.0,
            0.0,
            0.0,
            0.0,
            0.0
        ]
    }
}