{"compile-time (seconds)": [4.555146616999991, 4.636054471000364, 3.5986435219997475, 3.191742308999949, 3.1346398120005006, 3.158672822000028, 3.2727313929995603, 2.8219462799988264, 2.7966382649997854, 2.6359588079993728, 2.390516931999855, 2.401526244000763, 2.451599724000573], "Number of insts scanned while updating ibt (ipt)": [606449, 606398, 606318, 606588, 606134, 606294, 606740, 606685, 606668, 606594, 606279, 606753, 606609]}