{"Number of insts combined (instcombine)": [201090, 201090, 201090, 201090, 201090, 201090, 201147, 201147, 201248, 201248, 202278, 204495, 208381], "Number of dead inst eliminated (instcombine)": [44441, 44441, 44441, 44441, 44441, 44441, 44461, 44461, 44476, 44476, 44760, 45297, 46073], "Number of reassociations (instsimplify)": [4917, 4917, 4917, 4917, 4917, 4917, 4917, 4917, 4917, 4917, 4917, 4917, 4931], "Number of blocks simplified (simplifycfg)": [82796, 82796, 82796, 82796, 82796, 82796, 82836, 82836, 82856, 82856, 83030, 83636, 84761], "compile-time (seconds)": [4.653180786999371, 4.5533331979992795, 3.497357181999689, 3.1326451070002577, 3.2028682509998134, 3.1540082419997475, 3.2762159049995603, 2.913241058001404, 2.783981215000324, 2.6473798989995885, 2.5056343300005324, 2.421367327999235, 2.3871038500004147], "Negator: Maximal number of values ever visited while attempting to sink negation (instcombine)": [386, 386, 386, 386, 386, 386, 390, 390, 390, 390, 392, 402, 415], "Negator: Total number of values visited during attempts to sink negation (instcombine)": [19794, 19794, 19794, 19794, 19794, 19794, 19798, 19798, 19813, 19813, 20082, 20596, 20913], "Negator: Number of negations attempted to be sinked (instcombine)": [17925, 17925, 17925, 17925, 17925, 17925, 17929, 17929, 17942, 17942, 18211, 18726, 19043], "Number of reassociations (instcombine)": [375, 375, 375, 375, 375, 375, 379, 379, 379, 379, 379, 381, 392], "Number of instructions sunk (instcombine)": [4638, 4638, 4638, 4638, 4638, 4638, 4642, 4642, 4642, 4642, 4638, 4648, 4719], "Number of redundant instructions removed (instsimplify)": [5816, 5816, 5816, 5816, 5816, 5816, 5816, 5816, 5828, 5828, 5872, 6040, 6616], "Number of insts scanned while updating ibt (ipt)": [595293, 595543, 595841, 595883, 595505, 595386, 596134, 595514, 595728, 595740, 596407, 602383, 653309], "Number of instructions hoisted out of loop (licm)": [8510, 8510, 8510, 8510, 8510, 8510, 8510, 8510, 8514, 8514, 8528, 8635, 8909], "Number of loop exits with predictable exit counts (scalar-evolution)": [9585, 9585, 9585, 9585, 9585, 9585, 9593, 9593, 9604, 9604, 9686, 9978, 10410], "Number of loop exits without predictable exit counts (scalar-evolution)": [20027, 20027, 20027, 20027, 20027, 20027, 20027, 20027, 20027, 20027, 20034, 20130, 20696], "Number of MayAlias results (aa)": [131543, 131543, 131543, 131543, 131543, 131543, 131543, 131543, 131545, 131545, 131572, 131678, 132333], "Number of NoAlias results (aa)": [746770, 746770, 746770, 746770, 746770, 746770, 746770, 746770, 746785, 746785, 747081, 747533, 748627], "Number of arguments with unsolved size and offset (memory-builtins)": [5699, 5699, 5699, 5699, 5699, 5699, 5699, 5699, 5699, 5699, 5699, 5703, 5731], "Number of pointers maybe captured (capture-tracking)": [14382, 14382, 14382, 14382, 14382, 14382, 14382, 14382, 14382, 14382, 14385, 14390, 14396], "Number of functions removed (globaldce)": [33, 33, 33, 33, 33, 33, 33, 33, 33, 33, 33, 33, 34], "Number of MustAlias results (aa)": [35354, 35354, 35354, 35354, 35354, 35354, 35354, 35354, 35352, 35352, 35352, 35352, 35359], "Negator: Maximal number of new instructions created during negation attempt (instcombine)": [40, 40, 40, 40, 40, 40, 40, 40, 40, 40, 43, 50, 40], "Negator: Number of new negated instructions created, total (instcombine)": [139, 139, 139, 139, 139, 139, 139, 139, 139, 139, 145, 175, 139], "Negator: Number of new negated instructions created in successful negation sinking attempts (instcombine)": [124, 124, 124, 124, 124, 124, 124, 124, 124, 124, 130, 160, 124], "Negator: Number of negations successfully sinked (instcombine)": [109, 109, 109, 109, 109, 109, 109, 109, 109, 109, 115, 145, 109], "Number of geps reassociated and hoisted out of the loop (licm)": [370, 370, 370, 370, 370, 370, 370, 370, 370, 370, 384, 420, 605], "Number of loops unrolled (completely or otherwise) (loop-unroll)": [341, 341, 341, 341, 341, 341, 349, 349, 360, 360, 437, 674, 929], "Number of constant folds (instcombine)": [616, 616, 616, 616, 616, 616, 620, 620, 620, 620, 616, 616, 616], "Number of loops unrolled without a conditional latch (completely or otherwise) (loop-unroll)": [36, 36, 36, 36, 36, 36, 36, 36, 36, 36, 36, 38, 41], "Number of instructions sunk out of loop (licm)": [264, 264, 264, 264, 264, 264, 264, 264, 264, 264, 264, 264, 270], "Number of IV comparisons eliminated (indvars)": [34, 34, 34, 34, 34, 34, 34, 34, 34, 34, 34, 34, 52], "Number of PHI's that got CSE'd (instcombine)": [97, 97, 97, 97, 97, 97, 97, 97, 97, 97, 97, 98, 97], "Number of loops unrolled with run-time trip counts (loop-unroll)": [0, 0, 0, 0, 0, 0, 8, 8, 19, 19, 96, 316, 540]}