{"Number of instructions simplified or DCE'd (early-cse)": [36858, 36870, 36915, 36915, 36915, 36915, 36915, 36915, 36915, 36915, 36915, 36915, 36915], "Number of globals deleted (globalopt)": [1539, 1536, 1532, 1532, 1532, 1532, 1532, 1532, 1532, 1532, 1532, 1532, 1532], "Number of functions that do not access memory (globalsmodref-aa)": [1839, 1872, 1881, 1881, 1881, 1881, 1881, 1881, 1881, 1881, 1881, 1881, 1881], "Number of functions that only read memory (globalsmodref-aa)": [3043, 3076, 3085, 3085, 3085, 3085, 3085, 3085, 3085, 3085, 3085, 3085, 3085], "Number of functions inlined (inline)": [12529, 12532, 12532, 12532, 12532, 12532, 12532, 12532, 12532, 12532, 12532, 12532, 12532], "Number of insts combined (instcombine)": [202057, 204773, 205140, 205159, 205159, 205159, 205159, 205159, 205159, 205159, 205159, 205159, 205159], "Number of dead inst eliminated (instcombine)": [44444, 45329, 45434, 45436, 45484, 45484, 45484, 45484, 45484, 45484, 45484, 45484, 45484], "Number of reassociations (instsimplify)": [4924, 4917, 4917, 4917, 4917, 4917, 4917, 4917, 4917, 4917, 4917, 4917, 4917], "Number of blocks simplified (simplifycfg)": [82124, 83756, 83847, 83852, 83942, 83942, 83942, 83942, 83942, 83942, 83942, 83942, 83942], "Number of alloca partition uses rewritten (sroa)": [342062, 342068, 342068, 342068, 342068, 342068, 342068, 342068, 342068, 342068, 342068, 342068, 342068], "Number of alloca partitions formed (sroa)": [54196, 54199, 54199, 54199, 54199, 54199, 54199, 54199, 54199, 54199, 54199, 54199, 54199], "Number of allocas analyzed for replacement (sroa)": [66350, 66353, 66353, 66353, 66353, 66353, 66353, 66353, 66353, 66353, 66353, 66353, 66353], "Number of instructions deleted (sroa)": [349617, 349623, 349623, 349623, 349623, 349623, 349623, 349623, 349623, 349623, 349623, 349623, 349623], "Number of allocas promoted to SSA values (sroa)": [53850, 53853, 53853, 53853, 53853, 53853, 53853, 53853, 53853, 53853, 53853, 53853, 53853], "compile-time (seconds)": [4.436021607999805, 4.702938159999405, 3.5018325319991277, 3.2533165389999112, 3.225010246000977, 3.174050927000451, 3.278693374999932, 3.08527788799978, 2.7916042580001204, 2.6129116050001358, 2.5109870669996326, 2.3540280069998403, 2.358505752999406], "Number of instructions CSE'd (early-cse)": [15891, 15891, 15902, 15902, 15902, 15902, 15902, 15902, 15902, 15902, 15902, 15902, 15902], "Number of function returns marked noundef (function-attrs)": [1391, 1205, 1203, 1203, 1203, 1203, 1203, 1203, 1203, 1203, 1203, 1203, 1203], "Negator: Maximal number of values ever visited while attempting to sink negation (instcombine)": [402, 402, 406, 406, 406, 406, 406, 406, 406, 406, 406, 406, 406], "Negator: Total number of values visited during attempts to sink negation (instcombine)": [20534, 20541, 20586, 20586, 20586, 20586, 20586, 20586, 20586, 20586, 20586, 20586, 20586], "Negator: Number of negations attempted to be sinked (instcombine)": [18734, 18741, 18716, 18716, 18716, 18716, 18716, 18716, 18716, 18716, 18716, 18716, 18716], "Number of instructions sunk (instcombine)": [4565, 4612, 4650, 4650, 4650, 4650, 4650, 4650, 4650, 4650, 4650, 4650, 4650], "Number of redundant instructions removed (instsimplify)": [5977, 6176, 6182, 6182, 6182, 6182, 6182, 6182, 6182, 6182, 6182, 6182, 6182], "Number of insts scanned while updating ibt (ipt)": [608734, 607232, 606125, 606311, 606251, 606433, 606514, 606252, 606245, 606411, 606584, 606364, 606127], "Number of instructions hoisted out of loop (licm)": [8614, 8615, 8613, 8613, 8613, 8613, 8613, 8613, 8613, 8613, 8613, 8613, 8613], "Number of loops rotated (loop-rotate)": [3065, 3085, 3083, 3080, 3080, 3080, 3080, 3080, 3080, 3080, 3080, 3080, 3080], "Number of loops analyzed for vectorization (loop-vectorize)": [3599, 3601, 3601, 3601, 3601, 3601, 3601, 3601, 3601, 3601, 3601, 3601, 3601], "Number of insts reassociated (reassociate)": [11695, 11717, 11717, 11717, 11717, 11717, 11717, 11717, 11717, 11717, 11717, 11717, 11717], "Number of loop exits with predictable exit counts (scalar-evolution)": [10032, 10066, 10066, 10066, 10066, 10066, 10066, 10066, 10066, 10066, 10066, 10066, 10066], "Number of loop exits without predictable exit counts (scalar-evolution)": [20138, 20186, 20182, 20182, 20182, 20182, 20182, 20182, 20182, 20182, 20182, 20182, 20182], "Number of instructions removed (sccp)": [9553, 9569, 9569, 9569, 9569, 9569, 9569, 9569, 9569, 9569, 9569, 9569, 9569], "Number of MayAlias results (aa)": [131867, 131704, 131713, 131709, 131709, 131709, 131709, 131709, 131709, 131709, 131709, 131709, 131709], "Number of NoAlias results (aa)": [747646, 747482, 747580, 747564, 747564, 747564, 747564, 747564, 747564, 747564, 747564, 747564, 747564], "Number of stores remaining after DSE (dse)": [27630, 27618, 27618, 27618, 27618, 27618, 27618, 27618, 27618, 27618, 27618, 27618, 27618], "Number of instructions deleted (gvn)": [10468, 10709, 10771, 10771, 10771, 10771, 10771, 10771, 10771, 10771, 10771, 10771, 10771], "Number of instructions simplified (gvn)": [5950, 6191, 6245, 6245, 6245, 6245, 6245, 6245, 6245, 6245, 6245, 6245, 6245], "Number of jumps threaded (jump-threading)": [4392, 4367, 4373, 4369, 4369, 4369, 4369, 4369, 4369, 4369, 4369, 4369, 4369], "Number of block queries that were completely cached (memdep)": [9695, 9850, 9856, 9856, 9856, 9856, 9856, 9856, 9856, 9856, 9856, 9856, 9856], "Number of fully cached non-local ptr responses (memdep)": [388250, 384240, 384077, 384063, 384063, 384063, 384063, 384063, 384063, 384063, 384063, 384063, 384063], "Number of uncached non-local ptr responses (memdep)": [269741, 267306, 267261, 267222, 267222, 267222, 267222, 267222, 267222, 267222, 267222, 267222, 267222], "Number of arguments with unsolved size and offset (memory-builtins)": [5701, 5703, 5703, 5703, 5703, 5703, 5703, 5703, 5703, 5703, 5703, 5703, 5703], "Number of redundant instructions simplified (loop-instsimplify)": [657, 659, 660, 660, 660, 660, 660, 660, 660, 660, 660, 660, 660], "Number of branches unswitched (simple-loop-unswitch)": [99, 98, 98, 98, 98, 98, 98, 98, 98, 98, 98, 98, 98], "Number of loops not rotated due to the header size (loop-rotate)": [1544, 1589, 1589, 1587, 1587, 1587, 1587, 1587, 1587, 1587, 1587, 1587, 1587], "Number of pointers maybe captured (capture-tracking)": [14396, 14396, 14390, 14387, 14387, 14387, 14387, 14387, 14387, 14387, 14387, 14387, 14387], "Number of dead alloca's removed (mem2reg)": [81, 84, 84, 84, 84, 84, 84, 84, 84, 84, 84, 84, 84], "Number of common instruction 'blocks' hoisted up to the begin block (simplifycfg)": [2095, 2103, 2099, 2099, 2099, 2099, 2099, 2099, 2099, 2099, 2099, 2099, 2099], "Number of common instructions hoisted up to the begin block (simplifycfg)": [5619, 5635, 5623, 5623, 5623, 5623, 5623, 5623, 5623, 5623, 5623, 5623, 5623], "Number of common instruction 'blocks' sunk down to the end block (simplifycfg)": [718, 720, 718, 718, 718, 718, 718, 718, 718, 718, 718, 718, 718], "Number of common instructions sunk down to the end block (simplifycfg)": [1416, 1414, 1412, 1412, 1412, 1412, 1412, 1412, 1412, 1412, 1412, 1412, 1412], "Number of blocks merged (gvn)": [856, 843, 843, 843, 843, 843, 843, 843, 843, 843, 843, 843, 843], "Number of terminators folded (jump-threading)": [2286, 2082, 2042, 2034, 2034, 2034, 2034, 2034, 2034, 2034, 2034, 2034, 2034], "Number of pointers not captured (capture-tracking)": [4194, 4196, 4196, 4196, 4196, 4196, 4196, 4196, 4196, 4196, 4196, 4196, 4196], "Number of GEP instructions CSE'd (early-cse)": [29017, 29016, 29016, 29016, 29016, 29016, 29016, 29016, 29016, 29016, 29016, 29016, 29016], "Number of MustAlias results (aa)": [35382, 35368, 35352, 35352, 35352, 35352, 35352, 35352, 35352, 35352, 35352, 35352, 35352], "Number of instructions removed (unused) (bdce)": [759, 751, 751, 751, 751, 751, 751, 751, 751, 751, 751, 751, 751],