{"compile-time (seconds)": [4.591360400999861, 4.61800487499994, 3.518511167999975, 3.321897093000132, 3.1610895099999823, 3.198483812000049, 3.3758632439999303, 2.9990421729998644, 2.7071180419999337, 2.5842303720001354, 2.6402397109999356, 2.4058993019998525, 2.3022785870001883], "Number of insts scanned while updating ibt (ipt)": [606767, 606228, 606581, 606499, 606352, 606504, 606652, 606069, 606542, 606351, 606903, 606434, 606675]}