{
    "knob_name": "ppc-max-strings-pooled",
    "original_val": 0,
    "y_min": -12.22439104879019,
    "y_max": 0.056553998351195386,
    "knob_values": [
        0,
        1,
        2,
        3,
        4,
        5,
        6,
        7,
        8,
        9,
        10,
        20,
        100
    ],
    "stats": [
        "Number of insts scanned while updating ibt (ipt)",
        "compile-time (instructions)",
        "bitcode-size (bytes)"
    ],
    "stats_val": {
        "Number of insts scanned while updating ibt (ipt)": [
            0.0,
            -0.02835943940643034,
            -0.07452596867271229,
            -0.04847485572959604,
            -0.016652926628194557,
            -0.03033800494641385,
            0.012530915086562242,
            0.0036273701566364386,
            -0.034295136026380874,
            0.05638911788953009,
            -0.06875515251442704,
            0.056553998351195386,
            0.05507007419620775
        ],
        "compile-time (instructions)": [
            0.0,
            -7.966167955710987,
            -12.22439104879019,
            -10.010121427106549,
            -10.283799459817045,
            -9.49319910800441,
            -9.83153554449925,
            -10.043303631786479,
            -10.16520309289188,
            -10.157926703778971,
            -10.738773105643116,
            -11.351935568695176,
            -11.342131954778836
        ],
        "bitcode-size (bytes)": [
            0.0,
            0.0,
            0.0,
            0.0,
            0.0,
            0.0,
            0.0,
            0.0,
            0.0,
            0.0,
            0.0,
            0.0,
            0.0
        ]
    }
}