{
    "knob_name": "ppc-max-strings-pooled",
    "original_val": 0,
    "y_min": -51.06848012882266,
    "y_max": 4.417093562055165,
    "knob_values": [
        0,
        1,
        2,
        3,
        4,
        5,
        6,
        7,
        8,
        9,
        10,
        20,
        100
    ],
    "stats": [
        "compile-time (seconds)",
        "Number of insts scanned while updating ibt (ipt)"
    ],
    "stats_val": {
        "compile-time (seconds)": [
            0.0,
            4.417093562055165,
            -26.17149775871845,
            -28.306361775472016,
            -32.025014037958755,
            -32.70329415364456,
            -26.129802795016445,
            -27.600210418888306,
            -38.025512141169784,
            -40.50479613007488,
            -42.19160781910921,
            -46.285121593405854,
            -51.06848012882266
        ],
        "Number of insts scanned while updating ibt (ipt)": [
            0.0,
            -0.016985488126649077,
            0.05359498680738786,
            -0.0018139841688654356,
            -0.025230870712401057,
            -0.030343007915567283,
            0.016655672823219,
            0.0466688654353562,
            0.032981530343007916,
            -0.03496042216358839,
            0.025230870712401057,
            -0.041391820580474935,
            0.03941292875989446
        ]
    }
}