{"Number of globals deleted (globalopt)": [1529, 1532, 1532, 1532, 1532, 1532, 1532, 1532, 1532, 1532, 1532, 1532, 1532], "Number of functions that do not access memory (globalsmodref-aa)": [1869, 1881, 1881, 1881, 1881, 1881, 1881, 1881, 1881, 1881, 1881, 1881, 1881], "Number of functions that only read memory (globalsmodref-aa)": [3073, 3085, 3085, 3085, 3085, 3085, 3085, 3085, 3085, 3085, 3085, 3085, 3085], "Number of functions inlined (inline)": [12531, 12531, 12532, 12532, 12532, 12532, 12532, 12532, 12532, 12532, 12532, 12532, 12532], "Number of call sites analyzed (inline-cost)": [19558, 19557, 19558, 19558, 19558, 19558, 19558, 19558, 19558, 19558, 19558, 19558, 19558], "Number of insts combined (instcombine)": [247474, 217019, 205155, 205140, 205140, 205140, 205140, 205140, 205140, 205140, 205140, 205140, 205140], "Number of dead inst eliminated (instcombine)": [51755, 46999, 45434, 45434, 45434, 45434, 45434, 45434, 45434, 45434, 45434, 45434, 45434], "Number of instructions replaced with (simpler) instruction (sccp)": [5685, 5730, 5715, 5715, 5715, 5715, 5715, 5715, 5715, 5715, 5715, 5715, 5715], "Number of blocks simplified (simplifycfg)": [83914, 83851, 83847, 83847, 83847, 83847, 83847, 83847, 83847, 83847, 83847, 83847, 83847], "compile-time (seconds)": [4.635555580999892, 4.396951228000944, 3.5591796780001346, 3.126253570999552, 3.1680876699998635, 3.152573026999903, 3.270128925999984, 2.7915645539998195, 2.7443344440002306, 2.695572345000585, 2.5260364559999857, 2.443516835999219, 2.49948216700011], "Number of instructions CSE'd (early-cse)": [13172, 15967, 15902, 15902, 15902, 15902, 15902, 15902, 15902, 15902, 15902, 15902, 15902], "Number of instructions simplified or DCE'd (early-cse)": [25281, 32040, 36895, 36915, 36925, 36925, 36925, 36925, 36925, 36925, 36925, 36925, 36925], "Number of function returns marked noundef (function-attrs)": [1198, 1203, 1203, 1203, 1203, 1203, 1203, 1203, 1203, 1203, 1203, 1203, 1203], "Negator: Total number of values visited during attempts to sink negation (instcombine)": [20626, 20427, 20586, 20586, 20586, 20586, 20586, 20586, 20586, 20586, 20586, 20586, 20586], "Negator: Number of negations attempted to be sinked (instcombine)": [18906, 18707, 18716, 18716, 18716, 18716, 18716, 18716, 18716, 18716, 18716, 18716, 18716], "Number of reassociations (instcombine)": [629, 393, 387, 387, 387, 387, 387, 387, 387, 387, 387, 387, 387], "Number of instructions sunk (instcombine)": [4594, 4650, 4650, 4650, 4650, 4650, 4650, 4650, 4650, 4650, 4650, 4650, 4650], "Number of redundant instructions removed (instsimplify)": [6195, 6183, 6182, 6182, 6182, 6182, 6182, 6182, 6182, 6182, 6182, 6182, 6182], "Number of insts scanned while updating ibt (ipt)": [606218, 606474, 606833, 606188, 606209, 606194, 606204, 606505, 606345, 606576, 606351, 606493, 606111], "Number of loops rotated (loop-rotate)": [3093, 3083, 3083, 3083, 3083, 3083, 3083, 3083, 3083, 3083, 3083, 3083, 3083], "Number of loop exits with predictable exit counts (scalar-evolution)": [10056, 10066, 10066, 10066, 10066, 10066, 10066, 10066, 10066, 10066, 10066, 10066, 10066], "Number of loop exits without predictable exit counts (scalar-evolution)": [20197, 20182, 20182, 20182, 20182, 20182, 20182, 20182, 20182, 20182, 20182, 20182, 20182], "Number of instructions removed (sccp)": [9857, 9496, 9589, 9569, 9559, 9559, 9559, 9559, 9559, 9559, 9559, 9559, 9559], "Number of speculative executed instructions (simplifycfg)": [1421, 1418, 1418, 1418, 1418, 1418, 1418, 1418, 1418, 1418, 1418, 1418, 1418], "Number of MayAlias results (aa)": [131726, 131730, 131713, 131713, 131713, 131713, 131713, 131713, 131713, 131713, 131713, 131713, 131713], "Number of NoAlias results (aa)": [747171, 747590, 747580, 747580, 747580, 747580, 747580, 747580, 747580, 747580, 747580, 747580, 747580], "Number of pointers maybe captured before (capture-tracking)": [4062, 4062, 4058, 4058, 4058, 4058, 4058, 4058, 4058, 4058, 4058, 4058, 4058], "Number of stores remaining after DSE (dse)": [27619, 27618, 27618, 27618, 27618, 27618, 27618, 27618, 27618, 27618, 27618, 27618, 27618], "Number of instructions deleted (gvn)": [10787, 10772, 10771, 10771, 10771, 10771, 10771, 10771, 10771, 10771, 10771, 10771, 10771], "Number of instructions simplified (gvn)": [6256, 6245, 6245, 6245, 6245, 6245, 6245, 6245, 6245, 6245, 6245, 6245, 6245], "Number of jumps threaded (jump-threading)": [4367, 4373, 4373, 4373, 4373, 4373, 4373, 4373, 4373, 4373, 4373, 4373, 4373], "Number of block queries that were completely cached (memdep)": [9838, 9858, 9856, 9856, 9856, 9856, 9856, 9856, 9856, 9856, 9856, 9856, 9856], "Number of fully cached non-local ptr responses (memdep)": [384521, 384180, 384077, 384077, 384077, 384077, 384077, 384077, 384077, 384077, 384077, 384077, 384077], "Number of uncached non-local ptr responses (memdep)": [267753, 267314, 267261, 267261, 267261, 267261, 267261, 267261, 267261, 267261, 267261, 267261, 267261], "Number of arguments with unsolved size and offset (memory-builtins)": [5483, 5703, 5703, 5703, 5703, 5703, 5703, 5703, 5703, 5703, 5703, 5703, 5703], "Number of pointers not captured (capture-tracking)": [4140, 4196, 4196, 4196, 4196, 4196, 4196, 4196, 4196, 4196, 4196, 4196, 4196], "Number of GEP instructions CSE'd (early-cse)": [29015, 29015, 29016, 29016, 29016, 29016, 29016, 29016, 29016, 29016, 29016, 29016, 29016], "Number of load instructions CSE'd (early-cse)": [20168, 20168, 20169, 20169, 20169, 20169, 20169, 20169, 20169, 20169, 20169, 20169, 20169], "Number of vector instructions generated (SLP)": [1139, 1202, 1202, 1202, 1202, 1202, 1202, 1202, 1202, 1202, 1202, 1202, 1202], "Number of MustAlias results (aa)": [35348, 35353, 35352, 35352, 35352, 35352, 35352, 35352, 35352, 35352, 35352, 35352, 35352], "Number of instructions removed (unused) (bdce)": [749, 752, 751, 751, 751, 751, 751, 751, 751, 751, 751, 751, 751], "Number of other instrs removed (dse)": [104, 112, 112, 112, 112, 112, 112, 112, 112, 112, 112, 112, 112], "Number of stores deleted (dse)": [621, 622, 622, 622, 622, 622, 622, 622, 622, 622, 622, 622, 622], "Number of loads PRE'd (gvn)": [1140, 1136, 1135, 1135, 1135, 1135, 1135, 1135, 1135, 1135, 1135, 1135, 1135], "Number of basic blocks unreachable (sccp)": [2493, 2498, 2514, 2514, 2514, 2514, 2514, 2514, 2514, 2514, 2514, 2514, 2514], "Number of value comparisons folded into predecessor basic blocks (simplifycfg)": [890, 885, 885, 885, 885, 885, 885, 885, 885, 885, 885, 885, 885], "Number of load and store promotions (licm)": [213, 214, 214, 214, 214, 214, 214, 214, 214, 214, 214, 214, 214], "Number of phis propagated (correlated-value-propagation)": [3622, 3697, 3627, 3627, 3627, 3627, 3627, 3627, 3627, 3627, 3627, 3627, 3627], "Number of terminators folded (jump-threading)": [2028, 2034, 2042, 2042, 2042, 2042, 2042, 2042, 2042, 2042, 2042, 2042, 2042], "Number of PHI's that got CSE'd (local)": [253, 255, 255, 255, 255, 255, 255, 255, 255, 255, 255, 255, 255], "Number of branches folded into predecessor basic block (simplifycfg)": [1755, 1754, 1754, 1754, 1754, 1754, 1754, 1754, 1754, 1754, 1754, 1754, 1754], "Number of compare instructions CVP'd (early-cse)": [126, 141, 141, 141, 141, 141, 141, 141, 141, 141, 141, 141, 141], "Number of unreachable basic blocks removed (local)": [1423, 1423, 1410, 1410, 1410, 1410, 1410, 1410, 1410, 1410, 1410, 1410, 1410], "Number of no-wrap deductions for add (correlated-value-propagation)": [526, 522, 523, 523, 523, 523, 523, 523, 523, 523, 523, 523, 523], "Number of no-unsigned-wrap deductions (correlated-value-propagation)": [175, 179, 179, 179, 179, 179, 179, 179, 179, 179, 179, 179, 179], "Number of no-wrap deductions (correlated-value-propagation)": [552, 550, 552, 552, 552, 552, 552, 552, 552, 552, 552, 552, 552], "Number of instructions sunk out of loop (licm)": [274, 264, 264, 264, 264, 264, 264, 264, 264, 264, 264, 264, 264],