{"Number of insts combined (instcombine)": [205182, 205155, 205124, 205127, 205115, 205140, 205140, 205236, 205270, 205270, 205270, 205324, 205510], "Number of dead inst eliminated (instcombine)": [45369, 45400, 45400, 45400, 45400, 45434, 45434, 45450, 45452, 45452, 45452, 45452, 45512], "Number of blocks simplified (simplifycfg)": [83562, 83691, 83731, 83745, 83792, 83847, 83847, 83911, 83919, 83919, 83919, 83919, 83952], "compile-time (seconds)": [4.529078679000065, 4.614948219000837, 3.710153236000224, 3.2791765200002487, 3.1503668280001307, 3.20867679799926, 3.2358957059998943, 3.1404836250005133, 2.6792097980001586, 2.6579353479996826, 2.440362470000082, 2.406711054000368, 2.3427249630005917], "Number of instructions CSE'd (early-cse)": [15899, 15902, 15902, 15902, 15902, 15902, 15902, 15902, 15902, 15902, 15902, 15902, 15902], "Negator: Total number of values visited during attempts to sink negation (instcombine)": [20581, 20586, 20586, 20586, 20586, 20586, 20586, 20586, 20586, 20586, 20586, 20586, 20586], "Negator: Number of negations attempted to be sinked (instcombine)": [18711, 18716, 18716, 18716, 18716, 18716, 18716, 18716, 18716, 18716, 18716, 18716, 18716], "Number of instructions sunk (instcombine)": [4637, 4649, 4650, 4650, 4650, 4650, 4650, 4650, 4682, 4682, 4682, 4826, 4948], "Number of redundant instructions removed (instsimplify)": [6213, 6186, 6186, 6186, 6184, 6182, 6182, 6198, 6194, 6194, 6194, 6186, 6185], "Number of insts scanned while updating ibt (ipt)": [604373, 605988, 606181, 606097, 606407, 606138, 606327, 606241, 606658, 606460, 606840, 606653, 606937], "Number of instructions hoisted out of loop (licm)": [8631, 8613, 8613, 8613, 8613, 8613, 8613, 8613, 8613, 8613, 8613, 8613, 8613], "Number of loops rotated (loop-rotate)": [3036, 3059, 3067, 3070, 3076, 3083, 3083, 3099, 3113, 3113, 3113, 3127, 3128], "Number of insts reassociated (reassociate)": [11708, 11717, 11717, 11717, 11717, 11717, 11717, 11717, 11717, 11717, 11717, 11717, 11717], "Number of loop exits with predictable exit counts (scalar-evolution)": [10072, 10060, 10061, 10061, 10061, 10066, 10066, 10082, 10084, 10084, 10084, 10084, 10084], "Number of loop exits without predictable exit counts (scalar-evolution)": [20185, 20172, 20177, 20177, 20177, 20182, 20182, 20198, 20200, 20200, 20200, 20200, 20200], "Number of instructions removed (sccp)": [9556, 9559, 9567, 9569, 9569, 9569, 9569, 9569, 9569, 9569, 9569, 9569, 9569], "Number of MayAlias results (aa)": [131599, 131675, 131675, 131675, 131713, 131713, 131713, 131713, 131713, 131713, 131713, 131713, 131713], "Number of NoAlias results (aa)": [747105, 747588, 747597, 747597, 747580, 747580, 747580, 747580, 747580, 747580, 747580, 747580, 747580], "Number of stores remaining after DSE (dse)": [27609, 27612, 27612, 27612, 27618, 27618, 27618, 27618, 27618, 27618, 27618, 27618, 27618], "Number of instructions deleted (gvn)": [10777, 10771, 10767, 10768, 10771, 10771, 10771, 10771, 10771, 10771, 10771, 10767, 10767], "Number of instructions simplified (gvn)": [6245, 6242, 6241, 6242, 6245, 6245, 6245, 6245, 6245, 6245, 6245, 6241, 6241], "Number of block queries that were completely cached (memdep)": [9846, 9847, 9847, 9847, 9856, 9856, 9856, 9856, 9856, 9856, 9856, 9856, 9856], "Number of fully cached non-local ptr responses (memdep)": [382884, 383699, 383708, 383708, 384077, 384077, 384077, 384077, 384101, 384101, 384101, 384197, 384197], "Number of uncached non-local ptr responses (memdep)": [267159, 267216, 267225, 267225, 267261, 267261, 267261, 267261, 267285, 267285, 267285, 267381, 267381], "Number of redundant instructions simplified (loop-instsimplify)": [658, 660, 660, 660, 660, 660, 660, 660, 660, 660, 660, 660, 660], "Number of branches unswitched (simple-loop-unswitch)": [96, 98, 98, 98, 98, 98, 98, 98, 98, 98, 98, 98, 98], "Number of loops not rotated due to the header size (loop-rotate)": [1696, 1625, 1613, 1610, 1596, 1589, 1589, 1573, 1559, 1559, 1559, 1545, 1544], "Number of pointers maybe captured (capture-tracking)": [14349, 14390, 14390, 14390, 14390, 14390, 14390, 14390, 14390, 14390, 14390, 14390, 14390], "Number of common instruction 'blocks' hoisted up to the begin block (simplifycfg)": [2105, 2099, 2099, 2099, 2099, 2099, 2099, 2099, 2099, 2099, 2099, 2099, 2099], "Number of common instructions hoisted up to the begin block (simplifycfg)": [5625, 5623, 5623, 5623, 5623, 5623, 5623, 5623, 5623, 5623, 5623, 5623, 5623], "Number of blocks merged (gvn)": [829, 829, 836, 843, 843, 843, 843, 843, 857, 857, 857, 857, 857], "Number of equalities propagated (gvn)": [450, 451, 451, 451, 457, 457, 457, 457, 457, 457, 457, 457, 457], "Number of GEP instructions CSE'd (early-cse)": [29015, 29015, 29015, 29015, 29016, 29016, 29016, 29016, 29016, 29016, 29016, 29016, 29016], "Number of load instructions CSE'd (early-cse)": [20167, 20167, 20167, 20167, 20169, 20169, 20169, 20169, 20169, 20169, 20169, 20169, 20169], "Number of MustAlias results (aa)": [35331, 35346, 35346, 35346, 35352, 35352, 35352, 35352, 35352, 35352, 35352, 35352, 35352], "Number of loads deleted (gvn)": [977, 968, 968, 968, 968, 968, 968, 968, 968, 968, 968, 968, 968], "Number of loads PRE'd (gvn)": [1138, 1135, 1135, 1135, 1135, 1135, 1135, 1135, 1135, 1135, 1135, 1135, 1135], "Number of basic blocks unreachable (sccp)": [2508, 2511, 2513, 2514, 2514, 2514, 2514, 2514, 2514, 2514, 2514, 2514, 2514], "Number of phis propagated (correlated-value-propagation)": [3630, 3630, 3630, 3630, 3627, 3627, 3627, 3627, 3627, 3627, 3627, 3627, 3627], "Number of PHI's that got CSE'd (local)": [254, 254, 255, 255, 255, 255, 255, 255, 255, 255, 255, 255, 255], "Number of branches folded into predecessor basic block (simplifycfg)": [1755, 1754, 1754, 1754, 1754, 1754, 1754, 1754, 1754, 1754, 1754, 1754, 1754], "Number of constant folds (instcombine)": [612, 613, 615, 616, 616, 616, 616, 616, 616, 616, 616, 616, 648], "Number of unreachable basic blocks removed (local)": [1403, 1403, 1404, 1405, 1405, 1410, 1410, 1410, 1410, 1410, 1410, 1410, 1410], "Number of instructions sunk out of loop (licm)": [266, 267, 264, 264, 264, 264, 264, 280, 282, 282, 282, 282, 282], "Number of nested loops split out (loop-simplify)": [139, 125, 125, 125, 125, 125, 125, 125, 125, 125, 125, 125, 125], "Number of comparisons propagated (correlated-value-propagation)": [53, 56, 56, 56, 56, 56, 56, 56, 56, 56, 56, 56, 56], "Number of IV comparisons eliminated (indvars)": [35, 35, 34, 34, 34, 34, 34, 34, 34, 34, 34, 34, 34], "Number of unswitch candidates that had their cost multiplier skipped (simple-loop-unswitch)": [26, 25, 25, 25, 25, 25, 25, 25, 25, 25, 25, 25, 25], "Number of PHI's that got CSE'd (instcombine)": [97, 97, 97, 97, 97, 97, 97, 97, 97, 97, 97, 97, 127], "Number of unswitches that are trivial (simple-loop-unswitch)": [5, 8, 8, 8, 8, 8, 8, 8, 8, 8, 8, 8, 8], "Number of instructions hoisted into loop preheader (loop-rotate)": [0, 1, 1, 1, 1, 1, 1, 1, 1, 1, 1, 1, 1]}