{"compile-time (seconds)": [4.5553542989997595, 4.187034129999688, 4.0170799059998785, 3.2834936710007128, 3.0966476029994965, 3.0425305209999465, 3.223763516000872, 3.066960428999721, 2.8664846070003023, 2.6756311579992484, 2.570760438999514, 2.429268256999819, 2.3325673360001815], "Number of insts scanned while updating ibt (ipt)": [606633, 606199, 606650, 606236, 606070, 606506, 606178, 606013, 606197, 606266, 606872, 606172, 606680], "Number of loop exits with predictable exit counts (scalar-evolution)": [10066, 10066, 10066, 10066, 10066, 10066, 10066, 10066, 10066, 10076, 10076, 10076, 10076], "Number of loop exits without predictable exit counts (scalar-evolution)": [20182, 20182, 20182, 20182, 20182, 20182, 20182, 20182, 20182, 20172, 20172, 20172, 20172], "Number of loops with trip counts computed by force (scalar-evolution)": [43, 43, 43, 43, 43, 43, 43, 43, 43, 53, 53, 53, 53]}