{
    "knob_name": "scalar-evolution-max-iterations",
    "original_val": 100,
    "y_min": -0.04964383435122436,
    "y_max": 23.25581395348837,
    "knob_values": [
        50,
        60,
        70,
        80,
        90,
        100,
        110,
        120,
        130,
        140,
        150,
        300,
        1200
    ],
    "stats": [
        "Number of insts scanned while updating ibt (ipt)",
        "Number of loop exits with predictable exit counts (scalar-evolution)",
        "compile-time (instructions)",
        "Number of loop exits without predictable exit counts (scalar-evolution)",
        "Number of loops with trip counts computed by force (scalar-evolution)",
        "bitcode-size (bytes)"
    ],
    "stats_val": {
        "Number of insts scanned while updating ibt (ipt)": [
            0.06712638066760236,
            0.01715268695191805,
            0.003463523326829606,
            -0.0237498742411173,
            -0.03908833468850556,
            0.0,
            0.027378327250176887,
            -0.018142265045297937,
            -0.016657897905228106,
            0.09961752806690867,
            0.03381058485714616,
            -0.04964383435122436,
            -0.0184721244097579
        ],
        "Number of loop exits with predictable exit counts (scalar-evolution)": [
            0.0,
            0.0,
            0.0,
            0.0,
            0.0,
            0.0,
            0.0,
            0.0,
            0.0,
            0.09934432743890324,
            0.09934432743890324,
            0.09934432743890324,
            0.09934432743890324
        ],
        "compile-time (instructions)": [
            2.370994221251274,
            4.005707527650015,
            0.20428334241865395,
            1.0631257806262142,
            0.6788699117634613,
            0.0,
            2.2007253778833666,
            2.1744313304753753,
            2.692493043939566,
            3.051291481200735,
            2.261098716466567,
            2.1403953860032345,
            0.6688472857519543
        ],
        "Number of loop exits without predictable exit counts (scalar-evolution)": [
            0.0,
            0.0,
            0.0,
            0.0,
            0.0,
            0.0,
            0.0,
            0.0,
            0.0,
            -0.04954910316123278,
            -0.04954910316123278,
            -0.04954910316123278,
            -0.04954910316123278
        ],
        "Number of loops with trip counts computed by force (scalar-evolution)": [
            0.0,
            0.0,
            0.0,
            0.0,
            0.0,
            0.0,
            0.0,
            0.0,
            0.0,
            23.25581395348837,
            23.25581395348837,
            23.25581395348837,
            23.25581395348837
        ],
        "bitcode-size (bytes)": [
            0.0,
            0.0,
            0.0,
            0.0,
            0.0,
            0.0,
            0.0,
            0.0,
            0.0,
            0.0,
            0.0,
            0.0,
            0.0
        ]
    }
}