{
    "knob_name": "scalar-evolution-max-value-compare-depth",
    "original_val": 2,
    "y_min": -1.1317159453297638,
    "y_max": 7.341287369575143,
    "knob_values": [
        0,
        1,
        2,
        3,
        4,
        5,
        6,
        7,
        8,
        9,
        10,
        12,
        30
    ],
    "stats": [
        "Number of MayAlias results (aa)",
        "Number of insts combined (instcombine)",
        "Number of insts scanned while updating ibt (ipt)",
        "Number of blocks simplified (simplifycfg)",
        "compile-time (instructions)",
        "Number of fully cached non-local ptr responses (memdep)",
        "Number of uncached non-local ptr responses (memdep)",
        "Number of insts reassociated (reassociate)",
        "Number of instructions sunk (instcombine)",
        "bitcode-size (bytes)"
    ],
    "stats_val": {
        "Number of MayAlias results (aa)": [
            0.0045553590002505445,
            0.0,
            0.0,
            0.0,
            0.0,
            0.0,
            0.0,
            0.0,
            0.0,
            0.0,
            0.0,
            0.0,
            0.0
        ],
        "Number of insts combined (instcombine)": [
            -0.00048747197036170425,
            -0.00048747197036170425,
            0.0,
            -0.0014624159110851126,
            -0.0014624159110851126,
            -0.0014624159110851126,
            -0.0014624159110851126,
            -0.0014624159110851126,
            -0.0014624159110851126,
            -0.0014624159110851126,
            -0.0014624159110851126,
            -0.0014624159110851126,
            -0.0014624159110851126
        ],
        "Number of insts scanned while updating ibt (ipt)": [
            -0.02308071490865807,
            -0.026377959895609225,
            0.0,
            -0.05902068526642564,
            -0.003956693984341383,
            -0.10699559982656492,
            -0.07995819093356546,
            -0.02967520488256038,
            -0.06874755797793154,
            -0.04138042458623697,
            -0.04649115431601126,
            -0.04764519006144416,
            0.0517667462951331
        ],
        "Number of blocks simplified (simplifycfg)": [
            0.025045618805681777,
            0.0,
            0.0,
            0.0,
            0.0,
            0.0,
            0.0,
            0.0,
            0.0,
            0.0,
            0.0,
            0.0,
            0.0
        ],
        "compile-time (instructions)": [
            0.8886352541708775,
            7.341287369575143,
            0.0,
            0.10176007102493882,
            -0.2511052909949279,
            1.8144846954077218,
            1.5903286076446133,
            2.043692977302838,
            2.1210988854071426,
            0.4184909519007584,
            -1.1317159453297638,
            0.29494088657586387,
            0.24714199385645783
        ],
        "Number of fully cached non-local ptr responses (memdep)": [
            -0.0007810933745056331,
            0.0,
            0.0,
            0.0,
            0.0,
            0.0,
            0.0,
            0.0,
            0.0,
            0.0,
            0.0,
            0.0,
            0.0
        ],
        "Number of uncached non-local ptr responses (memdep)": [
            -0.002244996464130569,
            0.0,
            0.0,
            0.0,
            0.0,
            0.0,
            0.0,
            0.0,
            0.0,
            0.0,
            0.0,
            0.0,
            0.0
        ],
        "Number of insts reassociated (reassociate)": [
            -0.06827686267815994,
            0.0,
            0.0,
            0.0,
            0.0,
            0.0,
            0.0,
            0.0,
            0.0,
            0.0,
            0.0,
            0.0,
            0.0
        ],
        "Number of instructions sunk (instcombine)": [
            -0.08602150537634409,
            0.0,
            0.0,
            0.0,
            0.0,
            0.0,
            0.0,
            0.0,
            0.0,
            0.0,
            0.0,
            0.0,
            0.0
        ],
        "bitcode-size (bytes)": [
            0.0,
            0.0,
            0.0,
            0.0,
            0.0,
            0.0,
            0.0,
            0.0,
            0.0,
            0.0,
            0.0,
            0.0,
            0.0
        ]
    }
}