{"Number of insts combined (instcombine)": [205139, 205139, 205140, 205137, 205137, 205137, 205137, 205137, 205137, 205137, 205137, 205137, 205137], "Number of blocks simplified (simplifycfg)": [83868, 83847, 83847, 83847, 83847, 83847, 83847, 83847, 83847, 83847, 83847, 83847, 83847], "compile-time (seconds)": [3.8731775750001063, 4.009689951000048, 3.0699941239999404, 2.848843750000036, 2.6989951990000947, 2.678627509000151, 2.860139430000025, 2.6693635319999416, 2.369709460999985, 2.330125466000119, 2.222057211999953, 2.1062634829999993, 2.084483266000177], "Number of instructions sunk (instcombine)": [4646, 4650, 4650, 4650, 4650, 4650, 4650, 4650, 4650, 4650, 4650, 4650, 4650], "Number of insts scanned while updating ibt (ipt)": [606488, 606550, 606007, 606396, 606031, 606116, 606344, 606183, 606634, 606233, 606582, 606083, 606347], "Number of insts reassociated (reassociate)": [11709, 11717, 11717, 11717, 11717, 11717, 11717, 11717, 11717, 11717, 11717, 11717, 11717], "Number of MayAlias results (aa)": [131719, 131713, 131713, 131713, 131713, 131713, 131713, 131713, 131713, 131713, 131713, 131713, 131713], "Number of fully cached non-local ptr responses (memdep)": [384074, 384077, 384077, 384077, 384077, 384077, 384077, 384077, 384077, 384077, 384077, 384077, 384077], "Number of uncached non-local ptr responses (memdep)": [267255, 267261, 267261, 267261, 267261, 267261, 267261, 267261, 267261, 267261, 267261, 267261, 267261]}