{"Number of instructions simplified or DCE'd (early-cse)": [36485, 36915, 36915, 36915, 36915, 36915, 36915, 36915, 36915, 36915, 36915, 36915, 36915], "Number of functions that do not access memory (globalsmodref-aa)": [1882, 1881, 1881, 1881, 1881, 1881, 1881, 1881, 1881, 1881, 1881, 1881, 1881], "Number of functions that only read memory (globalsmodref-aa)": [3086, 3085, 3085, 3085, 3085, 3085, 3085, 3085, 3085, 3085, 3085, 3085, 3085], "Number of functions inlined (inline)": [12525, 12532, 12532, 12532, 12532, 12532, 12532, 12532, 12532, 12532, 12532, 12532, 12532], "Number of call sites analyzed (inline-cost)": [19559, 19558, 19558, 19558, 19558, 19558, 19558, 19558, 19558, 19558, 19558, 19558, 19558], "Number of insts combined (instcombine)": [204973, 205140, 205140, 205140, 205140, 205140, 205140, 205140, 205140, 205140, 205140, 205140, 205140], "Number of dead inst eliminated (instcombine)": [44808, 45434, 45434, 45434, 45434, 45434, 45434, 45434, 45434, 45434, 45434, 45434, 45434], "Number of instruction combining iterations performed (instcombine)": [48425, 48422, 48422, 48422, 48422, 48422, 48422, 48422, 48422, 48422, 48422, 48422, 48422], "Number of PHI nodes inserted (mem2reg)": [23915, 23905, 23905, 23905, 23905, 23905, 23905, 23905, 23905, 23905, 23905, 23905, 23905], "Number of instructions replaced with (simpler) instruction (sccp)": [5725, 5715, 5715, 5715, 5715, 5715, 5715, 5715, 5715, 5715, 5715, 5715, 5715], "Number of blocks simplified (simplifycfg)": [83641, 83847, 83847, 83847, 83847, 83847, 83847, 83847, 83847, 83847, 83847, 83847, 83847], "compile-time (seconds)": [4.245269575000009, 4.294085420999664, 4.061032004000168, 3.2308758299998317, 3.101309472999418, 3.1223518939997064, 3.242542672999946, 3.3195307879998097, 2.8203125579999266, 2.68798024599937, 2.5777889480002614, 2.40613983900019, 2.3723291749995212], "Number of instructions CSE'd (early-cse)": [15911, 15902, 15902, 15902, 15902, 15902, 15902, 15902, 15902, 15902, 15902, 15902, 15902], "Number of functions without address taken (globalsmodref-aa)": [3668, 3667, 3667, 3667, 3667, 3667, 3667, 3667, 3667, 3667, 3667, 3667, 3667], "Number of functions deleted because all callers found (inline)": [2201, 2202, 2202, 2202, 2202, 2202, 2202, 2202, 2202, 2202, 2202, 2202, 2202], "Negator: Total number of values visited during attempts to sink negation (instcombine)": [20568, 20586, 20586, 20586, 20586, 20586, 20586, 20586, 20586, 20586, 20586, 20586, 20586], "Negator: Number of negations attempted to be sinked (instcombine)": [18703, 18716, 18716, 18716, 18716, 18716, 18716, 18716, 18716, 18716, 18716, 18716, 18716], "Number of instructions sunk (instcombine)": [4549, 4650, 4650, 4650, 4650, 4650, 4650, 4650, 4650, 4650, 4650, 4650, 4650], "Number of redundant instructions removed (instsimplify)": [6192, 6182, 6182, 6182, 6182, 6182, 6182, 6182, 6182, 6182, 6182, 6182, 6182], "Number of insts scanned while updating ibt (ipt)": [606671, 606172, 606163, 605885, 606249, 606043, 606673, 606505, 606670, 606414, 606562, 606479, 606237], "Number of loops rotated (loop-rotate)": [3080, 3083, 3083, 3083, 3083, 3083, 3083, 3083, 3083, 3083, 3083, 3083, 3083], "Number of loop exits without predictable exit counts (scalar-evolution)": [20242, 20182, 20182, 20182, 20182, 20182, 20182, 20182, 20182, 20182, 20182, 20182, 20182], "Number of instructions removed (sccp)": [9618, 9569, 9569, 9569, 9569, 9569, 9569, 9569, 9569, 9569, 9569, 9569, 9569], "Number of speculative executed instructions (simplifycfg)": [1443, 1418, 1418, 1418, 1418, 1418, 1418, 1418, 1418, 1418, 1418, 1418, 1418], "Number of MayAlias results (aa)": [131922, 131713, 131713, 131713, 131713, 131713, 131713, 131713, 131713, 131713, 131713, 131713, 131713], "Number of NoAlias results (aa)": [747566, 747580, 747580, 747580, 747580, 747580, 747580, 747580, 747580, 747580, 747580, 747580, 747580], "Number of stores remaining after DSE (dse)": [27620, 27618, 27618, 27618, 27618, 27618, 27618, 27618, 27618, 27618, 27618, 27618, 27618], "Number of instructions deleted (gvn)": [10840, 10771, 10771, 10771, 10771, 10771, 10771, 10771, 10771, 10771, 10771, 10771, 10771], "Number of instructions simplified (gvn)": [6267, 6245, 6245, 6245, 6245, 6245, 6245, 6245, 6245, 6245, 6245, 6245, 6245], "Number of jumps threaded (jump-threading)": [4436, 4373, 4373, 4373, 4373, 4373, 4373, 4373, 4373, 4373, 4373, 4373, 4373], "Number of block queries that were completely cached (memdep)": [9879, 9856, 9856, 9856, 9856, 9856, 9856, 9856, 9856, 9856, 9856, 9856, 9856], "Number of fully cached non-local ptr responses (memdep)": [384742, 384077, 384077, 384077, 384077, 384077, 384077, 384077, 384077, 384077, 384077, 384077, 384077], "Number of uncached non-local ptr responses (memdep)": [268197, 267261, 267261, 267261, 267261, 267261, 267261, 267261, 267261, 267261, 267261, 267261, 267261], "Number of redundant instructions simplified (loop-instsimplify)": [658, 660, 660, 660, 660, 660, 660, 660, 660, 660, 660, 660, 660], "Number of branches unswitched (simple-loop-unswitch)": [96, 98, 98, 98, 98, 98, 98, 98, 98, 98, 98, 98, 98], "Number of loops not rotated due to the header size (loop-rotate)": [1587, 1589, 1589, 1589, 1589, 1589, 1589, 1589, 1589, 1589, 1589, 1589, 1589], "Number of pointers maybe captured (capture-tracking)": [14442, 14390, 14390, 14390, 14390, 14390, 14390, 14390, 14390, 14390, 14390, 14390, 14390], "Number of common instruction 'blocks' hoisted up to the begin block (simplifycfg)": [2085, 2099, 2099, 2099, 2099, 2099, 2099, 2099, 2099, 2099, 2099, 2099, 2099], "Number of common instructions hoisted up to the begin block (simplifycfg)": [5575, 5623, 5623, 5623, 5623, 5623, 5623, 5623, 5623, 5623, 5623, 5623, 5623], "Number of common instruction 'blocks' sunk down to the end block (simplifycfg)": [717, 718, 718, 718, 718, 718, 718, 718, 718, 718, 718, 718, 718], "Number of common instructions sunk down to the end block (simplifycfg)": [1411, 1412, 1412, 1412, 1412, 1412, 1412, 1412, 1412, 1412, 1412, 1412, 1412], "Number of equalities propagated (gvn)": [461, 457, 457, 457, 457, 457, 457, 457, 457, 457, 457, 457, 457], "Number of pointers not captured (capture-tracking)": [4190, 4196, 4196, 4196, 4196, 4196, 4196, 4196, 4196, 4196, 4196, 4196, 4196], "Number of GEP instructions CSE'd (early-cse)": [29012, 29016, 29016, 29016, 29016, 29016, 29016, 29016, 29016, 29016, 29016, 29016, 29016], "Number of load instructions CSE'd (early-cse)": [20151, 20169, 20169, 20169, 20169, 20169, 20169, 20169, 20169, 20169, 20169, 20169, 20169], "Number of vector instructions generated (SLP)": [1181, 1202, 1202, 1202, 1202, 1202, 1202, 1202, 1202, 1202, 1202, 1202, 1202], "Number of MustAlias results (aa)": [35374, 35352, 35352, 35352, 35352, 35352, 35352, 35352, 35352, 35352, 35352, 35352, 35352], "Number of instructions removed (unused) (bdce)": [746, 751, 751, 751, 751, 751, 751, 751, 751, 751, 751, 751, 751], "Number of loads deleted (gvn)": [976, 968, 968, 968, 968, 968, 968, 968, 968, 968, 968, 968, 968], "Number of loads PRE'd (gvn)": [1156, 1135, 1135, 1135, 1135, 1135, 1135, 1135, 1135, 1135, 1135, 1135, 1135], "Number of basic blocks unreachable (sccp)": [2524, 2514, 2514, 2514, 2514, 2514, 2514, 2514, 2514, 2514, 2514, 2514, 2514], "Number of value comparisons folded into predecessor basic blocks (simplifycfg)": [1300, 885, 885, 885, 885, 885, 885, 885, 885, 885, 885, 885, 885], "Number of phis propagated (correlated-value-propagation)": [3594, 3627, 3627, 3627, 3627, 3627, 3627, 3627, 3627, 3627, 3627, 3627, 3627], "Number of instructions PRE'd (gvn)": [88, 80, 80, 80, 80, 80, 80, 80, 80, 80, 80, 80, 80], "Number of terminators folded (jump-threading)": [2084, 2042, 2042, 2042, 2042, 2042, 2042, 2042, 2042, 2042, 2042, 2042, 2042], "Number of branches folded into predecessor basic block (simplifycfg)": [811, 1754, 1754, 1754, 1754, 1754, 1754, 1754, 1754, 1754, 1754, 1754, 1754],