{"Number of insts combined (instcombine)": [205140, 205111, 204928, 204802, 204682, 204580, 204580, 204586, 204586, 204586, 204553, 204484, 204379], "Number of dead inst eliminated (instcombine)": [45434, 45440, 45391, 45379, 45373, 45364, 45361, 45364, 45364, 45364, 45364, 45361, 45361], "Number of blocks simplified (simplifycfg)": [83847, 83841, 83837, 83840, 83840, 83840, 83840, 83840, 83840, 83840, 83840, 83840, 83840], "compile-time (seconds)": [4.792948114000012, 4.420161339000259, 3.6326541009996163, 3.2147944759998666, 3.1553407750001554, 2.9724868259997663, 3.1886588040000277, 2.9184329919998504, 2.7267882010000335, 2.6813583160000576, 2.5595927750005387, 2.3768723640000076, 2.3557190149996075], "Negator: Total number of values visited during attempts to sink negation (instcombine)": [20586, 20586, 20585, 20585, 20585, 20585, 20585, 20585, 20585, 20585, 20585, 20585, 20585], "Negator: Number of negations attempted to be sinked (instcombine)": [18716, 18716, 18715, 18715, 18715, 18715, 18715, 18715, 18715, 18715, 18715, 18715, 18715], "Number of instructions sunk (instcombine)": [4650, 4662, 4656, 4650, 4650, 4650, 4650, 4650, 4650, 4650, 4650, 4650, 4650], "Number of redundant instructions removed (instsimplify)": [6182, 6194, 6202, 6217, 6217, 6214, 6214, 6214, 6214, 6214, 6214, 6232, 6268], "Number of insts scanned while updating ibt (ipt)": [606172, 606409, 606808, 606359, 606717, 606824, 607130, 606224, 606838, 606645, 607052, 607014, 607277], "Number of instructions hoisted out of loop (licm)": [8613, 8613, 8607, 8607, 8607, 8607, 8607, 8607, 8607, 8607, 8595, 8589, 8589], "Number of loop exits with predictable exit counts (scalar-evolution)": [10066, 10066, 10065, 10065, 10065, 10065, 10065, 10065, 10065, 10065, 10065, 10065, 10065], "Number of MayAlias results (aa)": [131713, 131770, 131749, 131746, 131746, 131752, 131752, 131752, 131752, 131752, 131752, 131755, 131755], "Number of NoAlias results (aa)": [747580, 748159, 748582, 748540, 748387, 748447, 748447, 748447, 748447, 748447, 748447, 748522, 748534], "Number of arguments with unsolved size and offset (memory-builtins)": [5703, 5739, 5739, 5739, 5739, 5739, 5739, 5739, 5739, 5739, 5739, 5739, 5739], "Number of pointers maybe captured (capture-tracking)": [14390, 14390, 14456, 14465, 14465, 14465, 14465, 14465, 14465, 14465, 14465, 14468, 14468], "Number of loops unrolled with run-time trip counts (loop-unroll)": [356, 356, 355, 355, 355, 355, 355, 355, 355, 355, 355, 355, 355], "Number of loops unrolled (completely or otherwise) (loop-unroll)": [714, 714, 713, 713, 713, 713, 713, 713, 713, 713, 713, 713, 713], "Number of functions removed (globaldce)": [34, 34, 34, 34, 34, 34, 34, 34, 34, 34, 34, 31, 31], "Number of vector instructions generated (SLP)": [1202, 1078, 511, 400, 294, 198, 192, 195, 195, 195, 174, 108, 0], "Number of MustAlias results (aa)": [35352, 35382, 35373, 35379, 35379, 35379, 35379, 35379, 35379, 35379, 35379, 35382, 35382], "Number of geps reassociated and hoisted out of the loop (licm)": [426, 426, 420, 420, 420, 420, 420, 420, 420, 420, 420, 420, 420], "Number of vector binops formed (vector-combine)": [63, 48, 18, 18, 12, 15, 15, 9, 9, 9, 9, 9, 0], "Number of vector compares formed (vector-combine)": [12, 7, 1, 1, 1, 1, 1, 1, 1, 1, 1, 1, 1], "Number of vector loads formed (vector-combine)": [20, 20, 20, 20, 20, 23, 20, 23, 23, 23, 23, 20, 20]}