{
    "knob_name": "slp-min-tree-size",
    "original_val": 3,
    "y_min": -100.0,
    "y_max": 42.91137786707166,
    "knob_values": [
        0,
        1,
        2,
        3,
        4,
        5,
        6,
        7,
        8,
        9,
        10,
        12,
        39
    ],
    "stats": [
        "Number of insts combined (instcombine)",
        "Number of dead inst eliminated (instcombine)",
        "compile-time (seconds)",
        "bitcode-size (bytes)",
        "Number of redundant instructions removed (instsimplify)",
        "Number of insts scanned while updating ibt (ipt)",
        "Number of instructions hoisted out of loop (licm)",
        "Number of MayAlias results (aa)",
        "Number of NoAlias results (aa)",
        "Number of pointers maybe captured (capture-tracking)",
        "Number of functions removed (globaldce)",
        "Number of vector instructions generated (SLP)",
        "Number of MustAlias results (aa)",
        "Number of vector binops formed (vector-combine)",
        "Number of vector compares formed (vector-combine)"
    ],
    "stats_val": {
        "Number of insts combined (instcombine)": [
            0.0,
            0.0,
            0.0,
            0.0,
            -0.008287023496148972,
            -0.012674271229404309,
            -0.03022326216242566,
            -0.03022326216242566,
            -0.09456956225017062,
            -0.10773130544993663,
            -0.11406844106463879,
            -0.14331675928634105,
            -0.30710734132787365
        ],
        "Number of dead inst eliminated (instcombine)": [
            0.0,
            0.0,
            0.0,
            0.0,
            -0.06602984549016155,
            -0.06602984549016155,
            -0.06602984549016155,
            -0.06602984549016155,
            -0.06602984549016155,
            -0.06602984549016155,
            -0.06602984549016155,
            -0.06602984549016155,
            -0.09244178368622617
        ],
        "compile-time (seconds)": [
            35.526561537832244,
            42.91137786707166,
            5.328497132487872,
            0.0,
            -8.42594000600651,
            -7.354823477211345,
            1.5962299141207879,
            -9.140715351598551,
            -19.068748891413332,
            -18.90682865190278,
            -22.213951480817965,
            -26.640715050567366,
            -30.54566203421719
        ],
        "bitcode-size (bytes)": [
            0.0,
            0.0,
            0.0,
            0.0,
            0.0043685301764716305,
            0.006504256040524427,
            0.0023784219849678876,
            0.004853922418301812,
            0.008858408413400807,
            0.009586496776146078,
            0.009465148715688532,
            0.02858960304379767,
            0.058902348546092484
        ],
        "Number of redundant instructions removed (instsimplify)": [
            0.0,
            0.0,
            0.0,
            0.0,
            0.0,
            0.0,
            0.0,
            0.0,
            0.09705596894208994,
            0.09705596894208994,
            0.09705596894208994,
            0.24263992235522483,
            1.0190876738919443
        ],
        "Number of insts scanned while updating ibt (ipt)": [
            -0.05013300087238018,
            0.08229068235301878,
            0.02786999061655346,
            0.0,
            0.07932228098557523,
            -0.010389404786052471,
            -0.04419619813749305,
            0.06299607346463562,
            0.033641882164360384,
            -0.06184169515507424,
            0.01286307259225544,
            0.08410470541090097,
            0.12022025538146432
        ],
        "Number of instructions hoisted out of loop (licm)": [
            0.0,
            0.0,
            0.0,
            0.0,
            0.0,
            0.0,
            0.0,
            0.0,
            0.0,
            0.0,
            0.0,
            -0.13932427725531174,
            -0.13932427725531174
        ],
        "Number of MayAlias results (aa)": [
            -0.0022776795001252723,
            0.0,
            0.0,
            0.0,
            0.0,
            0.0022776795001252723,
            0.0022776795001252723,
            0.0022776795001252723,
            0.0022776795001252723,
            0.0022776795001252723,
            0.0022776795001252723,
            0.0022776795001252723,
            0.018221436001002178
        ],
        "Number of NoAlias results (aa)": [
            -0.0032103587575911608,
            0.0,
            0.0,
            0.0,
            0.0,
            -0.0013376494823296504,
            -0.0013376494823296504,
            -0.0013376494823296504,
            -0.0013376494823296504,
            -0.0013376494823296504,
            -0.0013376494823296504,
            -0.0013376494823296504,
            0.02394392573370074
        ],
        "Number of pointers maybe captured (capture-tracking)": [
            0.0,
            0.0,
            0.0,
            0.0,
            0.0,
            0.04169562195969423,
            0.04169562195969423,
            0.04169562195969423,
            0.04169562195969423,
            0.04169562195969423,
            0.04169562195969423,
            0.04169562195969423,
            0.06254343293954136
        ],
        "Number of functions removed (globaldce)": [
            0.0,
            0.0,
            0.0,
            0.0,
            0.0,
            0.0,
            0.0,
            0.0,
            0.0,
            0.0,
            0.0,
            -8.823529411764707,
            -8.823529411764707
        ],
        "Number of vector instructions generated (SLP)": [
            0.0,
            0.0,
            0.0,
            0.0,
            -4.159733777038269,
            -6.405990016638935,
            -6.405990016638935,
            -6.905158069883527,
            -16.22296173044925,
            -18.718801996672212,
            -19.217970049916804,
            -23.960066555740433,
            -53.91014975041597
        ],
        "Number of MustAlias results (aa)": [
            -0.008486082824168363,
            0.0,
            0.0,
            0.0,
            0.0,
            0.0,
            0.0,
            0.0,
            0.0,
            0.0,
            0.0,
            0.0,
            0.008486082824168363
        ],
        "Number of vector binops formed (vector-combine)": [
            0.0,
            0.0,
            0.0,
            0.0,
            -33.33333333333333,
            -33.33333333333333,
            -38.095238095238095,
            -38.095238095238095,
            -76.19047619047619,
            -90.47619047619048,
            -90.47619047619048,
            -95.23809523809523,
            -100.0
        ],
        "Number of vector compares formed (vector-combine)": [
            0.0,
            0.0,
            0.0,
            0.0,
            -41.66666666666667,
            -41.66666666666667,
            -41.66666666666667,
            -41.66666666666667,
            -91.66666666666666,
            -91.66666666666666,
            -91.66666666666666,
            -91.66666666666666,
            -91.66666666666666
        ]
    }
}