{"Number of insts combined (instcombine)": [205146, 205140, 205140, 205140, 205140, 205140, 205140, 205140, 205140, 205140, 205140, 205314, 205497], "Number of dead inst eliminated (instcombine)": [45437, 45434, 45434, 45434, 45434, 45434, 45434, 45434, 45434, 45434, 45434, 45434, 45437], "Number of blocks simplified (simplifycfg)": [83844, 83847, 83847, 83847, 83847, 83847, 83847, 83847, 83847, 83847, 83847, 83847, 83847], "compile-time (seconds)": [3.93678162399997, 3.5673432480000073, 2.9374213840000607, 2.7373812900000516, 2.6281223670000813, 2.5905885449999957, 2.5845248179999913, 2.607909493999962, 2.3483144240000087, 2.196637344000031, 2.107587622999972, 1.9743376659999399, 1.9639532759999554], "Number of instructions sunk (instcombine)": [4662, 4650, 4650, 4650, 4650, 4650, 4650, 4650, 4650, 4650, 4650, 4650, 4650], "Number of redundant instructions removed (instsimplify)": [6200, 6182, 6182, 6182, 6182, 6182, 6182, 6182, 6182, 6182, 6182, 6182, 6182], "Number of insts scanned while updating ibt (ipt)": [606194, 606441, 606315, 606764, 606617, 606867, 606468, 606181, 606601, 606402, 606297, 606021, 605854], "Number of instructions hoisted out of loop (licm)": [8610, 8613, 8613, 8613, 8613, 8613, 8613, 8613, 8613, 8613, 8613, 8613, 8613], "Number of loop exits without predictable exit counts (scalar-evolution)": [20182, 20182, 20182, 20182, 20182, 20182, 20182, 20182, 20182, 20182, 20182, 20185, 20185], "Number of MayAlias results (aa)": [131587, 131635, 131599, 131659, 131683, 131713, 131701, 131743, 131743, 131767, 131767, 131596, 131596], "Number of NoAlias results (aa)": [747457, 747580, 747580, 747580, 747580, 747580, 747580, 747580, 747580, 747580, 747580, 747427, 747427], "Number of pointers maybe captured (capture-tracking)": [14402, 14390, 14390, 14390, 14390, 14390, 14390, 14390, 14390, 14390, 14390, 14390, 14390], "Number of vector instructions generated (SLP)": [1127, 1202, 1202, 1202, 1202, 1202, 1202, 1202, 1202, 1202, 1202, 1454, 1706], "Number of MustAlias results (aa)": [35364, 35352, 35352, 35352, 35352, 35352, 35352, 35352, 35352, 35352, 35352, 35352, 35352], "Number of geps reassociated and hoisted out of the loop (licm)": [423, 426, 426, 426, 426, 426, 426, 426, 426, 426, 426, 426, 426]}