{"Number of insts combined (instcombine)": [205140, 204379, 205001, 204995, 205137, 205101, 205101, 205101, 205140, 205140, 205140, 205140, 205140], "Number of dead inst eliminated (instcombine)": [45434, 45361, 45410, 45410, 45434, 45434, 45434, 45434, 45434, 45434, 45434, 45434, 45434], "Number of blocks simplified (simplifycfg)": [83847, 83840, 83847, 83847, 83847, 83847, 83847, 83847, 83847, 83847, 83847, 83847, 83847], "compile-time (seconds)": [4.2863126279999335, 3.852651621000035, 3.568630121999867, 3.202011480999893, 2.919701372000013, 3.043441459000036, 2.9425356359999952, 2.763916304000105, 2.5749057869999845, 2.282780009999982, 2.296349933999984, 2.089892726999963, 2.162900145000016], "Negator: Total number of values visited during attempts to sink negation (instcombine)": [20586, 20585, 20586, 20586, 20586, 20586, 20586, 20586, 20586, 20586, 20586, 20586, 20586], "Negator: Number of negations attempted to be sinked (instcombine)": [18716, 18715, 18716, 18716, 18716, 18716, 18716, 18716, 18716, 18716, 18716, 18716, 18716], "Number of redundant instructions removed (instsimplify)": [6182, 6268, 6215, 6215, 6188, 6188, 6188, 6188, 6182, 6182, 6182, 6182, 6182], "Number of insts scanned while updating ibt (ipt)": [606358, 607244, 607127, 606848, 606527, 606846, 606571, 606638, 606356, 606292, 606590, 606260, 605701], "Number of instructions hoisted out of loop (licm)": [8613, 8589, 8601, 8601, 8613, 8601, 8601, 8601, 8613, 8613, 8613, 8613, 8613], "Number of loop exits with predictable exit counts (scalar-evolution)": [10066, 9961, 10001, 10001, 10057, 10057, 10057, 10057, 10061, 10061, 10061, 10066, 10066], "Number of loop exits without predictable exit counts (scalar-evolution)": [20182, 20031, 20144, 20108, 20164, 20164, 20164, 20164, 20168, 20168, 20168, 20182, 20182], "Number of MayAlias results (aa)": [131713, 130143, 131632, 131632, 131710, 131710, 131710, 131710, 131710, 131710, 131710, 131713, 131713], "Number of NoAlias results (aa)": [747580, 742773, 747117, 747117, 747580, 747580, 747580, 747580, 747580, 747580, 747580, 747580, 747580], "Number of arguments with unsolved size and offset (memory-builtins)": [5703, 5607, 5703, 5703, 5703, 5703, 5703, 5703, 5703, 5703, 5703, 5703, 5703], "Number of pointers maybe captured (capture-tracking)": [14390, 14417, 14387, 14384, 14390, 14390, 14390, 14390, 14390, 14390, 14390, 14390, 14390], "Number of loops unrolled with run-time trip counts (loop-unroll)": [356, 355, 356, 356, 356, 356, 356, 356, 356, 356, 356, 356, 356], "Number of loops unrolled (completely or otherwise) (loop-unroll)": [714, 713, 714, 714, 714, 714, 714, 714, 714, 714, 714, 714, 714], "Number of functions removed (globaldce)": [34, 31, 31, 31, 34, 34, 34, 34, 34, 34, 34, 34, 34], "Number of pointers not captured (capture-tracking)": [4196, 4174, 4180, 4180, 4196, 4196, 4196, 4196, 4196, 4196, 4196, 4196, 4196], "Number of vector instructions generated (SLP)": [1202, 0, 1040, 1037, 1202, 1160, 1160, 1160, 1202, 1202, 1202, 1202, 1202], "Number of MustAlias results (aa)": [35352, 35198, 35295, 35295, 35352, 35352, 35352, 35352, 35352, 35352, 35352, 35352, 35352], "Number of geps reassociated and hoisted out of the loop (licm)": [426, 420, 426, 426, 426, 426, 426, 426, 426, 426, 426, 426, 426], "Number of vector binops formed (vector-combine)": [63, 0, 33, 33, 63, 63, 63, 63, 63, 63, 63, 63, 63], "Number of vector compares formed (vector-combine)": [12, 1, 6, 6, 12, 12, 12, 12, 12, 12, 12, 12, 12]}