{"Number of insts combined (instcombine)": [205140, 205140, 205140, 205140, 205123, 205114, 205078, 205078, 204946, 204919, 204906, 204846, 204510], "Number of dead inst eliminated (instcombine)": [45434, 45434, 45434, 45434, 45404, 45404, 45404, 45404, 45404, 45404, 45404, 45404, 45392], "compile-time (seconds)": [3.770240000999884, 3.8382690429999897, 3.264944067999963, 2.71550308100003, 2.7861755320001294, 2.7216309579999916, 2.6611748460000726, 2.3956788519999677, 2.1890328810000454, 2.168370896999967, 2.1944140630000035, 2.059560017999921, 1.7956245579999575], "Number of redundant instructions removed (instsimplify)": [6182, 6182, 6182, 6182, 6182, 6182, 6182, 6182, 6188, 6188, 6188, 6197, 6245], "Number of insts scanned while updating ibt (ipt)": [606235, 606880, 606375, 606389, 607045, 606645, 606330, 606600, 606600, 606780, 606516, 606978, 606929], "Number of instructions hoisted out of loop (licm)": [8613, 8613, 8613, 8613, 8613, 8613, 8613, 8613, 8613, 8613, 8613, 8601, 8601], "Number of MayAlias results (aa)": [131710, 131713, 131713, 131713, 131713, 131716, 131716, 131716, 131716, 131716, 131716, 131716, 131737], "Number of NoAlias results (aa)": [747556, 747580, 747580, 747580, 747580, 747570, 747570, 747570, 747570, 747570, 747570, 747570, 747759], "Number of pointers maybe captured (capture-tracking)": [14390, 14390, 14390, 14390, 14390, 14396, 14396, 14396, 14396, 14396, 14396, 14396, 14399], "Number of functions removed (globaldce)": [34, 34, 34, 34, 34, 34, 34, 34, 34, 34, 34, 31, 31], "Number of vector instructions generated (SLP)": [1202, 1202, 1202, 1202, 1152, 1125, 1125, 1119, 1007, 977, 971, 914, 554], "Number of MustAlias results (aa)": [35349, 35352, 35352, 35352, 35352, 35352, 35352, 35352, 35352, 35352, 35352, 35352, 35355], "Number of vector binops formed (vector-combine)": [63, 63, 63, 63, 42, 42, 39, 39, 15, 6, 6, 3, 0], "Number of vector compares formed (vector-combine)": [12, 12, 12, 12, 7, 7, 7, 7, 1, 1, 1, 1, 1]}