{"Number of insts combined (instcombine)": [204915, 205134, 205134, 205099, 205099, 205140, 205140, 205140, 205140, 205140, 205140, 205149, 205149], "Number of dead inst eliminated (instcombine)": [45382, 45421, 45421, 45433, 45433, 45434, 45434, 45434, 45434, 45434, 45434, 45434, 45434], "Number of blocks simplified (simplifycfg)": [83840, 83840, 83840, 83840, 83840, 83847, 83847, 83847, 83847, 83847, 83847, 83847, 83847], "compile-time (seconds)": [4.591334944000266, 4.482735326000011, 3.4917730270004483, 3.2012234170002216, 3.019695378999984, 3.1399115170005416, 3.2214858449997905, 3.1527352449996613, 2.6987902709997798, 2.708887696000204, 2.4807962960004772, 2.506612968000212, 2.437200008999781], "Negator: Total number of values visited during attempts to sink negation (instcombine)": [20585, 20585, 20585, 20585, 20585, 20586, 20586, 20586, 20586, 20586, 20586, 20586, 20586], "Negator: Number of negations attempted to be sinked (instcombine)": [18715, 18715, 18715, 18715, 18715, 18716, 18716, 18716, 18716, 18716, 18716, 18716, 18716], "Number of redundant instructions removed (instsimplify)": [6202, 6181, 6181, 6181, 6181, 6182, 6182, 6182, 6182, 6182, 6182, 6182, 6182], "Number of insts scanned while updating ibt (ipt)": [606752, 606324, 606992, 606441, 606574, 606458, 606530, 606474, 606399, 606821, 606474, 606597, 605996], "Number of instructions hoisted out of loop (licm)": [8601, 8613, 8613, 8613, 8613, 8613, 8613, 8613, 8613, 8613, 8613, 8613, 8613], "Number of loop exits with predictable exit counts (scalar-evolution)": [10017, 10020, 10020, 10021, 10021, 10066, 10066, 10066, 10066, 10066, 10066, 10066, 10066], "Number of loop exits without predictable exit counts (scalar-evolution)": [20167, 20167, 20167, 20167, 20167, 20182, 20182, 20182, 20182, 20182, 20182, 20182, 20182], "Number of MayAlias results (aa)": [130143, 130477, 130477, 130477, 130477, 131713, 131713, 131713, 131713, 131713, 131707, 132424, 133672], "Number of NoAlias results (aa)": [743371, 744182, 744182, 744275, 744275, 747562, 747562, 747562, 747562, 747562, 747871, 749908, 753727], "Number of arguments with unsolved size and offset (memory-builtins)": [5607, 5655, 5655, 5655, 5655, 5703, 5703, 5703, 5703, 5703, 5703, 5703, 5703], "Number of pointers maybe captured (capture-tracking)": [14412, 14366, 14366, 14369, 14369, 14387, 14387, 14387, 14387, 14387, 14393, 14393, 14393], "Number of loops unrolled with run-time trip counts (loop-unroll)": [355, 355, 355, 355, 355, 356, 356, 356, 356, 356, 356, 356, 356], "Number of loops unrolled (completely or otherwise) (loop-unroll)": [713, 713, 713, 713, 713, 714, 714, 714, 714, 714, 714, 714, 714], "Number of pointers not captured (capture-tracking)": [4190, 4190, 4190, 4190, 4190, 4196, 4196, 4196, 4196, 4196, 4196, 4196, 4196], "Number of MustAlias results (aa)": [35252, 35267, 35267, 35270, 35270, 35352, 35352, 35352, 35352, 35352, 35340, 35375, 35375], "Number of geps reassociated and hoisted out of the loop (licm)": [420, 426, 426, 426, 426, 426, 426, 426, 426, 426, 426, 426, 426], "Number of vector instructions generated (SLP)": [414, 891, 891, 897, 897, 1202, 1202, 1202, 1202, 1202, 1202, 1157, 1133], "Number of vector loads formed (vector-combine)": [23, 20, 20, 20, 20, 20, 20, 20, 20, 20, 20, 20, 20]}