{"Number of insts combined (instcombine)": [205140, 205140, 205140, 205140, 205140, 205140, 205140, 205140, 205107, 205107, 205110, 204928, 204892], "Number of dead inst eliminated (instcombine)": [45434, 45434, 45434, 45434, 45434, 45434, 45434, 45434, 45434, 45434, 45380, 45379, 45379], "Number of blocks simplified (simplifycfg)": [83847, 83847, 83847, 83847, 83847, 83847, 83847, 83847, 83847, 83847, 83844, 83837, 83837], "compile-time (seconds)": [4.701859355000067, 4.4481889520000095, 3.5394139619991165, 3.3242319789997055, 3.077258147000464, 3.1831683069991072, 3.160956643000077, 3.1565902639995898, 2.8354079830000956, 2.7668201069990914, 2.5060938239984694, 2.416639205000081, 2.4035748139997963], "Negator: Total number of values visited during attempts to sink negation (instcombine)": [20586, 20586, 20586, 20586, 20586, 20586, 20586, 20586, 20586, 20586, 20586, 20585, 20585], "Negator: Number of negations attempted to be sinked (instcombine)": [18716, 18716, 18716, 18716, 18716, 18716, 18716, 18716, 18716, 18716, 18716, 18715, 18715], "Number of instructions sunk (instcombine)": [4650, 4650, 4650, 4650, 4650, 4650, 4650, 4650, 4650, 4650, 4656, 4656, 4656], "Number of redundant instructions removed (instsimplify)": [6182, 6182, 6182, 6182, 6182, 6182, 6182, 6182, 6188, 6188, 6206, 6202, 6247], "Number of insts scanned while updating ibt (ipt)": [606380, 606643, 606774, 606426, 606184, 606412, 606340, 606084, 606335, 606009, 606421, 607006, 607358], "Number of instructions hoisted out of loop (licm)": [8613, 8613, 8613, 8613, 8613, 8613, 8613, 8613, 8613, 8613, 8601, 8601, 8589], "Number of loop exits with predictable exit counts (scalar-evolution)": [10066, 10066, 10066, 10066, 10066, 10066, 10066, 10066, 10066, 10066, 10066, 10065, 10065], "Number of loop exits without predictable exit counts (scalar-evolution)": [20182, 20182, 20182, 20182, 20182, 20182, 20182, 20182, 20182, 20182, 20152, 20116, 20113], "Number of MayAlias results (aa)": [131716, 131716, 131716, 131713, 131713, 131713, 131713, 131713, 131713, 131713, 131314, 130143, 130143], "Number of NoAlias results (aa)": [747358, 747604, 747358, 747325, 747325, 747580, 747580, 747334, 747325, 747325, 746435, 743320, 743257], "Number of arguments with unsolved size and offset (memory-builtins)": [5703, 5703, 5703, 5703, 5703, 5703, 5703, 5703, 5703, 5703, 5655, 5607, 5607], "Number of pointers maybe captured (capture-tracking)": [14390, 14390, 14390, 14393, 14393, 14390, 14390, 14390, 14393, 14393, 14435, 14420, 14420], "Number of loops unrolled with run-time trip counts (loop-unroll)": [356, 356, 356, 356, 356, 356, 356, 356, 356, 356, 356, 355, 355], "Number of loops unrolled (completely or otherwise) (loop-unroll)": [714, 714, 714, 714, 714, 714, 714, 714, 714, 714, 714, 713, 713], "Number of functions removed (globaldce)": [34, 34, 34, 34, 34, 34, 34, 34, 34, 34, 34, 34, 31], "Number of pointers not captured (capture-tracking)": [4196, 4196, 4196, 4196, 4196, 4196, 4196, 4196, 4196, 4196, 4196, 4190, 4190], "Number of vector instructions generated (SLP)": [1199, 1202, 1199, 1193, 1193, 1202, 1202, 1199, 1175, 1175, 776, 390, 357], "Number of MustAlias results (aa)": [35355, 35355, 35355, 35352, 35352, 35352, 35352, 35352, 35352, 35352, 35319, 35255, 35255], "Number of geps reassociated and hoisted out of the loop (licm)": [426, 426, 426, 426, 426, 426, 426, 426, 426, 426, 420, 420, 420]}