{"Number of insts combined (instcombine)": [205074, 205098, 205122, 205140, 205140, 205140, 205266, 205287, 205287, 205302, 205302, 205680, 205968], "Number of dead inst eliminated (instcombine)": [45395, 45410, 45428, 45434, 45434, 45434, 45443, 45464, 45464, 45473, 45473, 45694, 45757], "compile-time (seconds)": [4.705987036999957, 4.484434796999977, 3.6369360350001756, 3.1321357549998936, 3.1643577329999033, 3.203763577000146, 3.1085230810000297, 2.9911160470002045, 2.7394162530001154, 2.6820632589999462, 2.4879818290001054, 2.402554402999769, 2.377965308999933], "Negator: Total number of values visited during attempts to sink negation (instcombine)": [20586, 20586, 20586, 20586, 20586, 20586, 20586, 20586, 20586, 20586, 20586, 20586, 20604], "Negator: Number of negations attempted to be sinked (instcombine)": [18716, 18716, 18716, 18716, 18716, 18716, 18716, 18716, 18716, 18716, 18716, 18716, 18734], "Number of reassociations (instcombine)": [387, 387, 387, 387, 387, 387, 387, 387, 387, 387, 387, 393, 393], "Number of insts scanned while updating ibt (ipt)": [606270, 606566, 606397, 606631, 606182, 606215, 606991, 607215, 607113, 607042, 606822, 607049, 608292], "Number of instructions hoisted out of loop (licm)": [8613, 8613, 8613, 8613, 8613, 8613, 8613, 8607, 8607, 8610, 8610, 8589, 8619], "Number of loop exits with predictable exit counts (scalar-evolution)": [10063, 10063, 10063, 10066, 10066, 10066, 10066, 10066, 10066, 10069, 10069, 10075, 10084], "Number of MayAlias results (aa)": [131674, 131686, 131698, 131713, 131713, 131713, 131761, 131760, 131760, 131766, 131766, 131856, 131970], "Number of NoAlias results (aa)": [747574, 747574, 747574, 747580, 747580, 747580, 747760, 747721, 747721, 747721, 747721, 747721, 747721], "Number of pointers maybe captured (capture-tracking)": [14390, 14390, 14390, 14390, 14390, 14390, 14390, 14388, 14388, 14388, 14388, 14388, 14388], "Number of geps reassociated and hoisted out of the loop (licm)": [426, 426, 426, 426, 426, 426, 426, 420, 420, 423, 423, 402, 414]}