{"Number of globals deleted (globalopt)": [1512, 1512, 1528, 1532, 1540, 1548, 1556, 1560, 1568, 1568, 1568, 1572, 1572], "Number of functions that only read memory (globalsmodref-aa)": [3085, 3085, 3085, 3085, 3081, 3077, 3073, 3073, 3073, 3073, 3073, 3073, 3073], "Number of insts combined (instcombine)": [204976, 204976, 205092, 205140, 205344, 205488, 205596, 205724, 206020, 206188, 206188, 206624, 206624], "Number of dead inst eliminated (instcombine)": [45346, 45346, 45410, 45434, 45530, 45570, 45618, 45674, 45802, 45874, 45874, 46058, 46058], "Number of blocks simplified (simplifycfg)": [83807, 83807, 83839, 83847, 83871, 83895, 83907, 83919, 83935, 83943, 83943, 83971, 83971], "compile-time (seconds)": [4.6457758409999315, 4.578324122999959, 3.5444964619999837, 3.2354137309998237, 3.123363444999825, 3.0637185660000057, 3.1565148009997017, 2.9872758570001565, 2.903342882999823, 2.618223599999766, 2.4482789700002456, 2.4109854200000598, 2.3110993790000407], "Number of instructions sunk (instcombine)": [4638, 4638, 4650, 4650, 4650, 4650, 4650, 4650, 4650, 4650, 4650, 4650, 4650], "Number of insts scanned while updating ibt (ipt)": [606425, 606105, 606224, 606400, 606278, 606806, 606607, 607172, 607637, 607616, 607341, 607813, 607345], "Number of instructions removed (sccp)": [9565, 9565, 9569, 9569, 9569, 9569, 9569, 9569, 9569, 9569, 9569, 9569, 9569], "Number of MayAlias results (aa)": [131448, 131448, 131669, 131713, 131869, 132043, 132091, 132103, 132271, 132307, 132307, 132299, 132299], "Number of NoAlias results (aa)": [746547, 746547, 747488, 747580, 747656, 747706, 747914, 748082, 748502, 748646, 748646, 750026, 750026], "Number of instructions deleted (gvn)": [10759, 10759, 10771, 10771, 10771, 10775, 10779, 10783, 10791, 10791, 10791, 10803, 10803], "Number of instructions simplified (gvn)": [6241, 6241, 6245, 6245, 6245, 6245, 6245, 6245, 6245, 6245, 6245, 6245, 6245], "Number of jumps threaded (jump-threading)": [4353, 4353, 4369, 4373, 4385, 4397, 4413, 4425, 4441, 4445, 4445, 4469, 4469], "Number of block queries that were completely cached (memdep)": [9828, 9828, 9856, 9856, 9875, 9875, 9875, 9911, 10027, 10027, 10027, 10091, 10091], "Number of fully cached non-local ptr responses (memdep)": [382522, 382522, 384065, 384077, 384268, 384466, 384810, 385050, 385870, 385978, 385978, 387739, 387739], "Number of uncached non-local ptr responses (memdep)": [266493, 266493, 267237, 267261, 267499, 267835, 268235, 268591, 269371, 269515, 269515, 271363, 271363], "Number of pointers maybe captured (capture-tracking)": [14378, 14378, 14390, 14390, 14390, 14390, 14390, 14390, 14390, 14390, 14390, 14390, 14390], "Number of common instruction 'blocks' hoisted up to the begin block (simplifycfg)": [2099, 2099, 2099, 2099, 2099, 2099, 2099, 2099, 2099, 2099, 2099, 2091, 2091], "Number of common instructions hoisted up to the begin block (simplifycfg)": [5623, 5623, 5623, 5623, 5623, 5623, 5623, 5623, 5623, 5623, 5623, 5615, 5615], "Number of common instruction 'blocks' sunk down to the end block (simplifycfg)": [718, 718, 718, 718, 718, 718, 718, 718, 718, 718, 718, 722, 722], "Number of common instructions sunk down to the end block (simplifycfg)": [1412, 1412, 1412, 1412, 1412, 1412, 1412, 1412, 1412, 1412, 1412, 1420, 1420], "Number of MustAlias results (aa)": [35328, 35328, 35352, 35352, 35356, 35360, 35376, 35388, 35424, 35424, 35424, 35512, 35512], "Number of loads deleted (gvn)": [960, 960, 968, 968, 968, 972, 976, 980, 984, 984, 984, 992, 992], "Number of basic blocks unreachable (sccp)": [2510, 2510, 2514, 2514, 2514, 2514, 2514, 2514, 2514, 2514, 2514, 2514, 2514], "Number of global vars without address taken (globalsmodref-aa)": [2441, 2441, 2441, 2441, 2441, 2445, 2445, 2445, 2445, 2445, 2445, 2445, 2445], "Number of value comparisons folded into predecessor basic blocks (simplifycfg)": [885, 885, 885, 885, 885, 893, 897, 901, 901, 901, 901, 905, 905], "Number of terminators folded (jump-threading)": [2042, 2042, 2042, 2042, 2042, 2042, 2042, 2042, 2046, 2046, 2046, 2050, 2050], "Number of uncached non-local responses (memdep)": [14, 14, 18, 18, 18, 14, 14, 14, 14, 14, 14, 14, 14], "Number of fully cached non-local responses (memdep)": [8, 8, 12, 12, 12, 8, 8, 8, 8, 8, 8, 8, 8]}