{"compile-time (seconds)": [4.3120071560001065, 4.235808639998879, 3.9487083880002842, 3.4348208419999082, 3.123917583999514, 3.024004166999589, 3.3094345400004954, 3.105985419999797, 2.7140869910003858, 2.765723644000957, 2.5104570080002304, 2.47143305000003, 2.307547258000284], "Number of insts scanned while updating ibt (ipt)": [606589, 606490, 606788, 606512, 606495, 606248, 606442, 606022, 606286, 606400, 606578, 606590, 606551]}