{"Number of instructions simplified or DCE'd (early-cse)": [36915, 36915, 36915, 36915, 36915, 36915, 36914, 36913, 36913, 36913, 36913, 36912, 36912], "Number of functions inlined (inline)": [12532, 12532, 12537, 12537, 12536, 12535, 12539, 12537, 12537, 12535, 12535, 12534, 12533], "Number of call sites analyzed (inline-cost)": [19558, 19558, 19553, 19553, 19554, 19554, 19555, 19556, 19556, 19558, 19558, 19559, 19559], "Number of insts combined (instcombine)": [205140, 205140, 205140, 205140, 205117, 205100, 205088, 205060, 205060, 205014, 205014, 205009, 204974], "Number of dead inst eliminated (instcombine)": [45434, 45434, 45434, 45434, 45426, 45419, 45377, 45327, 45327, 45311, 45311, 45269, 45266], "Number of blocks simplified (simplifycfg)": [83847, 83847, 83847, 83847, 83831, 83820, 83905, 83880, 83880, 83844, 83844, 83835, 83822], "compile-time (seconds)": [4.643853486999774, 4.430773978000275, 3.6557200049996936, 3.2638797330005787, 3.183729935999395, 3.2247786309995945, 3.2047755259993664, 3.030174710999802, 2.7521085449993734, 2.6331798439994714, 2.5198907009992695, 2.406873136999195, 2.3421558490003918], "Number of instructions CSE'd (early-cse)": [15902, 15902, 15902, 15902, 15900, 15898, 15903, 15901, 15901, 15901, 15901, 15901, 15897], "Negator: Total number of values visited during attempts to sink negation (instcombine)": [20586, 20586, 20586, 20586, 20556, 20538, 20536, 20504, 20504, 20444, 20444, 20442, 20422], "Negator: Number of negations attempted to be sinked (instcombine)": [18716, 18716, 18716, 18716, 18690, 18674, 18673, 18646, 18646, 18594, 18594, 18593, 18575], "Number of instructions sunk (instcombine)": [4650, 4650, 4650, 4650, 4654, 4658, 4650, 4649, 4649, 4649, 4649, 4644, 4615], "Number of redundant instructions removed (instsimplify)": [6182, 6182, 6182, 6182, 6178, 6174, 6174, 6170, 6170, 6162, 6162, 6162, 6153], "Number of insts scanned while updating ibt (ipt)": [606359, 606307, 606109, 606325, 605481, 605380, 605794, 604897, 604973, 603709, 603773, 603575, 603113], "Number of instructions hoisted out of loop (licm)": [8613, 8613, 8613, 8613, 8613, 8613, 8621, 8620, 8620, 8618, 8618, 8617, 8617], "Number of loops analyzed for vectorization (loop-vectorize)": [3601, 3601, 3601, 3601, 3600, 3599, 3604, 3603, 3603, 3601, 3601, 3601, 3600], "Number of insts reassociated (reassociate)": [11717, 11717, 11717, 11717, 11706, 11701, 11696, 11680, 11680, 11660, 11660, 11655, 11650], "Number of loop exits with predictable exit counts (scalar-evolution)": [10066, 10066, 10066, 10066, 10066, 10066, 10087, 10087, 10087, 10087, 10087, 10087, 10087], "Number of loop exits without predictable exit counts (scalar-evolution)": [20182, 20182, 20182, 20182, 20182, 20182, 20260, 20260, 20260, 20260, 20260, 20260, 20260], "Number of MayAlias results (aa)": [131713, 131713, 131713, 131713, 131716, 131727, 131748, 131766, 131766, 131757, 131757, 131765, 131764], "Number of NoAlias results (aa)": [747580, 747580, 747728, 747728, 747721, 747713, 747796, 747745, 747745, 747697, 747697, 747676, 747641], "Number of instructions deleted (gvn)": [10771, 10771, 10771, 10771, 10761, 10757, 10756, 10748, 10748, 10726, 10726, 10726, 10717], "Number of instructions simplified (gvn)": [6245, 6245, 6245, 6245, 6237, 6233, 6233, 6225, 6225, 6209, 6209, 6209, 6200], "Number of jumps threaded (jump-threading)": [4373, 4373, 4381, 4381, 4381, 4381, 4385, 4385, 4385, 4385, 4385, 4385, 4385], "Number of block queries that were completely cached (memdep)": [9856, 9856, 9860, 9860, 9861, 9861, 9863, 9863, 9863, 9869, 9869, 9869, 9870], "Number of fully cached non-local ptr responses (memdep)": [384077, 384077, 384077, 384077, 383984, 383864, 384024, 383766, 383766, 383557, 383557, 383555, 383464], "Number of uncached non-local ptr responses (memdep)": [267261, 267261, 267269, 267269, 267188, 267100, 267274, 267138, 267138, 266966, 266966, 266945, 266875], "Number of loops not rotated due to the header size (loop-rotate)": [1589, 1589, 1589, 1589, 1589, 1589, 1590, 1590, 1590, 1590, 1590, 1590, 1590], "Number of loops deleted (loop-delete)": [156, 156, 156, 156, 156, 156, 154, 152, 152, 152, 152, 150, 150], "Number of blocks merged (gvn)": [843, 843, 843, 843, 843, 843, 841, 839, 839, 839, 839, 837, 837], "Number of GEP instructions CSE'd (early-cse)": [29016, 29016, 29016, 29016, 29010, 29004, 28999, 28988, 28988, 28978, 28978, 28973, 28967], "Number of load instructions CSE'd (early-cse)": [20169, 20169, 20169, 20169, 20163, 20157, 20152, 20141, 20141, 20131, 20131, 20126, 20121], "Number of MustAlias results (aa)": [35352, 35352, 35352, 35352, 35351, 35351, 35354, 35352, 35352, 35348, 35348, 35347, 35346], "Number of phis propagated (correlated-value-propagation)": [3627, 3627, 3627, 3627, 3626, 3625, 3624, 3622, 3622, 3620, 3620, 3619, 3618], "Number of terminators folded (jump-threading)": [2042, 2042, 2042, 2042, 2042, 2042, 2046, 2046, 2046, 2046, 2046, 2046, 2046], "Number of no-signed-wrap deductions for add (correlated-value-propagation)": [362, 362, 362, 362, 362, 362, 358, 358, 358, 358, 358, 358, 358], "Number of no-wrap deductions for add (correlated-value-propagation)": [523, 523, 523, 523, 523, 523, 519, 519, 519, 519, 519, 519, 519], "Number of no-signed-wrap deductions (correlated-value-propagation)": [373, 373, 373, 373, 373, 373, 369, 369, 369, 369, 369, 369, 369], "Number of no-wrap deductions (correlated-value-propagation)": [552, 552, 552, 552, 552, 552, 548, 548, 548, 548, 548, 548, 548], "Number of instructions removed (constraint-elimination)": [59, 59, 59, 59, 58, 57, 57, 56, 56, 56, 56, 56, 56], "Number of branch instructions removed (adce)": [10, 10, 10, 10, 10, 10, 10, 8, 8, 8, 8, 8, 8], "Number of terminators folded to unconditional branches (loop-simplifycfg)": [14, 14, 14, 14, 13, 12, 12, 11, 11, 11, 11, 11, 11], "Number of instructions removed (adce)": [23, 23, 23, 23, 23, 27, 27, 23, 23, 23, 23, 23, 23]}