{"Number of insts combined (instcombine)": [205080, 205080, 205092, 205092, 205092, 205140, 205153, 205153, 205153, 205153, 205153, 205209, 205491], "Number of dead inst eliminated (instcombine)": [45434, 45434, 45434, 45434, 45434, 45434, 45434, 45434, 45434, 45434, 45434, 45430, 45430], "Number of blocks simplified (simplifycfg)": [83845, 83845, 83843, 83843, 83843, 83847, 83849, 83849, 83849, 83849, 83849, 83844, 83994], "compile-time (seconds)": [4.592057936999481, 4.51715270599999, 3.7394598490007525, 3.3305419169997776, 3.228696642000216, 3.0753364630002125, 3.184218558000225, 3.1572101550002003, 2.777928471000166, 2.618846023999936, 2.520872358999327, 2.3828261440004894, 2.3364172819999], "Negator: Maximal number of values ever visited while attempting to sink negation (instcombine)": [406, 406, 406, 406, 406, 406, 406, 406, 406, 406, 406, 402, 402], "Negator: Total number of values visited during attempts to sink negation (instcombine)": [20586, 20586, 20586, 20586, 20586, 20586, 20586, 20586, 20586, 20586, 20586, 20582, 20582], "Negator: Number of negations attempted to be sinked (instcombine)": [18716, 18716, 18716, 18716, 18716, 18716, 18716, 18716, 18716, 18716, 18716, 18712, 18712], "Number of instructions sunk (instcombine)": [4622, 4622, 4622, 4622, 4622, 4650, 4658, 4658, 4658, 4658, 4658, 4658, 4694], "Number of redundant instructions removed (instsimplify)": [6194, 6194, 6182, 6182, 6182, 6182, 6182, 6182, 6182, 6182, 6182, 6164, 6066], "Number of insts scanned while updating ibt (ipt)": [606528, 606221, 606813, 606226, 606310, 606397, 606107, 606510, 606602, 606543, 606256, 606068, 607591], "Number of loop exits with predictable exit counts (scalar-evolution)": [10065, 10065, 10066, 10066, 10066, 10066, 10066, 10066, 10066, 10066, 10066, 10062, 10062], "Number of speculative executed instructions (simplifycfg)": [1418, 1418, 1418, 1418, 1418, 1418, 1418, 1418, 1418, 1418, 1418, 1418, 1467], "Number of loops unrolled with run-time trip counts (loop-unroll)": [356, 356, 356, 356, 356, 356, 356, 356, 356, 356, 356, 352, 352], "Number of loops unrolled (completely or otherwise) (loop-unroll)": [704, 704, 710, 710, 710, 714, 715, 715, 715, 715, 715, 712, 761], "Number of value comparisons folded into predecessor basic blocks (simplifycfg)": [882, 882, 885, 885, 885, 885, 885, 885, 885, 885, 885, 885, 885], "Number of loops completely unrolled (loop-unroll)": [331, 331, 337, 337, 337, 341, 342, 342, 342, 342, 342, 343, 392], "Number of global variables removed (globaldce)": [27, 27, 28, 28, 28, 28, 28, 28, 28, 28, 28, 28, 28], "Number of unreachable basic blocks removed (local)": [1409, 1409, 1410, 1410, 1410, 1410, 1410, 1410, 1410, 1410, 1410, 1410, 4386], "Number of loops unrolled without a conditional latch (completely or otherwise) (loop-unroll)": [37, 37, 38, 38, 38, 38, 39, 39, 39, 39, 39, 39, 39], "Number of PHI's that got CSE'd (instcombine)": [97, 97, 97, 97, 97, 97, 97, 97, 97, 97, 97, 97, 120]}