{"Number of insts combined (instcombine)": [205126, 205126, 205126, 205140, 205140, 205140, 205140, 205140, 205140, 205140, 205140, 205140, 205140], "Number of dead inst eliminated (instcombine)": [45433, 45433, 45433, 45434, 45434, 45434, 45434, 45434, 45434, 45434, 45434, 45434, 45434], "Number of blocks simplified (simplifycfg)": [83789, 83789, 83789, 83847, 83847, 83847, 83847, 83847, 83847, 83847, 83847, 83847, 83847], "compile-time (seconds)": [4.55306461000032, 4.7483019660003265, 3.517117004000113, 3.1405097959999466, 3.1240398800004527, 3.0492688939999084, 3.2268475840000974, 3.1281109289994333, 2.8018647079998686, 2.7104119689991535, 2.500808919999997, 2.37486737900025, 2.31799510699949], "Number of instructions sunk (instcombine)": [4649, 4649, 4649, 4650, 4650, 4650, 4650, 4650, 4650, 4650, 4650, 4650, 4650], "Number of insts scanned while updating ibt (ipt)": [606073, 606246, 606609, 605976, 606452, 606240, 606269, 606436, 606219, 606588, 606416, 606360, 606357], "Number of loops analyzed for vectorization (loop-vectorize)": [3594, 3594, 3594, 3601, 3601, 3601, 3601, 3601, 3601, 3601, 3601, 3601, 3601], "Number of loop exits with predictable exit counts (scalar-evolution)": [10045, 10045, 10045, 10066, 10066, 10066, 10066, 10066, 10066, 10066, 10066, 10066, 10066], "Number of NoAlias results (aa)": [747591, 747591, 747591, 747580, 747580, 747580, 747580, 747580, 747580, 747580, 747580, 747580, 747580], "Number of fully cached non-local ptr responses (memdep)": [384080, 384080, 384080, 384077, 384077, 384077, 384077, 384077, 384077, 384077, 384077, 384077, 384077], "Number of uncached non-local ptr responses (memdep)": [267264, 267264, 267264, 267261, 267261, 267261, 267261, 267261, 267261, 267261, 267261, 267261, 267261], "Number of redundant instructions simplified (loop-instsimplify)": [638, 638, 638, 660, 660, 660, 660, 660, 660, 660, 660, 660, 660], "Number of branches unswitched (simple-loop-unswitch)": [95, 95, 95, 98, 98, 98, 98, 98, 98, 98, 98, 98, 98], "Number of congruent IVs eliminated (indvars)": [1538, 1538, 1538, 1540, 1540, 1540, 1540, 1540, 1540, 1540, 1540, 1540, 1540], "Number of loop exit tests replaced (indvars)": [1956, 1956, 1956, 1963, 1963, 1963, 1963, 1963, 1963, 1963, 1963, 1963, 1963], "Number of indvars widened (indvars)": [1542, 1542, 1542, 1544, 1544, 1544, 1544, 1544, 1544, 1544, 1544, 1544, 1544], "Number of equalities propagated (gvn)": [458, 458, 458, 457, 457, 457, 457, 457, 457, 457, 457, 457, 457], "Number of switches unswitched (simple-loop-unswitch)": [6, 6, 6, 7, 7, 7, 7, 7, 7, 7, 7, 7, 7]}