{"Number of call sites analyzed (inline-cost)": [19557, 19557, 19557, 19558, 19558, 19558, 19558, 19558, 19558, 19558, 19558, 19558, 19558], "Number of insts combined (instcombine)": [204870, 204884, 204985, 205080, 205106, 205140, 205143, 205153, 205307, 205409, 205524, 206071, 206350], "Number of dead inst eliminated (instcombine)": [45363, 45376, 45377, 45423, 45433, 45434, 45434, 45432, 45468, 45494, 45516, 45595, 45648], "Number of reassociations (instsimplify)": [4917, 4917, 4917, 4917, 4917, 4917, 4917, 4917, 4917, 4917, 4917, 4917, 4918], "Number of blocks simplified (simplifycfg)": [83403, 83495, 83719, 83804, 83824, 83847, 83852, 83863, 83985, 84042, 84125, 84468, 84833], "compile-time (seconds)": [4.363821571999324, 4.583171091000452, 3.6052227130002166, 3.276874515000884, 3.1054120810002246, 3.120791850999865, 3.182095401000879, 3.0955817759995625, 2.8092669179999348, 2.7047754610006223, 2.5014048360005177, 2.3394699940003534, 2.3099497509996922], "Number of instructions CSE'd (early-cse)": [15903, 15903, 15903, 15902, 15902, 15902, 15902, 15902, 15902, 15902, 15902, 15902, 15904], "Negator: Total number of values visited during attempts to sink negation (instcombine)": [20479, 20493, 20505, 20528, 20582, 20586, 20586, 20592, 20655, 20707, 20730, 20927, 21051], "Negator: Number of negations attempted to be sinked (instcombine)": [18615, 18629, 18641, 18664, 18712, 18716, 18716, 18722, 18785, 18837, 18860, 19051, 19161], "Number of reassociations (instcombine)": [387, 387, 387, 387, 387, 387, 387, 387, 388, 389, 389, 391, 391], "Number of instructions sunk (instcombine)": [4642, 4643, 4644, 4646, 4646, 4650, 4650, 4650, 4650, 4651, 4653, 4664, 4676], "Number of redundant instructions removed (instsimplify)": [6149, 6152, 6172, 6174, 6176, 6182, 6182, 6182, 6183, 6183, 6192, 6234, 6254], "Number of insts scanned while updating ibt (ipt)": [597906, 600830, 602671, 604902, 605374, 606403, 606523, 606963, 612203, 615851, 622303, 660440, 675901], "Number of instructions hoisted out of loop (licm)": [8575, 8592, 8593, 8611, 8613, 8613, 8613, 8613, 8644, 8666, 8682, 8763, 8765], "Number of load insts hoisted or sunk (licm)": [532, 533, 533, 533, 533, 533, 533, 533, 533, 533, 533, 534, 535], "Number of loops rotated (loop-rotate)": [3083, 3083, 3083, 3083, 3083, 3083, 3083, 3083, 3083, 3083, 3083, 3086, 3088], "Number of loops analyzed for vectorization (loop-vectorize)": [3578, 3582, 3594, 3598, 3599, 3601, 3602, 3602, 3605, 3609, 3612, 3627, 3649], "Number of insts reassociated (reassociate)": [11717, 11717, 11717, 11717, 11717, 11717, 11717, 11717, 11718, 11718, 11718, 11719, 11719], "Number of loop exits with predictable exit counts (scalar-evolution)": [9978, 9989, 10024, 10057, 10063, 10066, 10066, 10071, 10120, 10146, 10178, 10284, 10400], "Number of loop exits without predictable exit counts (scalar-evolution)": [20090, 20117, 20171, 20175, 20175, 20182, 20187, 20190, 20213, 20223, 20234, 20320, 20378], "Number of instructions removed (sccp)": [9571, 9569, 9569, 9569, 9569, 9569, 9569, 9569, 9569, 9571, 9677, 10237, 10240], "Number of speculative executed instructions (simplifycfg)": [1418, 1418, 1418, 1418, 1418, 1418, 1418, 1418, 1418, 1418, 1418, 1421, 1421], "Number of MayAlias results (aa)": [131215, 131332, 131532, 131688, 131706, 131713, 131749, 131792, 132047, 132287, 132463, 133815, 135484], "Number of NoAlias results (aa)": [746123, 746231, 747108, 747437, 747539, 747580, 747629, 747675, 747972, 748203, 748422, 751617, 757117], "Number of pointers maybe captured before (capture-tracking)": [4060, 4060, 4060, 4060, 4060, 4058, 4058, 4058, 4058, 4058, 4058, 4058, 4058], "Number of stores remaining after DSE (dse)": [27563, 27573, 27598, 27611, 27616, 27618, 27622, 27624, 27636, 27665, 27674, 27723, 27827], "Number of instructions deleted (gvn)": [10714, 10721, 10745, 10757, 10757, 10771, 10771, 10775, 10804, 10835, 10856, 10937, 10995], "Number of instructions simplified (gvn)": [6216, 6219, 6239, 6239, 6239, 6245, 6245, 6245, 6247, 6248, 6260, 6284, 6314], "Number of jumps threaded (jump-threading)": [4372, 4372, 4372, 4373, 4373, 4373, 4373, 4371, 4367, 4365, 4365, 4369, 4371], "Number of block queries that were completely cached (memdep)": [9863, 9861, 9861, 9858, 9857, 9856, 9857, 9857, 9857, 9870, 9868, 9866, 9882], "Number of fully cached non-local ptr responses (memdep)": [383542, 383573, 383655, 383836, 384042, 384077, 384086, 384185, 384556, 384609, 384706, 386213, 393759], "Number of uncached non-local ptr responses (memdep)": [266828, 266824, 267146, 267211, 267218, 267261, 267265, 267282, 267437, 267517, 267602, 268310, 270449], "Number of arguments with unsolved size and offset (memory-builtins)": [5741, 5741, 5739, 5755, 5751, 5703, 5703, 5703, 5729, 5763, 5775, 5853, 5869], "Number of pointers maybe captured (capture-tracking)": [14390, 14390, 14390, 14390, 14390, 14390, 14390, 14390, 14390, 14390, 14390, 14407, 14407], "Number of IV sign/zero extends eliminated (indvars)": [2108, 2108, 2113, 2116, 2117, 2117, 2117, 2117, 2118, 2119, 2121, 2134, 2158], "Number of congruent IVs eliminated (indvars)": [1530, 1530, 1537, 1539, 1540, 1540, 1540, 1540, 1541, 1542, 1542, 1545, 1569], "Number of loop exit tests replaced (indvars)": [1943, 1945, 1957, 1962, 1963, 1963, 1963, 1964, 1973, 1979, 1989, 2020, 2046], "Number of indvars widened (indvars)": [1534, 1534, 1541, 1543, 1544, 1544, 1544, 1544, 1545, 1546, 1548, 1561, 1585], "Number of loops deleted (loop-delete)": [156, 156, 156, 156, 156, 156, 156, 156, 156, 156, 156, 157, 158], "Number of loops unrolled with run-time trip counts (loop-unroll)": [351, 351, 351, 354, 356, 356, 356, 356, 358, 358, 360, 362, 365], "Number of loops unrolled (completely or otherwise) (loop-unroll)": [709, 709, 709, 712, 714, 714, 714, 714, 716, 716, 718, 720, 723], "Number of common instruction 'blocks' hoisted up to the begin block (simplifycfg)": [2087, 2087, 2089, 2097, 2099, 2099, 2099, 2099, 2103, 2103, 2111, 2125, 2139], "Number of common instructions hoisted up to the begin block (simplifycfg)": [5581, 5589, 5581, 5601, 5623, 5623, 5623, 5631, 5673, 5689, 5703, 5773, 5789], "Number of common instruction 'blocks' sunk down to the end block (simplifycfg)": [718, 720, 719, 718, 717, 718, 718, 718, 718, 717, 718, 720, 720], "Number of common instructions sunk down to the end block (simplifycfg)": [1412, 1414, 1413, 1412, 1411, 1412, 1412, 1412, 1412, 1411, 1414, 1419, 1418], "Number of blocks merged (gvn)": [843, 843, 843, 843, 843, 843, 843, 843, 843, 843, 843, 844, 845], "Number of equalities propagated (gvn)": [444, 445, 454, 456, 456, 457, 457, 458, 465, 468, 469, 482, 487], "Number of loops vectorized (loop-vectorize)": [231, 231, 231, 233, 233, 233, 233, 233, 236, 237, 239, 243, 245], "Number of pointers not captured (capture-tracking)": [4180, 4180, 4196, 4196, 4196, 4196, 4196, 4196, 4196, 4196, 4196, 4196, 4196], "Number of vector instructions generated (SLP)": [1197, 1197, 1199, 1201, 1202, 1202, 1202, 1206, 1219, 1233, 1233, 1253, 1258], "Number of MustAlias results (aa)": [35293, 35297, 35337, 35350, 35350, 35352, 35353, 35358, 35388, 35407, 35427, 35526, 35667], "Number of instructions removed (unused) (bdce)": [742, 742, 742, 750, 750, 751, 751, 751, 762, 779, 783, 815, 823], "Number of stores deleted (dse)": [622, 622, 622, 622, 622, 622, 622, 622, 622, 623, 623, 623, 623], "Number of loads deleted (gvn)": [968, 968, 968, 968, 968, 968, 968, 968, 968, 969, 971, 976, 979], "Number of loads PRE'd (gvn)": [1118, 1122, 1126, 1134, 1134, 1135, 1135, 1139, 1159, 1175, 1181, 1211, 1220], "Number of basic blocks unreachable (sccp)": [2516, 2514, 2514, 2514, 2514, 2514, 2514, 2514, 2514, 2515, 2546, 2684, 2684], "Negator: Number of new negated instructions created, total (instcombine)": [164, 164, 164, 166, 166, 166, 166, 166, 168, 168, 170, 172, 172],