{"Number of insts combined (instcombine)": [204560, 205140, 205140, 205140, 205140, 205140, 205140, 205140, 205140, 205140, 205140, 205140, 205140], "Number of dead inst eliminated (instcombine)": [45314, 45434, 45434, 45434, 45434, 45434, 45434, 45434, 45434, 45434, 45434, 45434, 45434], "Number of reassociations (instsimplify)": [4912, 4917, 4917, 4917, 4917, 4917, 4917, 4917, 4917, 4917, 4917, 4917, 4917], "Number of blocks simplified (simplifycfg)": [83837, 83847, 83847, 83847, 83847, 83847, 83847, 83847, 83847, 83847, 83847, 83847, 83847], "compile-time (seconds)": [4.641496195000059, 4.4896422419998885, 3.7607759980007245, 3.25911521699976, 3.1959354260006307, 2.988047469999799, 3.301507020999395, 3.0741718709994075, 2.806782806000683, 2.573840608000296, 2.578917196999498, 2.485133107000422, 2.302870323000036], "Negator: Total number of values visited during attempts to sink negation (instcombine)": [20321, 20586, 20586, 20586, 20586, 20586, 20586, 20586, 20586, 20586, 20586, 20586, 20586], "Negator: Number of negations attempted to be sinked (instcombine)": [18501, 18716, 18716, 18716, 18716, 18716, 18716, 18716, 18716, 18716, 18716, 18716, 18716], "Number of reassociations (instcombine)": [392, 387, 387, 387, 387, 387, 387, 387, 387, 387, 387, 387, 387], "Number of insts scanned while updating ibt (ipt)": [606455, 606620, 606207, 606270, 606144, 606911, 606325, 606132, 606222, 606623, 606377, 606221, 606606], "Number of instructions hoisted out of loop (licm)": [8583, 8613, 8613, 8613, 8613, 8613, 8613, 8613, 8613, 8613, 8613, 8613, 8613], "Number of loop exits with predictable exit counts (scalar-evolution)": [10056, 10066, 10066, 10066, 10066, 10066, 10066, 10066, 10066, 10066, 10066, 10066, 10066], "Number of MayAlias results (aa)": [131673, 131713, 131713, 131713, 131713, 131713, 131713, 131713, 131713, 131713, 131713, 131713, 131713], "Number of functions removed (globaldce)": [28, 34, 34, 34, 34, 34, 34, 34, 34, 34, 34, 34, 34], "Number of loops vectorized (loop-vectorize)": [228, 233, 233, 233, 233, 233, 233, 233, 233, 233, 233, 233, 233], "Negator: Number of new negated instructions created, total (instcombine)": [136, 166, 166, 166, 166, 166, 166, 166, 166, 166, 166, 166, 166], "Negator: Number of new negated instructions created in successful negation sinking attempts (instcombine)": [121, 151, 151, 151, 151, 151, 151, 151, 151, 151, 151, 151, 151], "Negator: Number of negations successfully sinked (instcombine)": [106, 136, 136, 136, 136, 136, 136, 136, 136, 136, 136, 136, 136], "Number of geps reassociated and hoisted out of the loop (licm)": [396, 426, 426, 426, 426, 426, 426, 426, 426, 426, 426, 426, 426]}