{
    "knob_name": "attributor-max-specializations-per-call-base",
    "original_val": 4294967295,
    "y_min": 0,
    "y_max": 109.09202341306232,
    "knob_values": [
        0,
        214748365,
        429496725,
        858993455,
        1288490185,
        1717986915,
        2147483645,
        2576980375,
        3006477105,
        3435973835,
        3865470565,
        4080218930,
        4294967295
    ],
    "stats": [
        "compile-time (seconds)",
        "Number of insts scanned while updating ibt (ipt)"
    ],
    "stats_val": {
        "compile-time (seconds)": [
            109.09202341306232,
            100.77920958068236,
            62.934687892869576,
            46.408933599953706,
            40.22698844475561,
            45.588344801484695,
            48.38036055806279,
            33.52636263884943,
            22.88951506494826,
            21.160681443995415,
            18.89339350104215,
            11.945523358402756,
            0.0
        ],
        "Number of insts scanned while updating ibt (ipt)": [
            0.08928409340337431,
            0.10991350500304489,
            0.06601411711894588,
            0.16949124570289356,
            0.09951628155681093,
            0.11073868146703172,
            0.037132940879407064,
            0.030696564460309834,
            0.03944343497857017,
            0.0645287994837696,
            0.07377077588042202,
            0.05677214072229346,
            0.0
        ]
    }
}