{
    "knob_name": "epilogue-vectorization-minimum-VF",
    "original_val": 16,
    "y_min": -100.0,
    "y_max": 41.67179972853547,
    "knob_values": [
        6,
        8,
        10,
        12,
        14,
        16,
        18,
        20,
        22,
        24,
        26,
        48,
        192
    ],
    "stats": [
        "Number of insts combined (instcombine)",
        "Number of dead inst eliminated (instcombine)",
        "compile-time (seconds)",
        "bitcode-size (bytes)",
        "Negator: Total number of values visited during attempts to sink negation (instcombine)",
        "Negator: Number of negations attempted to be sinked (instcombine)",
        "Number of redundant instructions removed (instsimplify)",
        "Number of insts scanned while updating ibt (ipt)",
        "Number of instructions hoisted out of loop (licm)",
        "Number of loop exits with predictable exit counts (scalar-evolution)",
        "Number of MayAlias results (aa)",
        "Number of NoAlias results (aa)",
        "Number of pointers maybe captured (capture-tracking)",
        "Number of vector instructions generated (SLP)",
        "Number of MustAlias results (aa)",
        "Number of geps reassociated and hoisted out of the loop (licm)",
        "Number of epilogues vectorized (loop-vectorize)"
    ],
    "stats_val": {
        "Number of insts combined (instcombine)": [
            0.06434630008774495,
            0.06434630008774495,
            0.0,
            0.0,
            0.0,
            0.0,
            -0.07604562737642585,
            -0.07604562737642585,
            -0.07604562737642585,
            -0.07604562737642585,
            -0.07604562737642585,
            -0.07604562737642585,
            -0.07604562737642585
        ],
        "Number of dead inst eliminated (instcombine)": [
            0.03301492274508078,
            0.03301492274508078,
            0.0,
            0.0,
            0.0,
            0.0,
            -0.039617907294096935,
            -0.039617907294096935,
            -0.039617907294096935,
            -0.039617907294096935,
            -0.039617907294096935,
            -0.039617907294096935,
            -0.039617907294096935
        ],
        "compile-time (seconds)": [
            41.67179972853547,
            41.5887122840629,
            5.937232726446137,
            1.3730782130784014,
            -1.1786788102795112,
            0.0,
            5.13677967122523,
            -9.271123250985648,
            -15.9834188953345,
            -17.30638134253706,
            -23.196391544899637,
            -26.689982096666924,
            -32.3117311312623
        ],
        "bitcode-size (bytes)": [
            0.04761697892354077,
            0.04761697892354077,
            0.0,
            0.0,
            0.0,
            0.0,
            -0.04004485995098994,
            -0.04004485995098994,
            -0.04004485995098994,
            -0.04004485995098994,
            -0.04004485995098994,
            -0.04004485995098994,
            -0.04004485995098994
        ],
        "Negator: Total number of values visited during attempts to sink negation (instcombine)": [
            0.1603031186243078,
            0.1603031186243078,
            0.0,
            0.0,
            0.0,
            0.0,
            -0.33517924803264354,
            -0.33517924803264354,
            -0.33517924803264354,
            -0.33517924803264354,
            -0.33517924803264354,
            -0.33517924803264354,
            -0.33517924803264354
        ],
        "Negator: Number of negations attempted to be sinked (instcombine)": [
            0.17631972643727292,
            0.17631972643727292,
            0.0,
            0.0,
            0.0,
            0.0,
            -0.3686685189142979,
            -0.3686685189142979,
            -0.3686685189142979,
            -0.3686685189142979,
            -0.3686685189142979,
            -0.3686685189142979,
            -0.3686685189142979
        ],
        "Number of redundant instructions removed (instsimplify)": [
            0.5823358136525397,
            0.5823358136525397,
            0.0,
            0.0,
            0.0,
            0.0,
            0.0,
            0.0,
            0.0,
            0.0,
            0.0,
            0.0,
            0.0
        ],
        "Number of insts scanned while updating ibt (ipt)": [
            0.15367416460283803,
            0.14510006958207883,
            0.0008244322135345387,
            -0.03446126652574372,
            0.04534377174439963,
            0.0,
            -0.03380172075491609,
            -0.09167686214504071,
            -0.05457741253598647,
            -0.09382038590023051,
            -0.12152130827499101,
            -0.11871823874897358,
            -0.031987969885140105
        ],
        "Number of instructions hoisted out of loop (licm)": [
            0.34831069313827934,
            0.34831069313827934,
            0.0,
            0.0,
            0.0,
            0.0,
            -0.06966213862765587,
            -0.06966213862765587,
            -0.06966213862765587,
            -0.06966213862765587,
            -0.06966213862765587,
            -0.06966213862765587,
            -0.06966213862765587
        ],
        "Number of loop exits with predictable exit counts (scalar-evolution)": [
            0.11921319292668389,
            0.11921319292668389,
            0.0,
            0.0,
            0.0,
            0.0,
            -0.2682296840850387,
            -0.2682296840850387,
            -0.2682296840850387,
            -0.2682296840850387,
            -0.2682296840850387,
            -0.2682296840850387,
            -0.2682296840850387
        ],
        "Number of MayAlias results (aa)": [
            0.009110718000501089,
            0.009110718000501089,
            0.0,
            0.0,
            0.0,
            0.0,
            0.00607381200033406,
            0.00607381200033406,
            0.00607381200033406,
            0.00607381200033406,
            0.00607381200033406,
            0.00607381200033406,
            0.00607381200033406
        ],
        "Number of NoAlias results (aa)": [
            -0.01725567832205249,
            -0.01725567832205249,
            0.0,
            0.0,
            0.0,
            0.0,
            0.023007571096069986,
            0.023007571096069986,
            0.023007571096069986,
            0.023007571096069986,
            0.023007571096069986,
            0.023007571096069986,
            0.023007571096069986
        ],
        "Number of pointers maybe captured (capture-tracking)": [
            0.08339124391938846,
            0.08339124391938846,
            0.0,
            0.0,
            0.0,
            0.0,
            0.0,
            0.0,
            0.0,
            0.0,
            0.0,
            0.0,
            0.0
        ],
        "Number of vector instructions generated (SLP)": [
            -5.740432612312811,
            -5.740432612312811,
            0.0,
            0.0,
            0.0,
            0.0,
            0.0,
            0.0,
            0.0,
            0.0,
            0.0,
            0.0,
            0.0
        ],
        "Number of MustAlias results (aa)": [
            0.016972165648336725,
            0.016972165648336725,
            0.0,
            0.0,
            0.0,
            0.0,
            0.0,
            0.0,
            0.0,
            0.0,
            0.0,
            0.0,
            0.0
        ],