{
    "knob_name": "expand-div-rem-bits",
    "original_val": 8388608,
    "y_min": -0.043704852063198865,
    "y_max": 104.17530277834702,
    "knob_values": [
        0,
        419430,
        838859,
        1677720,
        2516581,
        3355442,
        4194303,
        5033164,
        5872025,
        6710886,
        7549747,
        7969178,
        8388608
    ],
    "stats": [
        "compile-time (seconds)",
        "Number of insts scanned while updating ibt (ipt)"
    ],
    "stats_val": {
        "compile-time (seconds)": [
            104.17530277834702,
            102.95141427422531,
            63.28712833097801,
            49.57085970835918,
            36.02005612192977,
            34.062637945284415,
            34.675584381464965,
            33.53978846499492,
            25.559901506493198,
            15.87171406878605,
            16.04112067967862,
            2.8778597499565977,
            0.0
        ],
        "Number of insts scanned while updating ibt (ipt)": [
            -0.043704852063198865,
            -0.04172576442260118,
            0.004123099251245176,
            0.08015304944420622,
            -0.008411122472540158,
            0.009565590262888808,
            0.043539928093149056,
            0.0913678794075931,
            -0.014678233334432828,
            0.06333080449912591,
            -0.011874525843586106,
            0.01781178876537916,
            0.0
        ]
    }
}