{
    "knob_name": "expand-fp-convert-bits",
    "original_val": 8388608,
    "y_min": -0.1245929305048321,
    "y_max": 110.63128978010172,
    "knob_values": [
        0,
        419430,
        838859,
        1677720,
        2516581,
        3355442,
        4194303,
        5033164,
        5872025,
        6710886,
        7549747,
        7969178,
        8388608
    ],
    "stats": [
        "compile-time (seconds)",
        "Number of insts scanned while updating ibt (ipt)"
    ],
    "stats_val": {
        "compile-time (seconds)": [
            97.30127223231169,
            110.63128978010172,
            56.12137848251351,
            44.26630365793252,
            34.59629249285612,
            38.765741468113525,
            40.02930959459904,
            38.253032315338196,
            18.781332041405545,
            13.244975116357708,
            12.466454729423166,
            5.58841929569736,
            0.0
        ],
        "Number of insts scanned while updating ibt (ipt)": [
            0.0016480546363073028,
            -0.07350323677930572,
            -0.07993064986090419,
            -0.06707582369770722,
            -0.05504502485266391,
            -0.053396970216356615,
            0.024885625008240275,
            -0.1245929305048321,
            -0.047793584452911785,
            -0.02982978891716218,
            -0.10778277321449761,
            -0.033290703653407513,
            0.0
        ]
    }
}