{
    "knob_name": "max-jump-table-size",
    "original_val": 4294967295,
    "y_min": -0.07798305805698534,
    "y_max": 122.27020312557657,
    "knob_values": [
        0,
        214748365,
        429496725,
        858993455,
        1288490185,
        1717986915,
        2147483645,
        2576980375,
        3006477105,
        3435973835,
        3865470565,
        4080218930,
        4294967295
    ],
    "stats": [
        "compile-time (seconds)",
        "Number of insts scanned while updating ibt (ipt)"
    ],
    "stats_val": {
        "compile-time (seconds)": [
            122.27020312557657,
            107.78663849681898,
            53.00005989394726,
            43.657517016872106,
            41.69665195678308,
            47.4311636647167,
            48.319908899429315,
            31.685424617533535,
            21.154224098895604,
            23.359568669922464,
            17.82124778969204,
            8.741287599472448,
            0.0
        ],
        "Number of insts scanned while updating ibt (ipt)": [
            -0.0753451533446983,
            0.08177504608089795,
            -0.011375964071737818,
            -0.07798305805698534,
            -0.017476118718901576,
            -0.04665793959857685,
            0.004121726112948485,
            0.05325270137929443,
            -0.0514391418895971,
            0.025060094766726788,
            0.09315101015263576,
            -0.04599846342050509,
            0.0
        ]
    }
}