{
    "knob_name": "max-depth",
    "original_val": 6,
    "y_min": -31.171640350175732,
    "y_max": 43.6873348063149,
    "knob_values": [
        1,
        2,
        3,
        4,
        5,
        6,
        7,
        8,
        9,
        10,
        11,
        18,
        72
    ],
    "stats": [
        "Number of insts combined (instcombine)",
        "Number of dead inst eliminated (instcombine)",
        "compile-time (seconds)",
        "bitcode-size (bytes)",
        "Number of insts scanned while updating ibt (ipt)",
        "Number of insts reassociated (reassociate)"
    ],
    "stats_val": {
        "Number of insts combined (instcombine)": [
            -0.002437359851808521,
            0.0,
            0.0,
            0.0,
            0.0,
            0.0,
            0.0,
            0.0,
            0.0,
            0.0,
            0.0,
            0.0,
            0.0
        ],
        "Number of dead inst eliminated (instcombine)": [
            -0.022009948496720517,
            0.0,
            0.0,
            0.0,
            0.0,
            0.0,
            0.0,
            0.0,
            0.0,
            0.0,
            0.0,
            0.0,
            0.0
        ],
        "compile-time (seconds)": [
            36.82968148723466,
            43.6873348063149,
            4.080365372615778,
            -5.279090700234237,
            -1.6953788867617843,
            0.0,
            -6.143192375499293,
            -12.466317447869303,
            -23.005276927089753,
            -25.9908834966193,
            -24.985228981937368,
            -31.171640350175732,
            -29.45885073230291
        ],
        "bitcode-size (bytes)": [
            4.853922418301812e-05,
            0.0,
            0.0,
            0.0,
            0.0,
            0.0,
            0.0,
            0.0,
            0.0,
            0.0,
            0.0,
            0.0,
            0.0
        ],
        "Number of insts scanned while updating ibt (ipt)": [
            0.011548715782804952,
            -0.0046194863131219805,
            -0.032336404191853865,
            0.027716917878731883,
            0.05741361560594462,
            0.0,
            0.11994166248713142,
            -0.06071324868674603,
            0.08612042340891693,
            0.07011720296703006,
            0.08001610220943431,
            0.08282079032811551,
            0.011383734128764882
        ],
        "Number of insts reassociated (reassociate)": [
            0.04267303917384996,
            0.0,
            0.0,
            0.0,
            0.0,
            0.0,
            0.0,
            0.0,
            0.0,
            0.0,
            0.0,
            0.0,
            0.0
        ]
    }
}