{
    "knob_name": "scalar-evolution-max-iterations",
    "original_val": 100,
    "y_min": -29.33779861578445,
    "y_max": 53.59921273155186,
    "knob_values": [
        50,
        60,
        70,
        80,
        90,
        100,
        110,
        120,
        130,
        140,
        150,
        300,
        1200
    ],
    "stats": [
        "compile-time (seconds)",
        "Number of insts scanned while updating ibt (ipt)",
        "Number of loop exits with predictable exit counts (scalar-evolution)",
        "Number of loop exits without predictable exit counts (scalar-evolution)",
        "Number of loops with trip counts computed by force (scalar-evolution)"
    ],
    "stats_val": {
        "compile-time (seconds)": [
            53.59921273155186,
            49.4630288188167,
            15.135828146230404,
            8.740184523853616,
            1.3518544928019118,
            0.0,
            5.91040176489194,
            -8.505345318650274,
            -14.367278040580006,
            -17.725407030769034,
            -17.65110067953183,
            -26.557294957937188,
            -29.33779861578445
        ],
        "Number of insts scanned while updating ibt (ipt)": [
            0.028865503249430935,
            -0.028205720318015375,
            -0.004948371985616732,
            0.03084485204367763,
            -0.014020387292580741,
            0.0,
            0.039257084419226075,
            0.018144030613928018,
            0.03447365816646323,
            0.030020123379408174,
            0.012700821429749614,
            0.0077524494441328804,
            -0.01715435621680467
        ],
        "Number of loop exits with predictable exit counts (scalar-evolution)": [
            0.0,
            0.0,
            0.0,
            0.0,
            0.0,
            0.0,
            0.0,
            0.0,
            0.0,
            0.09934432743890324,
            0.09934432743890324,
            0.09934432743890324,
            0.09934432743890324
        ],
        "Number of loop exits without predictable exit counts (scalar-evolution)": [
            0.0,
            0.0,
            0.0,
            0.0,
            0.0,
            0.0,
            0.0,
            0.0,
            0.0,
            -0.04954910316123278,
            -0.04954910316123278,
            -0.04954910316123278,
            -0.04954910316123278
        ],
        "Number of loops with trip counts computed by force (scalar-evolution)": [
            0.0,
            0.0,
            0.0,
            0.0,
            0.0,
            0.0,
            0.0,
            0.0,
            0.0,
            23.25581395348837,
            23.25581395348837,
            23.25581395348837,
            23.25581395348837
        ]
    }
}