{
    "knob_name": "scalar-evolution-max-value-compare-depth",
    "original_val": 2,
    "y_min": -38.989487456197764,
    "y_max": 29.401020591881217,
    "knob_values": [
        0,
        1,
        2,
        3,
        4,
        5,
        6,
        7,
        8,
        9,
        10,
        12,
        30
    ],
    "stats": [
        "Number of insts combined (instcombine)",
        "Number of blocks simplified (simplifycfg)",
        "compile-time (seconds)",
        "Number of instructions sunk (instcombine)",
        "Number of insts scanned while updating ibt (ipt)",
        "Number of insts reassociated (reassociate)",
        "Number of MayAlias results (aa)",
        "Number of fully cached non-local ptr responses (memdep)",
        "Number of uncached non-local ptr responses (memdep)"
    ],
    "stats_val": {
        "Number of insts combined (instcombine)": [
            -0.00048747197036170425,
            -0.00048747197036170425,
            0.0,
            -0.0014624159110851126,
            -0.0014624159110851126,
            -0.0014624159110851126,
            -0.0014624159110851126,
            -0.0014624159110851126,
            -0.0014624159110851126,
            -0.0014624159110851126,
            -0.0014624159110851126,
            -0.0014624159110851126,
            -0.0014624159110851126
        ],
        "Number of blocks simplified (simplifycfg)": [
            0.025045618805681777,
            0.0,
            0.0,
            0.0,
            0.0,
            0.0,
            0.0,
            0.0,
            0.0,
            0.0,
            0.0,
            0.0,
            0.0
        ],
        "compile-time (seconds)": [
            23.24410703991728,
            29.401020591881217,
            0.0,
            -5.710223326254759,
            -10.923904042151907,
            -12.506697501118346,
            -5.6328011130506725,
            -15.6438318166055,
            -20.752428843456794,
            -24.052366619946408,
            -29.35434727917423,
            -34.31772848168565,
            -38.989487456197764
        ],
        "Number of instructions sunk (instcombine)": [
            -0.08602150537634409,
            0.0,
            0.0,
            0.0,
            0.0,
            0.0,
            0.0,
            0.0,
            0.0,
            0.0,
            0.0,
            0.0,
            0.0
        ],
        "Number of insts scanned while updating ibt (ipt)": [
            -0.0044515229154507415,
            -0.03825012282905822,
            0.0,
            0.08424919295538255,
            -0.041217804772692046,
            0.0028028107245430594,
            0.07369743493357339,
            -0.04204216086814589,
            -0.019949417509982952,
            0.002143325848179987,
            -0.005111007791813815,
            -0.05556160083358888,
            -0.06199157837812884
        ],
        "Number of insts reassociated (reassociate)": [
            -0.06827686267815994,
            0.0,
            0.0,
            0.0,
            0.0,
            0.0,
            0.0,
            0.0,
            0.0,
            0.0,
            0.0,
            0.0,
            0.0
        ],
        "Number of MayAlias results (aa)": [
            0.0045553590002505445,
            0.0,
            0.0,
            0.0,
            0.0,
            0.0,
            0.0,
            0.0,
            0.0,
            0.0,
            0.0,
            0.0,
            0.0
        ],
        "Number of fully cached non-local ptr responses (memdep)": [
            -0.0007810933745056331,
            0.0,
            0.0,
            0.0,
            0.0,
            0.0,
            0.0,
            0.0,
            0.0,
            0.0,
            0.0,
            0.0,
            0.0
        ],
        "Number of uncached non-local ptr responses (memdep)": [
            -0.002244996464130569,
            0.0,
            0.0,
            0.0,
            0.0,
            0.0,
            0.0,
            0.0,
            0.0,
            0.0,
            0.0,
            0.0,
            0.0
        ]
    }
}