{
    "knob_name": "small-loop-cost",
    "original_val": 20,
    "y_min": -27.6508239808541,
    "y_max": 48.630296305389656,
    "knob_values": [
        10,
        12,
        14,
        16,
        18,
        20,
        22,
        24,
        26,
        28,
        30,
        60,
        240
    ],
    "stats": [
        "Number of insts combined (instcombine)",
        "Number of dead inst eliminated (instcombine)",
        "compile-time (seconds)",
        "bitcode-size (bytes)",
        "Negator: Total number of values visited during attempts to sink negation (instcombine)",
        "Negator: Number of negations attempted to be sinked (instcombine)",
        "Number of reassociations (instcombine)",
        "Number of insts scanned while updating ibt (ipt)",
        "Number of instructions hoisted out of loop (licm)",
        "Number of loop exits with predictable exit counts (scalar-evolution)",
        "Number of MayAlias results (aa)",
        "Number of NoAlias results (aa)",
        "Number of pointers maybe captured (capture-tracking)",
        "Number of geps reassociated and hoisted out of the loop (licm)"
    ],
    "stats_val": {
        "Number of insts combined (instcombine)": [
            -0.03217315004387247,
            -0.02047382275519158,
            -0.008774495466510676,
            0.0,
            0.0,
            0.0,
            0.061421468265574736,
            0.07165837964317052,
            0.07165837964317052,
            0.07897045919859608,
            0.07897045919859608,
            0.26323486399532026,
            0.4036267914594911
        ],
        "Number of dead inst eliminated (instcombine)": [
            -0.08583879913721001,
            -0.052823876392129245,
            -0.013205969098032311,
            0.0,
            0.0,
            0.0,
            0.019808953647048468,
            0.06602984549016155,
            0.06602984549016155,
            0.08583879913721001,
            0.08583879913721001,
            0.5722586609147335,
            0.7109213364440727
        ],
        "compile-time (seconds)": [
            47.14232038300983,
            48.630296305389656,
            14.650200470336708,
            -0.7505593329970212,
            -1.042671507281818,
            0.0,
            4.891407423526176,
            -6.474286978691025,
            -10.03147984003566,
            -16.209355309016242,
            -17.52166937449104,
            -27.6508239808541,
            -27.334816194387855
        ],
        "bitcode-size (bytes)": [
            -0.006431447204249901,
            -0.004441339012746157,
            -0.002426961209150906,
            0.0,
            0.0,
            0.0,
            0.010387393975165877,
            0.010508742035623422,
            0.010508742035623422,
            0.012280423718303584,
            0.012280423718303584,
            0.026696573300659963,
            0.07006637010818666
        ],
        "Negator: Total number of values visited during attempts to sink negation (instcombine)": [
            0.0,
            0.0,
            0.0,
            0.0,
            0.0,
            0.0,
            0.0,
            0.0,
            0.0,
            0.0,
            0.0,
            0.0,
            0.08743806470416789
        ],
        "Negator: Number of negations attempted to be sinked (instcombine)": [
            0.0,
            0.0,
            0.0,
            0.0,
            0.0,
            0.0,
            0.0,
            0.0,
            0.0,
            0.0,
            0.0,
            0.0,
            0.09617439623851251
        ],
        "Number of reassociations (instcombine)": [
            0.0,
            0.0,
            0.0,
            0.0,
            0.0,
            0.0,
            0.0,
            0.0,
            0.0,
            0.0,
            0.0,
            1.550387596899225,
            1.550387596899225
        ],
        "Number of insts scanned while updating ibt (ipt)": [
            -0.011051181816682337,
            0.0796674748874264,
            0.05740016824187244,
            -0.012700611938575222,
            0.0,
            0.0,
            0.06845135005855477,
            0.09764626321605885,
            0.07125538126577267,
            0.12007851287380211,
            0.13244923878799875,
            0.17665396605472808,
            0.33038085341514506
        ],
        "Number of instructions hoisted out of loop (licm)": [
            0.0,
            0.0,
            0.0,
            0.0,
            0.0,
            0.0,
            0.0,
            -0.06966213862765587,
            -0.06966213862765587,
            -0.034831069313827935,
            -0.034831069313827935,
            -0.2786485545106235,
            0.06966213862765587
        ],
        "Number of loop exits with predictable exit counts (scalar-evolution)": [
            -0.029803298231670973,
            -0.029803298231670973,
            -0.029803298231670973,
            0.0,
            0.0,
            0.0,
            0.0,
            0.0,
            0.0,
            0.029803298231670973,
            0.029803298231670973,
            0.08940989469501291,
            0.17881978939002582
        ],
        "Number of MayAlias results (aa)": [
            -0.02960983350162854,
            -0.02049911550112745,
            -0.011388397500626361,
            0.0,
            0.0,
            0.0,
            0.036442872002004356,
            0.0356836455019626,
            0.0356836455019626,
            0.04023900450221315,
            0.04023900450221315,
            0.10856938950597132,
            0.19512121051073167
        ],
        "Number of NoAlias results (aa)": [
            -0.0008025896893977902,
            -0.0008025896893977902,
            -0.0008025896893977902,
            0.0,
            0.0,
            0.0,
            0.024077690681933706,
            0.01886085770084807,
            0.01886085770084807,
            0.01886085770084807,
            0.01886085770084807,
            0.01886085770084807,
            0.01886085770084807
        ],
        "Number of pointers maybe captured (capture-tracking)": [
            0.0,
            0.0,
            0.0,
            0.0,
            0.0,
            0.0,
            0.0,
            -0.01389854065323141,
            -0.01389854065323141,
            -0.01389854065323141,
            -0.01389854065323141,
            -0.01389854065323141,
            -0.01389854065323141
        ],
        "Number of geps reassociated and hoisted out of the loop (licm)": [
            0.0,
            0.0,
            0.0,
            0.0,
            0.0,
            0.0,
            0.0,
            -1.4084507042253522,
            -1.4084507042253522,
            -0.7042253521126761,
            -0.7042253521126761,
            -5.633802816901409,
            -2.8169014084507045
        ]
    }
}