{"bonus-inst-threshold": {"0": 0.02247613733333333, "1": 0.020652678333333334, "2": 0.023508429666666667, "3": 0.021293028333333335, "4": 0.025108849833333335, "5": 0.022970116, "6": 0.024762385166666668, "7": 0.026195696166666668, "8": 0.023992023666666668, "9": 0.025216107833333334, "10": 0.02160796816666667, "11": 0.02665590716666667, "20": 0.024794453499999997}}