{"bonus-inst-threshold": {"0": 0.060026094599999996, "1": 0.040298030275, "2": 0.04104317659666667, "3": 0.041078559103333336, "4": 0.04129796452666667, "5": 0.04150481482833333, "6": 0.04116361701166667, "7": 0.04139555476, "8": 0.041497477788333334, "9": 0.04121119254333333, "10": 0.041390651980000005, "11": 0.041163827783333336, "20": 0.04142538334333333}}